Copyright 1986-2022 Xilinx, Inc. All Rights Reserved. Copyright 2022-2025 Advanced Micro Devices, Inc. All Rights Reserved.
------------------------------------------------------------------------------------------------------------------------------------------------------------------------------------------------------------------------------------------------------------
| Tool Version : Vivado v.2025.2 (win64) Build 6299465 Fri Nov 14 19:35:11 GMT 2025
| Date         : Tue Sep 29 13:48:42 2026
| Host         : SaY-PC running 64-bit major release  (build 9200)
| Command      : report_timing_summary -max_paths 10 -routable_nets -report_unconstrained -file design_1_wrapper_timing_summary_routed.rpt -pb design_1_wrapper_timing_summary_routed.pb -rpx design_1_wrapper_timing_summary_routed.rpx -warn_on_violation
| Design       : design_1_wrapper
| Device       : 7z020-clg484
| Speed File   : -1  PRODUCTION 1.12 2019-11-22
| Design State : Routed
------------------------------------------------------------------------------------------------------------------------------------------------------------------------------------------------------------------------------------------------------------

Timing Summary Report

------------------------------------------------------------------------------------------------
| Timer Settings
| --------------
------------------------------------------------------------------------------------------------

  Enable Multi Corner Analysis               :  Yes
  Enable Pessimism Removal                   :  Yes
  Pessimism Removal Resolution               :  Nearest Common Node
  Enable Input Delay Default Clock           :  No
  Enable Preset / Clear Arcs                 :  No
  Disable Flight Delays                      :  No
  Ignore I/O Paths                           :  No
  Timing Early Launch at Borrowing Latches   :  No
  Borrow Time for Max Delay Exceptions       :  Yes
  Merge Timing Exceptions                    :  Yes
  Inter-SLR Compensation                     :  Conservative

  Corner  Analyze    Analyze    
  Name    Max Paths  Min Paths  
  ------  ---------  ---------  
  Slow    Yes        Yes        
  Fast    Yes        Yes        


------------------------------------------------------------------------------------------------
| Report Methodology
| ------------------
------------------------------------------------------------------------------------------------

Rule     Severity  Description                   Violations  
-------  --------  ----------------------------  ----------  
LUTAR-1  Warning   LUT drives async reset alert  3           

Note: This report is based on the most recent report_methodology run and may not be up-to-date. Run report_methodology on the current design for the latest report.



check_timing report

Table of Contents
-----------------
1. checking no_clock (0)
2. checking constant_clock (0)
3. checking pulse_width_clock (0)
4. checking unconstrained_internal_endpoints (0)
5. checking no_input_delay (0)
6. checking no_output_delay (0)
7. checking multiple_clock (0)
8. checking generated_clocks (0)
9. checking loops (0)
10. checking partial_input_delay (0)
11. checking partial_output_delay (0)
12. checking latch_loops (0)

1. checking no_clock (0)
------------------------
 There are 0 register/latch pins with no clock.


2. checking constant_clock (0)
------------------------------
 There are 0 register/latch pins with constant_clock.


3. checking pulse_width_clock (0)
---------------------------------
 There are 0 register/latch pins which need pulse_width check


4. checking unconstrained_internal_endpoints (0)
------------------------------------------------
 There are 0 pins that are not constrained for maximum delay.

 There are 0 pins that are not constrained for maximum delay due to constant clock.


5. checking no_input_delay (0)
------------------------------
 There are 0 input ports with no input delay specified.

 There are 0 input ports with no input delay but user has a false path constraint.


6. checking no_output_delay (0)
-------------------------------
 There are 0 ports with no output delay specified.

 There are 0 ports with no output delay but user has a false path constraint

 There are 0 ports with no output delay but with a timing clock defined on it or propagating through it


7. checking multiple_clock (0)
------------------------------
 There are 0 register/latch pins with multiple clocks.


8. checking generated_clocks (0)
--------------------------------
 There are 0 generated clocks that are not connected to a clock source.


9. checking loops (0)
---------------------
 There are 0 combinational loops in the design.


10. checking partial_input_delay (0)
------------------------------------
 There are 0 input ports with partial input delay specified.


11. checking partial_output_delay (0)
-------------------------------------
 There are 0 ports with partial output delay specified.


12. checking latch_loops (0)
----------------------------
 There are 0 combinational latch loops in the design through latch input



------------------------------------------------------------------------------------------------
| Design Timing Summary
| ---------------------
------------------------------------------------------------------------------------------------

    WNS(ns)      TNS(ns)  TNS Failing Endpoints  TNS Total Endpoints      WHS(ns)      THS(ns)  THS Failing Endpoints  THS Total Endpoints     WPWS(ns)     TPWS(ns)  TPWS Failing Endpoints  TPWS Total Endpoints  
    -------      -------  ---------------------  -------------------      -------      -------  ---------------------  -------------------     --------     --------  ----------------------  --------------------  
      1.695        0.000                      0                10537        0.027        0.000                      0                10537        3.750        0.000                       0                  4148  


All user specified timing constraints are met.


------------------------------------------------------------------------------------------------
| Clock Summary
| -------------
------------------------------------------------------------------------------------------------

Clock       Waveform(ns)       Period(ns)      Frequency(MHz)
-----       ------------       ----------      --------------
clk_fpga_0  {0.000 5.000}      10.000          100.000         


------------------------------------------------------------------------------------------------
| Intra Clock Table
| -----------------
------------------------------------------------------------------------------------------------

Clock             WNS(ns)      TNS(ns)  TNS Failing Endpoints  TNS Total Endpoints      WHS(ns)      THS(ns)  THS Failing Endpoints  THS Total Endpoints     WPWS(ns)     TPWS(ns)  TPWS Failing Endpoints  TPWS Total Endpoints  
-----             -------      -------  ---------------------  -------------------      -------      -------  ---------------------  -------------------     --------     --------  ----------------------  --------------------  
clk_fpga_0          1.695        0.000                      0                10441        0.027        0.000                      0                10441        3.750        0.000                       0                  4148  


------------------------------------------------------------------------------------------------
| Inter Clock Table
| -----------------
------------------------------------------------------------------------------------------------

From Clock    To Clock          WNS(ns)      TNS(ns)  TNS Failing Endpoints  TNS Total Endpoints      WHS(ns)      THS(ns)  THS Failing Endpoints  THS Total Endpoints  
----------    --------          -------      -------  ---------------------  -------------------      -------      -------  ---------------------  -------------------  


------------------------------------------------------------------------------------------------
| Other Path Groups Table
| -----------------------
------------------------------------------------------------------------------------------------

Path Group         From Clock         To Clock               WNS(ns)      TNS(ns)  TNS Failing Endpoints  TNS Total Endpoints      WHS(ns)      THS(ns)  THS Failing Endpoints  THS Total Endpoints  
----------         ----------         --------               -------      -------  ---------------------  -------------------      -------      -------  ---------------------  -------------------  
**async_default**  clk_fpga_0         clk_fpga_0               6.457        0.000                      0                   96        0.563        0.000                      0                   96  


------------------------------------------------------------------------------------------------
| User Ignored Path Table
| -----------------------
------------------------------------------------------------------------------------------------

Path Group    From Clock    To Clock    
----------    ----------    --------    
(none)                      clk_fpga_0    
(none)        clk_fpga_0    clk_fpga_0    


------------------------------------------------------------------------------------------------
| Unconstrained Path Table
| ------------------------
------------------------------------------------------------------------------------------------

Path Group    From Clock    To Clock    
----------    ----------    --------    


------------------------------------------------------------------------------------------------
| Timing Details
| --------------
------------------------------------------------------------------------------------------------


---------------------------------------------------------------------------------------------------
From Clock:  clk_fpga_0
  To Clock:  clk_fpga_0

Setup :            0  Failing Endpoints,  Worst Slack        1.695ns,  Total Violation        0.000ns
Hold  :            0  Failing Endpoints,  Worst Slack        0.027ns,  Total Violation        0.000ns
PW    :            0  Failing Endpoints,  Worst Slack        3.750ns,  Total Violation        0.000ns
---------------------------------------------------------------------------------------------------


Max Delay Paths
--------------------------------------------------------------------------------------
Slack (MET) :             1.695ns  (required time - arrival time)
  Source:                 design_1_i/afdm_mod_top_0/inst/grp_afdm_mod_fu_136/grp_afdm_mod_Pipeline_stages_butterflies_fu_72/k_reg_1508_pp0_iter6_reg_reg[3]__0/C
                            (rising edge-triggered cell FDRE clocked by clk_fpga_0  {rise@0.000ns fall@5.000ns period=10.000ns})
  Destination:            design_1_i/afdm_mod_top_0/inst/grp_afdm_mod_fu_136/grp_afdm_mod_Pipeline_stages_butterflies_fu_72/mul_ln22_1_reg_1608_reg/A[1]
                            (rising edge-triggered cell DSP48E1 clocked by clk_fpga_0  {rise@0.000ns fall@5.000ns period=10.000ns})
  Path Group:             clk_fpga_0
  Path Type:              Setup (Max at Slow Process Corner)
  Requirement:            10.000ns  (clk_fpga_0 rise@10.000ns - clk_fpga_0 rise@0.000ns)
  Data Path Delay:        7.619ns  (logic 2.598ns (34.100%)  route 5.021ns (65.900%))
  Logic Levels:           7  (CARRY4=2 LUT2=2 LUT3=1 LUT6=2)
  Clock Path Skew:        0.032ns (DCD - SCD + CPR)
    Destination Clock Delay (DCD):    2.836ns = ( 12.836 - 10.000 ) 
    Source Clock Delay      (SCD):    3.034ns
    Clock Pessimism Removal (CPR):    0.230ns
  Clock Uncertainty:      0.154ns  ((TSJ^2 + TIJ^2)^1/2 + DJ) / 2 + PE
    Total System Jitter     (TSJ):    0.071ns
    Total Input Jitter      (TIJ):    0.300ns
    Discrete Jitter          (DJ):    0.000ns
    Phase Error              (PE):    0.000ns

    Location             Delay type                Incr(ns)  Path(ns)    Netlist Resource(s)
  -------------------------------------------------------------------    -------------------
                         (clock clk_fpga_0 rise edge)
                                                      0.000     0.000 r  
    PS7_X0Y0             PS7                          0.000     0.000 r  design_1_i/processing_system7_0/inst/PS7_i/FCLKCLK[0]
                         net (fo=1, routed)           1.193     1.193    design_1_i/processing_system7_0/inst/FCLK_CLK_unbuffered[0]
    BUFGCTRL_X0Y16       BUFG (Prop_bufg_I_O)         0.101     1.294 r  design_1_i/processing_system7_0/inst/buffer_fclk_clk_0.FCLK_CLK_0_BUFG/O
                         net (fo=4149, routed)        1.740     3.034    design_1_i/afdm_mod_top_0/inst/grp_afdm_mod_fu_136/grp_afdm_mod_Pipeline_stages_butterflies_fu_72/ap_clk
    SLICE_X30Y34         FDRE                                         r  design_1_i/afdm_mod_top_0/inst/grp_afdm_mod_fu_136/grp_afdm_mod_Pipeline_stages_butterflies_fu_72/k_reg_1508_pp0_iter6_reg_reg[3]__0/C
  -------------------------------------------------------------------    -------------------
    SLICE_X30Y34         FDRE (Prop_fdre_C_Q)         0.518     3.552 f  design_1_i/afdm_mod_top_0/inst/grp_afdm_mod_fu_136/grp_afdm_mod_Pipeline_stages_butterflies_fu_72/k_reg_1508_pp0_iter6_reg_reg[3]__0/Q
                         net (fo=14, routed)          0.957     4.509    design_1_i/afdm_mod_top_0/inst/grp_afdm_mod_fu_136/grp_afdm_mod_Pipeline_stages_butterflies_fu_72/TW256_INV_im_U/k_reg_1508_pp0_iter6_reg[3]
    SLICE_X32Y34         LUT2 (Prop_lut2_I0_O)        0.152     4.661 r  design_1_i/afdm_mod_top_0/inst/grp_afdm_mod_fu_136/grp_afdm_mod_Pipeline_stages_butterflies_fu_72/TW256_INV_im_U/tmp_product__0_carry__0_i_12/O
                         net (fo=2, routed)           0.658     5.319    design_1_i/afdm_mod_top_0/inst/grp_afdm_mod_fu_136/grp_afdm_mod_Pipeline_stages_butterflies_fu_72/TW256_INV_im_U/tmp_product__0_carry__0_i_12_n_3
    SLICE_X31Y34         LUT6 (Prop_lut6_I3_O)        0.348     5.667 r  design_1_i/afdm_mod_top_0/inst/grp_afdm_mod_fu_136/grp_afdm_mod_Pipeline_stages_butterflies_fu_72/TW256_INV_im_U/tmp_product__0_carry__0_i_5/O
                         net (fo=1, routed)           0.000     5.667    design_1_i/afdm_mod_top_0/inst/grp_afdm_mod_fu_136/grp_afdm_mod_Pipeline_stages_butterflies_fu_72/mul_7s_7s_7_1_1_U26/S[0]
    SLICE_X31Y34         CARRY4 (Prop_carry4_S[0]_O[0])
                                                      0.247     5.914 r  design_1_i/afdm_mod_top_0/inst/grp_afdm_mod_fu_136/grp_afdm_mod_Pipeline_stages_butterflies_fu_72/mul_7s_7s_7_1_1_U26/tmp_product__0_carry__0/O[0]
                         net (fo=2, routed)           0.445     6.359    design_1_i/afdm_mod_top_0/inst/grp_afdm_mod_fu_136/grp_afdm_mod_Pipeline_stages_butterflies_fu_72/mul_7s_7s_7_1_1_U26/tmp_product__0_carry__0_n_10
    SLICE_X28Y33         LUT2 (Prop_lut2_I0_O)        0.299     6.658 r  design_1_i/afdm_mod_top_0/inst/grp_afdm_mod_fu_136/grp_afdm_mod_Pipeline_stages_butterflies_fu_72/mul_7s_7s_7_1_1_U26/tmp_product__28_carry_i_3/O
                         net (fo=1, routed)           0.000     6.658    design_1_i/afdm_mod_top_0/inst/grp_afdm_mod_fu_136/grp_afdm_mod_Pipeline_stages_butterflies_fu_72/mul_7s_7s_7_1_1_U26/tmp_product__28_carry_i_3_n_3
    SLICE_X28Y33         CARRY4 (Prop_carry4_S[1]_O[2])
                                                      0.580     7.238 r  design_1_i/afdm_mod_top_0/inst/grp_afdm_mod_fu_136/grp_afdm_mod_Pipeline_stages_butterflies_fu_72/mul_7s_7s_7_1_1_U26/tmp_product__28_carry/O[2]
                         net (fo=44, routed)          1.421     8.659    design_1_i/afdm_mod_top_0/inst/grp_afdm_mod_fu_136/grp_afdm_mod_Pipeline_stages_butterflies_fu_72/mul_7s_7s_7_1_1_U26/zext_ln69_3_fu_379_p1[5]
    SLICE_X23Y22         LUT6 (Prop_lut6_I0_O)        0.302     8.961 r  design_1_i/afdm_mod_top_0/inst/grp_afdm_mod_fu_136/grp_afdm_mod_Pipeline_stages_butterflies_fu_72/mul_7s_7s_7_1_1_U26/q0[1]_i_2__0/O
                         net (fo=1, routed)           0.846     9.806    design_1_i/afdm_mod_top_0/inst/grp_afdm_mod_fu_136/grp_afdm_mod_Pipeline_stages_butterflies_fu_72/mul_7s_7s_7_1_1_U26/q0[1]_i_2__0_n_3
    SLICE_X23Y22         LUT3 (Prop_lut3_I2_O)        0.152     9.958 r  design_1_i/afdm_mod_top_0/inst/grp_afdm_mod_fu_136/grp_afdm_mod_Pipeline_stages_butterflies_fu_72/mul_7s_7s_7_1_1_U26/q0[1]_i_1__0/O
                         net (fo=2, routed)           0.695    10.653    design_1_i/afdm_mod_top_0/inst/grp_afdm_mod_fu_136/grp_afdm_mod_Pipeline_stages_butterflies_fu_72/mul_7s_7s_7_1_1_U26_n_32
    DSP48_X1Y8           DSP48E1                                      r  design_1_i/afdm_mod_top_0/inst/grp_afdm_mod_fu_136/grp_afdm_mod_Pipeline_stages_butterflies_fu_72/mul_ln22_1_reg_1608_reg/A[1]
  -------------------------------------------------------------------    -------------------

                         (clock clk_fpga_0 rise edge)
                                                     10.000    10.000 r  
    PS7_X0Y0             PS7                          0.000    10.000 r  design_1_i/processing_system7_0/inst/PS7_i/FCLKCLK[0]
                         net (fo=1, routed)           1.088    11.088    design_1_i/processing_system7_0/inst/FCLK_CLK_unbuffered[0]
    BUFGCTRL_X0Y16       BUFG (Prop_bufg_I_O)         0.091    11.179 r  design_1_i/processing_system7_0/inst/buffer_fclk_clk_0.FCLK_CLK_0_BUFG/O
                         net (fo=4149, routed)        1.657    12.836    design_1_i/afdm_mod_top_0/inst/grp_afdm_mod_fu_136/grp_afdm_mod_Pipeline_stages_butterflies_fu_72/ap_clk
    DSP48_X1Y8           DSP48E1                                      r  design_1_i/afdm_mod_top_0/inst/grp_afdm_mod_fu_136/grp_afdm_mod_Pipeline_stages_butterflies_fu_72/mul_ln22_1_reg_1608_reg/CLK
                         clock pessimism              0.230    13.066    
                         clock uncertainty           -0.154    12.911    
    DSP48_X1Y8           DSP48E1 (Setup_dsp48e1_CLK_A[1])
                                                     -0.564    12.347    design_1_i/afdm_mod_top_0/inst/grp_afdm_mod_fu_136/grp_afdm_mod_Pipeline_stages_butterflies_fu_72/mul_ln22_1_reg_1608_reg
  -------------------------------------------------------------------
                         required time                         12.347    
                         arrival time                         -10.653    
  -------------------------------------------------------------------
                         slack                                  1.695    

Slack (MET) :             1.777ns  (required time - arrival time)
  Source:                 design_1_i/afdm_mod_top_0/inst/grp_afdm_mod_fu_136/grp_afdm_mod_Pipeline_stages_butterflies_fu_72/k_reg_1508_pp0_iter6_reg_reg[3]__0/C
                            (rising edge-triggered cell FDRE clocked by clk_fpga_0  {rise@0.000ns fall@5.000ns period=10.000ns})
  Destination:            design_1_i/afdm_mod_top_0/inst/grp_afdm_mod_fu_136/grp_afdm_mod_Pipeline_stages_butterflies_fu_72/mul_ln22_1_reg_1608_reg/A[3]
                            (rising edge-triggered cell DSP48E1 clocked by clk_fpga_0  {rise@0.000ns fall@5.000ns period=10.000ns})
  Path Group:             clk_fpga_0
  Path Type:              Setup (Max at Slow Process Corner)
  Requirement:            10.000ns  (clk_fpga_0 rise@10.000ns - clk_fpga_0 rise@0.000ns)
  Data Path Delay:        7.523ns  (logic 2.596ns (34.509%)  route 4.927ns (65.491%))
  Logic Levels:           7  (CARRY4=2 LUT2=2 LUT3=1 LUT6=2)
  Clock Path Skew:        0.032ns (DCD - SCD + CPR)
    Destination Clock Delay (DCD):    2.836ns = ( 12.836 - 10.000 ) 
    Source Clock Delay      (SCD):    3.034ns
    Clock Pessimism Removal (CPR):    0.230ns
  Clock Uncertainty:      0.154ns  ((TSJ^2 + TIJ^2)^1/2 + DJ) / 2 + PE
    Total System Jitter     (TSJ):    0.071ns
    Total Input Jitter      (TIJ):    0.300ns
    Discrete Jitter          (DJ):    0.000ns
    Phase Error              (PE):    0.000ns

    Location             Delay type                Incr(ns)  Path(ns)    Netlist Resource(s)
  -------------------------------------------------------------------    -------------------
                         (clock clk_fpga_0 rise edge)
                                                      0.000     0.000 r  
    PS7_X0Y0             PS7                          0.000     0.000 r  design_1_i/processing_system7_0/inst/PS7_i/FCLKCLK[0]
                         net (fo=1, routed)           1.193     1.193    design_1_i/processing_system7_0/inst/FCLK_CLK_unbuffered[0]
    BUFGCTRL_X0Y16       BUFG (Prop_bufg_I_O)         0.101     1.294 r  design_1_i/processing_system7_0/inst/buffer_fclk_clk_0.FCLK_CLK_0_BUFG/O
                         net (fo=4149, routed)        1.740     3.034    design_1_i/afdm_mod_top_0/inst/grp_afdm_mod_fu_136/grp_afdm_mod_Pipeline_stages_butterflies_fu_72/ap_clk
    SLICE_X30Y34         FDRE                                         r  design_1_i/afdm_mod_top_0/inst/grp_afdm_mod_fu_136/grp_afdm_mod_Pipeline_stages_butterflies_fu_72/k_reg_1508_pp0_iter6_reg_reg[3]__0/C
  -------------------------------------------------------------------    -------------------
    SLICE_X30Y34         FDRE (Prop_fdre_C_Q)         0.518     3.552 f  design_1_i/afdm_mod_top_0/inst/grp_afdm_mod_fu_136/grp_afdm_mod_Pipeline_stages_butterflies_fu_72/k_reg_1508_pp0_iter6_reg_reg[3]__0/Q
                         net (fo=14, routed)          0.957     4.509    design_1_i/afdm_mod_top_0/inst/grp_afdm_mod_fu_136/grp_afdm_mod_Pipeline_stages_butterflies_fu_72/TW256_INV_im_U/k_reg_1508_pp0_iter6_reg[3]
    SLICE_X32Y34         LUT2 (Prop_lut2_I0_O)        0.152     4.661 r  design_1_i/afdm_mod_top_0/inst/grp_afdm_mod_fu_136/grp_afdm_mod_Pipeline_stages_butterflies_fu_72/TW256_INV_im_U/tmp_product__0_carry__0_i_12/O
                         net (fo=2, routed)           0.658     5.319    design_1_i/afdm_mod_top_0/inst/grp_afdm_mod_fu_136/grp_afdm_mod_Pipeline_stages_butterflies_fu_72/TW256_INV_im_U/tmp_product__0_carry__0_i_12_n_3
    SLICE_X31Y34         LUT6 (Prop_lut6_I3_O)        0.348     5.667 r  design_1_i/afdm_mod_top_0/inst/grp_afdm_mod_fu_136/grp_afdm_mod_Pipeline_stages_butterflies_fu_72/TW256_INV_im_U/tmp_product__0_carry__0_i_5/O
                         net (fo=1, routed)           0.000     5.667    design_1_i/afdm_mod_top_0/inst/grp_afdm_mod_fu_136/grp_afdm_mod_Pipeline_stages_butterflies_fu_72/mul_7s_7s_7_1_1_U26/S[0]
    SLICE_X31Y34         CARRY4 (Prop_carry4_S[0]_O[0])
                                                      0.247     5.914 r  design_1_i/afdm_mod_top_0/inst/grp_afdm_mod_fu_136/grp_afdm_mod_Pipeline_stages_butterflies_fu_72/mul_7s_7s_7_1_1_U26/tmp_product__0_carry__0/O[0]
                         net (fo=2, routed)           0.445     6.359    design_1_i/afdm_mod_top_0/inst/grp_afdm_mod_fu_136/grp_afdm_mod_Pipeline_stages_butterflies_fu_72/mul_7s_7s_7_1_1_U26/tmp_product__0_carry__0_n_10
    SLICE_X28Y33         LUT2 (Prop_lut2_I0_O)        0.299     6.658 r  design_1_i/afdm_mod_top_0/inst/grp_afdm_mod_fu_136/grp_afdm_mod_Pipeline_stages_butterflies_fu_72/mul_7s_7s_7_1_1_U26/tmp_product__28_carry_i_3/O
                         net (fo=1, routed)           0.000     6.658    design_1_i/afdm_mod_top_0/inst/grp_afdm_mod_fu_136/grp_afdm_mod_Pipeline_stages_butterflies_fu_72/mul_7s_7s_7_1_1_U26/tmp_product__28_carry_i_3_n_3
    SLICE_X28Y33         CARRY4 (Prop_carry4_S[1]_O[2])
                                                      0.580     7.238 r  design_1_i/afdm_mod_top_0/inst/grp_afdm_mod_fu_136/grp_afdm_mod_Pipeline_stages_butterflies_fu_72/mul_7s_7s_7_1_1_U26/tmp_product__28_carry/O[2]
                         net (fo=44, routed)          1.413     8.651    design_1_i/afdm_mod_top_0/inst/grp_afdm_mod_fu_136/grp_afdm_mod_Pipeline_stages_butterflies_fu_72/mul_7s_7s_7_1_1_U26/zext_ln69_3_fu_379_p1[5]
    SLICE_X22Y23         LUT6 (Prop_lut6_I0_O)        0.302     8.953 r  design_1_i/afdm_mod_top_0/inst/grp_afdm_mod_fu_136/grp_afdm_mod_Pipeline_stages_butterflies_fu_72/mul_7s_7s_7_1_1_U26/q0[3]_i_3/O
                         net (fo=2, routed)           0.680     9.633    design_1_i/afdm_mod_top_0/inst/grp_afdm_mod_fu_136/grp_afdm_mod_Pipeline_stages_butterflies_fu_72/mul_7s_7s_7_1_1_U26/q0[3]_i_3_n_3
    SLICE_X22Y23         LUT3 (Prop_lut3_I0_O)        0.150     9.783 r  design_1_i/afdm_mod_top_0/inst/grp_afdm_mod_fu_136/grp_afdm_mod_Pipeline_stages_butterflies_fu_72/mul_7s_7s_7_1_1_U26/q0[3]_i_1__0/O
                         net (fo=2, routed)           0.774    10.557    design_1_i/afdm_mod_top_0/inst/grp_afdm_mod_fu_136/grp_afdm_mod_Pipeline_stages_butterflies_fu_72/mul_7s_7s_7_1_1_U26_n_30
    DSP48_X1Y8           DSP48E1                                      r  design_1_i/afdm_mod_top_0/inst/grp_afdm_mod_fu_136/grp_afdm_mod_Pipeline_stages_butterflies_fu_72/mul_ln22_1_reg_1608_reg/A[3]
  -------------------------------------------------------------------    -------------------

                         (clock clk_fpga_0 rise edge)
                                                     10.000    10.000 r  
    PS7_X0Y0             PS7                          0.000    10.000 r  design_1_i/processing_system7_0/inst/PS7_i/FCLKCLK[0]
                         net (fo=1, routed)           1.088    11.088    design_1_i/processing_system7_0/inst/FCLK_CLK_unbuffered[0]
    BUFGCTRL_X0Y16       BUFG (Prop_bufg_I_O)         0.091    11.179 r  design_1_i/processing_system7_0/inst/buffer_fclk_clk_0.FCLK_CLK_0_BUFG/O
                         net (fo=4149, routed)        1.657    12.836    design_1_i/afdm_mod_top_0/inst/grp_afdm_mod_fu_136/grp_afdm_mod_Pipeline_stages_butterflies_fu_72/ap_clk
    DSP48_X1Y8           DSP48E1                                      r  design_1_i/afdm_mod_top_0/inst/grp_afdm_mod_fu_136/grp_afdm_mod_Pipeline_stages_butterflies_fu_72/mul_ln22_1_reg_1608_reg/CLK
                         clock pessimism              0.230    13.066    
                         clock uncertainty           -0.154    12.911    
    DSP48_X1Y8           DSP48E1 (Setup_dsp48e1_CLK_A[3])
                                                     -0.578    12.333    design_1_i/afdm_mod_top_0/inst/grp_afdm_mod_fu_136/grp_afdm_mod_Pipeline_stages_butterflies_fu_72/mul_ln22_1_reg_1608_reg
  -------------------------------------------------------------------
                         required time                         12.333    
                         arrival time                         -10.557    
  -------------------------------------------------------------------
                         slack                                  1.777    

Slack (MET) :             1.819ns  (required time - arrival time)
  Source:                 design_1_i/afdm_mod_top_0/inst/grp_afdm_mod_fu_136/grp_afdm_mod_Pipeline_stages_butterflies_fu_72/k_reg_1508_pp0_iter6_reg_reg[3]__0/C
                            (rising edge-triggered cell FDRE clocked by clk_fpga_0  {rise@0.000ns fall@5.000ns period=10.000ns})
  Destination:            design_1_i/afdm_mod_top_0/inst/grp_afdm_mod_fu_136/grp_afdm_mod_Pipeline_stages_butterflies_fu_72/mul_ln22_1_reg_1608_reg/A[7]
                            (rising edge-triggered cell DSP48E1 clocked by clk_fpga_0  {rise@0.000ns fall@5.000ns period=10.000ns})
  Path Group:             clk_fpga_0
  Path Type:              Setup (Max at Slow Process Corner)
  Requirement:            10.000ns  (clk_fpga_0 rise@10.000ns - clk_fpga_0 rise@0.000ns)
  Data Path Delay:        7.495ns  (logic 2.598ns (34.665%)  route 4.897ns (65.335%))
  Logic Levels:           7  (CARRY4=2 LUT2=2 LUT3=1 LUT6=2)
  Clock Path Skew:        0.032ns (DCD - SCD + CPR)
    Destination Clock Delay (DCD):    2.836ns = ( 12.836 - 10.000 ) 
    Source Clock Delay      (SCD):    3.034ns
    Clock Pessimism Removal (CPR):    0.230ns
  Clock Uncertainty:      0.154ns  ((TSJ^2 + TIJ^2)^1/2 + DJ) / 2 + PE
    Total System Jitter     (TSJ):    0.071ns
    Total Input Jitter      (TIJ):    0.300ns
    Discrete Jitter          (DJ):    0.000ns
    Phase Error              (PE):    0.000ns

    Location             Delay type                Incr(ns)  Path(ns)    Netlist Resource(s)
  -------------------------------------------------------------------    -------------------
                         (clock clk_fpga_0 rise edge)
                                                      0.000     0.000 r  
    PS7_X0Y0             PS7                          0.000     0.000 r  design_1_i/processing_system7_0/inst/PS7_i/FCLKCLK[0]
                         net (fo=1, routed)           1.193     1.193    design_1_i/processing_system7_0/inst/FCLK_CLK_unbuffered[0]
    BUFGCTRL_X0Y16       BUFG (Prop_bufg_I_O)         0.101     1.294 r  design_1_i/processing_system7_0/inst/buffer_fclk_clk_0.FCLK_CLK_0_BUFG/O
                         net (fo=4149, routed)        1.740     3.034    design_1_i/afdm_mod_top_0/inst/grp_afdm_mod_fu_136/grp_afdm_mod_Pipeline_stages_butterflies_fu_72/ap_clk
    SLICE_X30Y34         FDRE                                         r  design_1_i/afdm_mod_top_0/inst/grp_afdm_mod_fu_136/grp_afdm_mod_Pipeline_stages_butterflies_fu_72/k_reg_1508_pp0_iter6_reg_reg[3]__0/C
  -------------------------------------------------------------------    -------------------
    SLICE_X30Y34         FDRE (Prop_fdre_C_Q)         0.518     3.552 f  design_1_i/afdm_mod_top_0/inst/grp_afdm_mod_fu_136/grp_afdm_mod_Pipeline_stages_butterflies_fu_72/k_reg_1508_pp0_iter6_reg_reg[3]__0/Q
                         net (fo=14, routed)          0.957     4.509    design_1_i/afdm_mod_top_0/inst/grp_afdm_mod_fu_136/grp_afdm_mod_Pipeline_stages_butterflies_fu_72/TW256_INV_im_U/k_reg_1508_pp0_iter6_reg[3]
    SLICE_X32Y34         LUT2 (Prop_lut2_I0_O)        0.152     4.661 r  design_1_i/afdm_mod_top_0/inst/grp_afdm_mod_fu_136/grp_afdm_mod_Pipeline_stages_butterflies_fu_72/TW256_INV_im_U/tmp_product__0_carry__0_i_12/O
                         net (fo=2, routed)           0.658     5.319    design_1_i/afdm_mod_top_0/inst/grp_afdm_mod_fu_136/grp_afdm_mod_Pipeline_stages_butterflies_fu_72/TW256_INV_im_U/tmp_product__0_carry__0_i_12_n_3
    SLICE_X31Y34         LUT6 (Prop_lut6_I3_O)        0.348     5.667 r  design_1_i/afdm_mod_top_0/inst/grp_afdm_mod_fu_136/grp_afdm_mod_Pipeline_stages_butterflies_fu_72/TW256_INV_im_U/tmp_product__0_carry__0_i_5/O
                         net (fo=1, routed)           0.000     5.667    design_1_i/afdm_mod_top_0/inst/grp_afdm_mod_fu_136/grp_afdm_mod_Pipeline_stages_butterflies_fu_72/mul_7s_7s_7_1_1_U26/S[0]
    SLICE_X31Y34         CARRY4 (Prop_carry4_S[0]_O[0])
                                                      0.247     5.914 r  design_1_i/afdm_mod_top_0/inst/grp_afdm_mod_fu_136/grp_afdm_mod_Pipeline_stages_butterflies_fu_72/mul_7s_7s_7_1_1_U26/tmp_product__0_carry__0/O[0]
                         net (fo=2, routed)           0.445     6.359    design_1_i/afdm_mod_top_0/inst/grp_afdm_mod_fu_136/grp_afdm_mod_Pipeline_stages_butterflies_fu_72/mul_7s_7s_7_1_1_U26/tmp_product__0_carry__0_n_10
    SLICE_X28Y33         LUT2 (Prop_lut2_I0_O)        0.299     6.658 r  design_1_i/afdm_mod_top_0/inst/grp_afdm_mod_fu_136/grp_afdm_mod_Pipeline_stages_butterflies_fu_72/mul_7s_7s_7_1_1_U26/tmp_product__28_carry_i_3/O
                         net (fo=1, routed)           0.000     6.658    design_1_i/afdm_mod_top_0/inst/grp_afdm_mod_fu_136/grp_afdm_mod_Pipeline_stages_butterflies_fu_72/mul_7s_7s_7_1_1_U26/tmp_product__28_carry_i_3_n_3
    SLICE_X28Y33         CARRY4 (Prop_carry4_S[1]_O[2])
                                                      0.580     7.238 r  design_1_i/afdm_mod_top_0/inst/grp_afdm_mod_fu_136/grp_afdm_mod_Pipeline_stages_butterflies_fu_72/mul_7s_7s_7_1_1_U26/tmp_product__28_carry/O[2]
                         net (fo=44, routed)          1.262     8.500    design_1_i/afdm_mod_top_0/inst/grp_afdm_mod_fu_136/grp_afdm_mod_Pipeline_stages_butterflies_fu_72/mul_7s_7s_7_1_1_U26/zext_ln69_3_fu_379_p1[5]
    SLICE_X24Y24         LUT6 (Prop_lut6_I0_O)        0.302     8.802 r  design_1_i/afdm_mod_top_0/inst/grp_afdm_mod_fu_136/grp_afdm_mod_Pipeline_stages_butterflies_fu_72/mul_7s_7s_7_1_1_U26/q0[7]_i_3/O
                         net (fo=2, routed)           0.674     9.476    design_1_i/afdm_mod_top_0/inst/grp_afdm_mod_fu_136/grp_afdm_mod_Pipeline_stages_butterflies_fu_72/mul_7s_7s_7_1_1_U26/q0[7]_i_3_n_3
    SLICE_X24Y24         LUT3 (Prop_lut3_I0_O)        0.152     9.628 r  design_1_i/afdm_mod_top_0/inst/grp_afdm_mod_fu_136/grp_afdm_mod_Pipeline_stages_butterflies_fu_72/mul_7s_7s_7_1_1_U26/q0[7]_i_1__0/O
                         net (fo=2, routed)           0.900    10.529    design_1_i/afdm_mod_top_0/inst/grp_afdm_mod_fu_136/grp_afdm_mod_Pipeline_stages_butterflies_fu_72/mul_7s_7s_7_1_1_U26_n_26
    DSP48_X1Y8           DSP48E1                                      r  design_1_i/afdm_mod_top_0/inst/grp_afdm_mod_fu_136/grp_afdm_mod_Pipeline_stages_butterflies_fu_72/mul_ln22_1_reg_1608_reg/A[7]
  -------------------------------------------------------------------    -------------------

                         (clock clk_fpga_0 rise edge)
                                                     10.000    10.000 r  
    PS7_X0Y0             PS7                          0.000    10.000 r  design_1_i/processing_system7_0/inst/PS7_i/FCLKCLK[0]
                         net (fo=1, routed)           1.088    11.088    design_1_i/processing_system7_0/inst/FCLK_CLK_unbuffered[0]
    BUFGCTRL_X0Y16       BUFG (Prop_bufg_I_O)         0.091    11.179 r  design_1_i/processing_system7_0/inst/buffer_fclk_clk_0.FCLK_CLK_0_BUFG/O
                         net (fo=4149, routed)        1.657    12.836    design_1_i/afdm_mod_top_0/inst/grp_afdm_mod_fu_136/grp_afdm_mod_Pipeline_stages_butterflies_fu_72/ap_clk
    DSP48_X1Y8           DSP48E1                                      r  design_1_i/afdm_mod_top_0/inst/grp_afdm_mod_fu_136/grp_afdm_mod_Pipeline_stages_butterflies_fu_72/mul_ln22_1_reg_1608_reg/CLK
                         clock pessimism              0.230    13.066    
                         clock uncertainty           -0.154    12.911    
    DSP48_X1Y8           DSP48E1 (Setup_dsp48e1_CLK_A[7])
                                                     -0.564    12.347    design_1_i/afdm_mod_top_0/inst/grp_afdm_mod_fu_136/grp_afdm_mod_Pipeline_stages_butterflies_fu_72/mul_ln22_1_reg_1608_reg
  -------------------------------------------------------------------
                         required time                         12.347    
                         arrival time                         -10.529    
  -------------------------------------------------------------------
                         slack                                  1.819    

Slack (MET) :             1.904ns  (required time - arrival time)
  Source:                 design_1_i/afdm_mod_top_0/inst/grp_afdm_mod_fu_136/grp_afdm_mod_Pipeline_stages_butterflies_fu_72/k_reg_1508_pp0_iter6_reg_reg[3]__0/C
                            (rising edge-triggered cell FDRE clocked by clk_fpga_0  {rise@0.000ns fall@5.000ns period=10.000ns})
  Destination:            design_1_i/afdm_mod_top_0/inst/grp_afdm_mod_fu_136/grp_afdm_mod_Pipeline_stages_butterflies_fu_72/mul_ln22_1_reg_1608_reg/A[4]
                            (rising edge-triggered cell DSP48E1 clocked by clk_fpga_0  {rise@0.000ns fall@5.000ns period=10.000ns})
  Path Group:             clk_fpga_0
  Path Type:              Setup (Max at Slow Process Corner)
  Requirement:            10.000ns  (clk_fpga_0 rise@10.000ns - clk_fpga_0 rise@0.000ns)
  Data Path Delay:        7.410ns  (logic 2.598ns (35.062%)  route 4.812ns (64.938%))
  Logic Levels:           7  (CARRY4=2 LUT2=2 LUT3=1 LUT6=2)
  Clock Path Skew:        0.032ns (DCD - SCD + CPR)
    Destination Clock Delay (DCD):    2.836ns = ( 12.836 - 10.000 ) 
    Source Clock Delay      (SCD):    3.034ns
    Clock Pessimism Removal (CPR):    0.230ns
  Clock Uncertainty:      0.154ns  ((TSJ^2 + TIJ^2)^1/2 + DJ) / 2 + PE
    Total System Jitter     (TSJ):    0.071ns
    Total Input Jitter      (TIJ):    0.300ns
    Discrete Jitter          (DJ):    0.000ns
    Phase Error              (PE):    0.000ns

    Location             Delay type                Incr(ns)  Path(ns)    Netlist Resource(s)
  -------------------------------------------------------------------    -------------------
                         (clock clk_fpga_0 rise edge)
                                                      0.000     0.000 r  
    PS7_X0Y0             PS7                          0.000     0.000 r  design_1_i/processing_system7_0/inst/PS7_i/FCLKCLK[0]
                         net (fo=1, routed)           1.193     1.193    design_1_i/processing_system7_0/inst/FCLK_CLK_unbuffered[0]
    BUFGCTRL_X0Y16       BUFG (Prop_bufg_I_O)         0.101     1.294 r  design_1_i/processing_system7_0/inst/buffer_fclk_clk_0.FCLK_CLK_0_BUFG/O
                         net (fo=4149, routed)        1.740     3.034    design_1_i/afdm_mod_top_0/inst/grp_afdm_mod_fu_136/grp_afdm_mod_Pipeline_stages_butterflies_fu_72/ap_clk
    SLICE_X30Y34         FDRE                                         r  design_1_i/afdm_mod_top_0/inst/grp_afdm_mod_fu_136/grp_afdm_mod_Pipeline_stages_butterflies_fu_72/k_reg_1508_pp0_iter6_reg_reg[3]__0/C
  -------------------------------------------------------------------    -------------------
    SLICE_X30Y34         FDRE (Prop_fdre_C_Q)         0.518     3.552 f  design_1_i/afdm_mod_top_0/inst/grp_afdm_mod_fu_136/grp_afdm_mod_Pipeline_stages_butterflies_fu_72/k_reg_1508_pp0_iter6_reg_reg[3]__0/Q
                         net (fo=14, routed)          0.957     4.509    design_1_i/afdm_mod_top_0/inst/grp_afdm_mod_fu_136/grp_afdm_mod_Pipeline_stages_butterflies_fu_72/TW256_INV_im_U/k_reg_1508_pp0_iter6_reg[3]
    SLICE_X32Y34         LUT2 (Prop_lut2_I0_O)        0.152     4.661 r  design_1_i/afdm_mod_top_0/inst/grp_afdm_mod_fu_136/grp_afdm_mod_Pipeline_stages_butterflies_fu_72/TW256_INV_im_U/tmp_product__0_carry__0_i_12/O
                         net (fo=2, routed)           0.658     5.319    design_1_i/afdm_mod_top_0/inst/grp_afdm_mod_fu_136/grp_afdm_mod_Pipeline_stages_butterflies_fu_72/TW256_INV_im_U/tmp_product__0_carry__0_i_12_n_3
    SLICE_X31Y34         LUT6 (Prop_lut6_I3_O)        0.348     5.667 r  design_1_i/afdm_mod_top_0/inst/grp_afdm_mod_fu_136/grp_afdm_mod_Pipeline_stages_butterflies_fu_72/TW256_INV_im_U/tmp_product__0_carry__0_i_5/O
                         net (fo=1, routed)           0.000     5.667    design_1_i/afdm_mod_top_0/inst/grp_afdm_mod_fu_136/grp_afdm_mod_Pipeline_stages_butterflies_fu_72/mul_7s_7s_7_1_1_U26/S[0]
    SLICE_X31Y34         CARRY4 (Prop_carry4_S[0]_O[0])
                                                      0.247     5.914 r  design_1_i/afdm_mod_top_0/inst/grp_afdm_mod_fu_136/grp_afdm_mod_Pipeline_stages_butterflies_fu_72/mul_7s_7s_7_1_1_U26/tmp_product__0_carry__0/O[0]
                         net (fo=2, routed)           0.445     6.359    design_1_i/afdm_mod_top_0/inst/grp_afdm_mod_fu_136/grp_afdm_mod_Pipeline_stages_butterflies_fu_72/mul_7s_7s_7_1_1_U26/tmp_product__0_carry__0_n_10
    SLICE_X28Y33         LUT2 (Prop_lut2_I0_O)        0.299     6.658 r  design_1_i/afdm_mod_top_0/inst/grp_afdm_mod_fu_136/grp_afdm_mod_Pipeline_stages_butterflies_fu_72/mul_7s_7s_7_1_1_U26/tmp_product__28_carry_i_3/O
                         net (fo=1, routed)           0.000     6.658    design_1_i/afdm_mod_top_0/inst/grp_afdm_mod_fu_136/grp_afdm_mod_Pipeline_stages_butterflies_fu_72/mul_7s_7s_7_1_1_U26/tmp_product__28_carry_i_3_n_3
    SLICE_X28Y33         CARRY4 (Prop_carry4_S[1]_O[2])
                                                      0.580     7.238 r  design_1_i/afdm_mod_top_0/inst/grp_afdm_mod_fu_136/grp_afdm_mod_Pipeline_stages_butterflies_fu_72/mul_7s_7s_7_1_1_U26/tmp_product__28_carry/O[2]
                         net (fo=44, routed)          1.114     8.352    design_1_i/afdm_mod_top_0/inst/grp_afdm_mod_fu_136/grp_afdm_mod_Pipeline_stages_butterflies_fu_72/mul_7s_7s_7_1_1_U26/zext_ln69_3_fu_379_p1[5]
    SLICE_X23Y25         LUT6 (Prop_lut6_I0_O)        0.302     8.654 r  design_1_i/afdm_mod_top_0/inst/grp_afdm_mod_fu_136/grp_afdm_mod_Pipeline_stages_butterflies_fu_72/mul_7s_7s_7_1_1_U26/q0[4]_i_2__0/O
                         net (fo=1, routed)           0.846     9.499    design_1_i/afdm_mod_top_0/inst/grp_afdm_mod_fu_136/grp_afdm_mod_Pipeline_stages_butterflies_fu_72/mul_7s_7s_7_1_1_U26/q0[4]_i_2__0_n_3
    SLICE_X23Y25         LUT3 (Prop_lut3_I2_O)        0.152     9.651 r  design_1_i/afdm_mod_top_0/inst/grp_afdm_mod_fu_136/grp_afdm_mod_Pipeline_stages_butterflies_fu_72/mul_7s_7s_7_1_1_U26/q0[4]_i_1__0/O
                         net (fo=2, routed)           0.792    10.444    design_1_i/afdm_mod_top_0/inst/grp_afdm_mod_fu_136/grp_afdm_mod_Pipeline_stages_butterflies_fu_72/mul_7s_7s_7_1_1_U26_n_29
    DSP48_X1Y8           DSP48E1                                      r  design_1_i/afdm_mod_top_0/inst/grp_afdm_mod_fu_136/grp_afdm_mod_Pipeline_stages_butterflies_fu_72/mul_ln22_1_reg_1608_reg/A[4]
  -------------------------------------------------------------------    -------------------

                         (clock clk_fpga_0 rise edge)
                                                     10.000    10.000 r  
    PS7_X0Y0             PS7                          0.000    10.000 r  design_1_i/processing_system7_0/inst/PS7_i/FCLKCLK[0]
                         net (fo=1, routed)           1.088    11.088    design_1_i/processing_system7_0/inst/FCLK_CLK_unbuffered[0]
    BUFGCTRL_X0Y16       BUFG (Prop_bufg_I_O)         0.091    11.179 r  design_1_i/processing_system7_0/inst/buffer_fclk_clk_0.FCLK_CLK_0_BUFG/O
                         net (fo=4149, routed)        1.657    12.836    design_1_i/afdm_mod_top_0/inst/grp_afdm_mod_fu_136/grp_afdm_mod_Pipeline_stages_butterflies_fu_72/ap_clk
    DSP48_X1Y8           DSP48E1                                      r  design_1_i/afdm_mod_top_0/inst/grp_afdm_mod_fu_136/grp_afdm_mod_Pipeline_stages_butterflies_fu_72/mul_ln22_1_reg_1608_reg/CLK
                         clock pessimism              0.230    13.066    
                         clock uncertainty           -0.154    12.911    
    DSP48_X1Y8           DSP48E1 (Setup_dsp48e1_CLK_A[4])
                                                     -0.564    12.347    design_1_i/afdm_mod_top_0/inst/grp_afdm_mod_fu_136/grp_afdm_mod_Pipeline_stages_butterflies_fu_72/mul_ln22_1_reg_1608_reg
  -------------------------------------------------------------------
                         required time                         12.347    
                         arrival time                         -10.444    
  -------------------------------------------------------------------
                         slack                                  1.904    

Slack (MET) :             1.904ns  (required time - arrival time)
  Source:                 design_1_i/processing_system7_0/inst/PS7_i/SAXIHP0ACLK
                            (rising edge-triggered cell PS7 clocked by clk_fpga_0  {rise@0.000ns fall@5.000ns period=10.000ns})
  Destination:            design_1_i/afdm_mod_top_0/inst/gmem_m_axi_U/bus_write/wreq_throttle/fifo_burst_gen[0].fifo_req/raddr_reg[0]/CE
                            (rising edge-triggered cell FDRE clocked by clk_fpga_0  {rise@0.000ns fall@5.000ns period=10.000ns})
  Path Group:             clk_fpga_0
  Path Type:              Setup (Max at Slow Process Corner)
  Requirement:            10.000ns  (clk_fpga_0 rise@10.000ns - clk_fpga_0 rise@0.000ns)
  Data Path Delay:        7.301ns  (logic 2.250ns (30.819%)  route 5.051ns (69.181%))
  Logic Levels:           6  (LUT3=2 LUT4=1 LUT5=1 LUT6=2)
  Clock Path Skew:        -0.228ns (DCD - SCD + CPR)
    Destination Clock Delay (DCD):    2.657ns = ( 12.657 - 10.000 ) 
    Source Clock Delay      (SCD):    3.114ns
    Clock Pessimism Removal (CPR):    0.229ns
  Clock Uncertainty:      0.154ns  ((TSJ^2 + TIJ^2)^1/2 + DJ) / 2 + PE
    Total System Jitter     (TSJ):    0.071ns
    Total Input Jitter      (TIJ):    0.300ns
    Discrete Jitter          (DJ):    0.000ns
    Phase Error              (PE):    0.000ns

    Location             Delay type                Incr(ns)  Path(ns)    Netlist Resource(s)
  -------------------------------------------------------------------    -------------------
                         (clock clk_fpga_0 rise edge)
                                                      0.000     0.000 r  
    PS7_X0Y0             PS7                          0.000     0.000 r  design_1_i/processing_system7_0/inst/PS7_i/FCLKCLK[0]
                         net (fo=1, routed)           1.193     1.193    design_1_i/processing_system7_0/inst/FCLK_CLK_unbuffered[0]
    BUFGCTRL_X0Y16       BUFG (Prop_bufg_I_O)         0.101     1.294 r  design_1_i/processing_system7_0/inst/buffer_fclk_clk_0.FCLK_CLK_0_BUFG/O
                         net (fo=4149, routed)        1.820     3.114    design_1_i/processing_system7_0/inst/S_AXI_HP0_ACLK
    PS7_X0Y0             PS7                                          r  design_1_i/processing_system7_0/inst/PS7_i/SAXIHP0ACLK
  -------------------------------------------------------------------    -------------------
    PS7_X0Y0             PS7 (Prop_ps7_SAXIHP0ACLK_SAXIHP0WREADY)
                                                      1.277     4.391 r  design_1_i/processing_system7_0/inst/PS7_i/SAXIHP0WREADY
                         net (fo=15, routed)          0.948     5.339    design_1_i/axi_mem_intercon/s00_couplers/auto_us/inst/gen_upsizer.gen_full_upsizer.axi_upsizer_inst/USE_WRITE.write_addr_inst/GEN_CMD_QUEUE.cmd_queue/m_axi_wready
    SLICE_X29Y51         LUT3 (Prop_lut3_I1_O)        0.124     5.463 r  design_1_i/axi_mem_intercon/s00_couplers/auto_us/inst/gen_upsizer.gen_full_upsizer.axi_upsizer_inst/USE_WRITE.write_addr_inst/GEN_CMD_QUEUE.cmd_queue/s_axi_wready_INST_0/O
                         net (fo=5, routed)           1.097     6.560    design_1_i/axi_mem_intercon/s00_couplers/auto_pc/inst/gen_axi4_axi3.axi3_conv_inst/USE_WRITE.write_addr_inst/USE_BURSTS.cmd_queue/inst/m_axi_wready
    SLICE_X40Y51         LUT3 (Prop_lut3_I2_O)        0.152     6.712 r  design_1_i/axi_mem_intercon/s00_couplers/auto_pc/inst/gen_axi4_axi3.axi3_conv_inst/USE_WRITE.write_addr_inst/USE_BURSTS.cmd_queue/inst/s_axi_wready_INST_0/O
                         net (fo=9, routed)           0.373     7.085    design_1_i/afdm_mod_top_0/inst/gmem_m_axi_U/bus_write/wreq_throttle/rs_req/m_axi_gmem_WREADY
    SLICE_X40Y52         LUT6 (Prop_lut6_I1_O)        0.332     7.417 r  design_1_i/afdm_mod_top_0/inst/gmem_m_axi_U/bus_write/wreq_throttle/rs_req/num_beat_cnt[7]_i_2/O
                         net (fo=20, routed)          0.616     8.033    design_1_i/afdm_mod_top_0/inst/gmem_m_axi_U/bus_write/wreq_throttle/rs_burst/dout_vld_reg_0
    SLICE_X45Y53         LUT6 (Prop_lut6_I4_O)        0.124     8.157 r  design_1_i/afdm_mod_top_0/inst/gmem_m_axi_U/bus_write/wreq_throttle/rs_burst/FSM_sequential_state[1]_i_2/O
                         net (fo=13, routed)          0.706     8.862    design_1_i/afdm_mod_top_0/inst/gmem_m_axi_U/bus_write/wreq_throttle/rs_burst/p_6_in
    SLICE_X44Y57         LUT4 (Prop_lut4_I0_O)        0.124     8.986 r  design_1_i/afdm_mod_top_0/inst/gmem_m_axi_U/bus_write/wreq_throttle/rs_burst/dout[63]_i_1/O
                         net (fo=38, routed)          0.693     9.680    design_1_i/afdm_mod_top_0/inst/gmem_m_axi_U/bus_write/wreq_throttle/fifo_burst_gen[0].fifo_req/pop
    SLICE_X43Y58         LUT5 (Prop_lut5_I4_O)        0.117     9.797 r  design_1_i/afdm_mod_top_0/inst/gmem_m_axi_U/bus_write/wreq_throttle/fifo_burst_gen[0].fifo_req/raddr[3]_i_1__2/O
                         net (fo=4, routed)           0.618    10.415    design_1_i/afdm_mod_top_0/inst/gmem_m_axi_U/bus_write/wreq_throttle/fifo_burst_gen[0].fifo_req/raddr[3]_i_1__2_n_3
    SLICE_X43Y58         FDRE                                         r  design_1_i/afdm_mod_top_0/inst/gmem_m_axi_U/bus_write/wreq_throttle/fifo_burst_gen[0].fifo_req/raddr_reg[0]/CE
  -------------------------------------------------------------------    -------------------

                         (clock clk_fpga_0 rise edge)
                                                     10.000    10.000 r  
    PS7_X0Y0             PS7                          0.000    10.000 r  design_1_i/processing_system7_0/inst/PS7_i/FCLKCLK[0]
                         net (fo=1, routed)           1.088    11.088    design_1_i/processing_system7_0/inst/FCLK_CLK_unbuffered[0]
    BUFGCTRL_X0Y16       BUFG (Prop_bufg_I_O)         0.091    11.179 r  design_1_i/processing_system7_0/inst/buffer_fclk_clk_0.FCLK_CLK_0_BUFG/O
                         net (fo=4149, routed)        1.478    12.657    design_1_i/afdm_mod_top_0/inst/gmem_m_axi_U/bus_write/wreq_throttle/fifo_burst_gen[0].fifo_req/ap_clk
    SLICE_X43Y58         FDRE                                         r  design_1_i/afdm_mod_top_0/inst/gmem_m_axi_U/bus_write/wreq_throttle/fifo_burst_gen[0].fifo_req/raddr_reg[0]/C
                         clock pessimism              0.229    12.886    
                         clock uncertainty           -0.154    12.732    
    SLICE_X43Y58         FDRE (Setup_fdre_C_CE)      -0.413    12.319    design_1_i/afdm_mod_top_0/inst/gmem_m_axi_U/bus_write/wreq_throttle/fifo_burst_gen[0].fifo_req/raddr_reg[0]
  -------------------------------------------------------------------
                         required time                         12.319    
                         arrival time                         -10.415    
  -------------------------------------------------------------------
                         slack                                  1.904    

Slack (MET) :             1.904ns  (required time - arrival time)
  Source:                 design_1_i/processing_system7_0/inst/PS7_i/SAXIHP0ACLK
                            (rising edge-triggered cell PS7 clocked by clk_fpga_0  {rise@0.000ns fall@5.000ns period=10.000ns})
  Destination:            design_1_i/afdm_mod_top_0/inst/gmem_m_axi_U/bus_write/wreq_throttle/fifo_burst_gen[0].fifo_req/raddr_reg[1]/CE
                            (rising edge-triggered cell FDRE clocked by clk_fpga_0  {rise@0.000ns fall@5.000ns period=10.000ns})
  Path Group:             clk_fpga_0
  Path Type:              Setup (Max at Slow Process Corner)
  Requirement:            10.000ns  (clk_fpga_0 rise@10.000ns - clk_fpga_0 rise@0.000ns)
  Data Path Delay:        7.301ns  (logic 2.250ns (30.819%)  route 5.051ns (69.181%))
  Logic Levels:           6  (LUT3=2 LUT4=1 LUT5=1 LUT6=2)
  Clock Path Skew:        -0.228ns (DCD - SCD + CPR)
    Destination Clock Delay (DCD):    2.657ns = ( 12.657 - 10.000 ) 
    Source Clock Delay      (SCD):    3.114ns
    Clock Pessimism Removal (CPR):    0.229ns
  Clock Uncertainty:      0.154ns  ((TSJ^2 + TIJ^2)^1/2 + DJ) / 2 + PE
    Total System Jitter     (TSJ):    0.071ns
    Total Input Jitter      (TIJ):    0.300ns
    Discrete Jitter          (DJ):    0.000ns
    Phase Error              (PE):    0.000ns

    Location             Delay type                Incr(ns)  Path(ns)    Netlist Resource(s)
  -------------------------------------------------------------------    -------------------
                         (clock clk_fpga_0 rise edge)
                                                      0.000     0.000 r  
    PS7_X0Y0             PS7                          0.000     0.000 r  design_1_i/processing_system7_0/inst/PS7_i/FCLKCLK[0]
                         net (fo=1, routed)           1.193     1.193    design_1_i/processing_system7_0/inst/FCLK_CLK_unbuffered[0]
    BUFGCTRL_X0Y16       BUFG (Prop_bufg_I_O)         0.101     1.294 r  design_1_i/processing_system7_0/inst/buffer_fclk_clk_0.FCLK_CLK_0_BUFG/O
                         net (fo=4149, routed)        1.820     3.114    design_1_i/processing_system7_0/inst/S_AXI_HP0_ACLK
    PS7_X0Y0             PS7                                          r  design_1_i/processing_system7_0/inst/PS7_i/SAXIHP0ACLK
  -------------------------------------------------------------------    -------------------
    PS7_X0Y0             PS7 (Prop_ps7_SAXIHP0ACLK_SAXIHP0WREADY)
                                                      1.277     4.391 r  design_1_i/processing_system7_0/inst/PS7_i/SAXIHP0WREADY
                         net (fo=15, routed)          0.948     5.339    design_1_i/axi_mem_intercon/s00_couplers/auto_us/inst/gen_upsizer.gen_full_upsizer.axi_upsizer_inst/USE_WRITE.write_addr_inst/GEN_CMD_QUEUE.cmd_queue/m_axi_wready
    SLICE_X29Y51         LUT3 (Prop_lut3_I1_O)        0.124     5.463 r  design_1_i/axi_mem_intercon/s00_couplers/auto_us/inst/gen_upsizer.gen_full_upsizer.axi_upsizer_inst/USE_WRITE.write_addr_inst/GEN_CMD_QUEUE.cmd_queue/s_axi_wready_INST_0/O
                         net (fo=5, routed)           1.097     6.560    design_1_i/axi_mem_intercon/s00_couplers/auto_pc/inst/gen_axi4_axi3.axi3_conv_inst/USE_WRITE.write_addr_inst/USE_BURSTS.cmd_queue/inst/m_axi_wready
    SLICE_X40Y51         LUT3 (Prop_lut3_I2_O)        0.152     6.712 r  design_1_i/axi_mem_intercon/s00_couplers/auto_pc/inst/gen_axi4_axi3.axi3_conv_inst/USE_WRITE.write_addr_inst/USE_BURSTS.cmd_queue/inst/s_axi_wready_INST_0/O
                         net (fo=9, routed)           0.373     7.085    design_1_i/afdm_mod_top_0/inst/gmem_m_axi_U/bus_write/wreq_throttle/rs_req/m_axi_gmem_WREADY
    SLICE_X40Y52         LUT6 (Prop_lut6_I1_O)        0.332     7.417 r  design_1_i/afdm_mod_top_0/inst/gmem_m_axi_U/bus_write/wreq_throttle/rs_req/num_beat_cnt[7]_i_2/O
                         net (fo=20, routed)          0.616     8.033    design_1_i/afdm_mod_top_0/inst/gmem_m_axi_U/bus_write/wreq_throttle/rs_burst/dout_vld_reg_0
    SLICE_X45Y53         LUT6 (Prop_lut6_I4_O)        0.124     8.157 r  design_1_i/afdm_mod_top_0/inst/gmem_m_axi_U/bus_write/wreq_throttle/rs_burst/FSM_sequential_state[1]_i_2/O
                         net (fo=13, routed)          0.706     8.862    design_1_i/afdm_mod_top_0/inst/gmem_m_axi_U/bus_write/wreq_throttle/rs_burst/p_6_in
    SLICE_X44Y57         LUT4 (Prop_lut4_I0_O)        0.124     8.986 r  design_1_i/afdm_mod_top_0/inst/gmem_m_axi_U/bus_write/wreq_throttle/rs_burst/dout[63]_i_1/O
                         net (fo=38, routed)          0.693     9.680    design_1_i/afdm_mod_top_0/inst/gmem_m_axi_U/bus_write/wreq_throttle/fifo_burst_gen[0].fifo_req/pop
    SLICE_X43Y58         LUT5 (Prop_lut5_I4_O)        0.117     9.797 r  design_1_i/afdm_mod_top_0/inst/gmem_m_axi_U/bus_write/wreq_throttle/fifo_burst_gen[0].fifo_req/raddr[3]_i_1__2/O
                         net (fo=4, routed)           0.618    10.415    design_1_i/afdm_mod_top_0/inst/gmem_m_axi_U/bus_write/wreq_throttle/fifo_burst_gen[0].fifo_req/raddr[3]_i_1__2_n_3
    SLICE_X43Y58         FDRE                                         r  design_1_i/afdm_mod_top_0/inst/gmem_m_axi_U/bus_write/wreq_throttle/fifo_burst_gen[0].fifo_req/raddr_reg[1]/CE
  -------------------------------------------------------------------    -------------------

                         (clock clk_fpga_0 rise edge)
                                                     10.000    10.000 r  
    PS7_X0Y0             PS7                          0.000    10.000 r  design_1_i/processing_system7_0/inst/PS7_i/FCLKCLK[0]
                         net (fo=1, routed)           1.088    11.088    design_1_i/processing_system7_0/inst/FCLK_CLK_unbuffered[0]
    BUFGCTRL_X0Y16       BUFG (Prop_bufg_I_O)         0.091    11.179 r  design_1_i/processing_system7_0/inst/buffer_fclk_clk_0.FCLK_CLK_0_BUFG/O
                         net (fo=4149, routed)        1.478    12.657    design_1_i/afdm_mod_top_0/inst/gmem_m_axi_U/bus_write/wreq_throttle/fifo_burst_gen[0].fifo_req/ap_clk
    SLICE_X43Y58         FDRE                                         r  design_1_i/afdm_mod_top_0/inst/gmem_m_axi_U/bus_write/wreq_throttle/fifo_burst_gen[0].fifo_req/raddr_reg[1]/C
                         clock pessimism              0.229    12.886    
                         clock uncertainty           -0.154    12.732    
    SLICE_X43Y58         FDRE (Setup_fdre_C_CE)      -0.413    12.319    design_1_i/afdm_mod_top_0/inst/gmem_m_axi_U/bus_write/wreq_throttle/fifo_burst_gen[0].fifo_req/raddr_reg[1]
  -------------------------------------------------------------------
                         required time                         12.319    
                         arrival time                         -10.415    
  -------------------------------------------------------------------
                         slack                                  1.904    

Slack (MET) :             1.904ns  (required time - arrival time)
  Source:                 design_1_i/processing_system7_0/inst/PS7_i/SAXIHP0ACLK
                            (rising edge-triggered cell PS7 clocked by clk_fpga_0  {rise@0.000ns fall@5.000ns period=10.000ns})
  Destination:            design_1_i/afdm_mod_top_0/inst/gmem_m_axi_U/bus_write/wreq_throttle/fifo_burst_gen[0].fifo_req/raddr_reg[2]/CE
                            (rising edge-triggered cell FDRE clocked by clk_fpga_0  {rise@0.000ns fall@5.000ns period=10.000ns})
  Path Group:             clk_fpga_0
  Path Type:              Setup (Max at Slow Process Corner)
  Requirement:            10.000ns  (clk_fpga_0 rise@10.000ns - clk_fpga_0 rise@0.000ns)
  Data Path Delay:        7.301ns  (logic 2.250ns (30.819%)  route 5.051ns (69.181%))
  Logic Levels:           6  (LUT3=2 LUT4=1 LUT5=1 LUT6=2)
  Clock Path Skew:        -0.228ns (DCD - SCD + CPR)
    Destination Clock Delay (DCD):    2.657ns = ( 12.657 - 10.000 ) 
    Source Clock Delay      (SCD):    3.114ns
    Clock Pessimism Removal (CPR):    0.229ns
  Clock Uncertainty:      0.154ns  ((TSJ^2 + TIJ^2)^1/2 + DJ) / 2 + PE
    Total System Jitter     (TSJ):    0.071ns
    Total Input Jitter      (TIJ):    0.300ns
    Discrete Jitter          (DJ):    0.000ns
    Phase Error              (PE):    0.000ns

    Location             Delay type                Incr(ns)  Path(ns)    Netlist Resource(s)
  -------------------------------------------------------------------    -------------------
                         (clock clk_fpga_0 rise edge)
                                                      0.000     0.000 r  
    PS7_X0Y0             PS7                          0.000     0.000 r  design_1_i/processing_system7_0/inst/PS7_i/FCLKCLK[0]
                         net (fo=1, routed)           1.193     1.193    design_1_i/processing_system7_0/inst/FCLK_CLK_unbuffered[0]
    BUFGCTRL_X0Y16       BUFG (Prop_bufg_I_O)         0.101     1.294 r  design_1_i/processing_system7_0/inst/buffer_fclk_clk_0.FCLK_CLK_0_BUFG/O
                         net (fo=4149, routed)        1.820     3.114    design_1_i/processing_system7_0/inst/S_AXI_HP0_ACLK
    PS7_X0Y0             PS7                                          r  design_1_i/processing_system7_0/inst/PS7_i/SAXIHP0ACLK
  -------------------------------------------------------------------    -------------------
    PS7_X0Y0             PS7 (Prop_ps7_SAXIHP0ACLK_SAXIHP0WREADY)
                                                      1.277     4.391 r  design_1_i/processing_system7_0/inst/PS7_i/SAXIHP0WREADY
                         net (fo=15, routed)          0.948     5.339    design_1_i/axi_mem_intercon/s00_couplers/auto_us/inst/gen_upsizer.gen_full_upsizer.axi_upsizer_inst/USE_WRITE.write_addr_inst/GEN_CMD_QUEUE.cmd_queue/m_axi_wready
    SLICE_X29Y51         LUT3 (Prop_lut3_I1_O)        0.124     5.463 r  design_1_i/axi_mem_intercon/s00_couplers/auto_us/inst/gen_upsizer.gen_full_upsizer.axi_upsizer_inst/USE_WRITE.write_addr_inst/GEN_CMD_QUEUE.cmd_queue/s_axi_wready_INST_0/O
                         net (fo=5, routed)           1.097     6.560    design_1_i/axi_mem_intercon/s00_couplers/auto_pc/inst/gen_axi4_axi3.axi3_conv_inst/USE_WRITE.write_addr_inst/USE_BURSTS.cmd_queue/inst/m_axi_wready
    SLICE_X40Y51         LUT3 (Prop_lut3_I2_O)        0.152     6.712 r  design_1_i/axi_mem_intercon/s00_couplers/auto_pc/inst/gen_axi4_axi3.axi3_conv_inst/USE_WRITE.write_addr_inst/USE_BURSTS.cmd_queue/inst/s_axi_wready_INST_0/O
                         net (fo=9, routed)           0.373     7.085    design_1_i/afdm_mod_top_0/inst/gmem_m_axi_U/bus_write/wreq_throttle/rs_req/m_axi_gmem_WREADY
    SLICE_X40Y52         LUT6 (Prop_lut6_I1_O)        0.332     7.417 r  design_1_i/afdm_mod_top_0/inst/gmem_m_axi_U/bus_write/wreq_throttle/rs_req/num_beat_cnt[7]_i_2/O
                         net (fo=20, routed)          0.616     8.033    design_1_i/afdm_mod_top_0/inst/gmem_m_axi_U/bus_write/wreq_throttle/rs_burst/dout_vld_reg_0
    SLICE_X45Y53         LUT6 (Prop_lut6_I4_O)        0.124     8.157 r  design_1_i/afdm_mod_top_0/inst/gmem_m_axi_U/bus_write/wreq_throttle/rs_burst/FSM_sequential_state[1]_i_2/O
                         net (fo=13, routed)          0.706     8.862    design_1_i/afdm_mod_top_0/inst/gmem_m_axi_U/bus_write/wreq_throttle/rs_burst/p_6_in
    SLICE_X44Y57         LUT4 (Prop_lut4_I0_O)        0.124     8.986 r  design_1_i/afdm_mod_top_0/inst/gmem_m_axi_U/bus_write/wreq_throttle/rs_burst/dout[63]_i_1/O
                         net (fo=38, routed)          0.693     9.680    design_1_i/afdm_mod_top_0/inst/gmem_m_axi_U/bus_write/wreq_throttle/fifo_burst_gen[0].fifo_req/pop
    SLICE_X43Y58         LUT5 (Prop_lut5_I4_O)        0.117     9.797 r  design_1_i/afdm_mod_top_0/inst/gmem_m_axi_U/bus_write/wreq_throttle/fifo_burst_gen[0].fifo_req/raddr[3]_i_1__2/O
                         net (fo=4, routed)           0.618    10.415    design_1_i/afdm_mod_top_0/inst/gmem_m_axi_U/bus_write/wreq_throttle/fifo_burst_gen[0].fifo_req/raddr[3]_i_1__2_n_3
    SLICE_X43Y58         FDRE                                         r  design_1_i/afdm_mod_top_0/inst/gmem_m_axi_U/bus_write/wreq_throttle/fifo_burst_gen[0].fifo_req/raddr_reg[2]/CE
  -------------------------------------------------------------------    -------------------

                         (clock clk_fpga_0 rise edge)
                                                     10.000    10.000 r  
    PS7_X0Y0             PS7                          0.000    10.000 r  design_1_i/processing_system7_0/inst/PS7_i/FCLKCLK[0]
                         net (fo=1, routed)           1.088    11.088    design_1_i/processing_system7_0/inst/FCLK_CLK_unbuffered[0]
    BUFGCTRL_X0Y16       BUFG (Prop_bufg_I_O)         0.091    11.179 r  design_1_i/processing_system7_0/inst/buffer_fclk_clk_0.FCLK_CLK_0_BUFG/O
                         net (fo=4149, routed)        1.478    12.657    design_1_i/afdm_mod_top_0/inst/gmem_m_axi_U/bus_write/wreq_throttle/fifo_burst_gen[0].fifo_req/ap_clk
    SLICE_X43Y58         FDRE                                         r  design_1_i/afdm_mod_top_0/inst/gmem_m_axi_U/bus_write/wreq_throttle/fifo_burst_gen[0].fifo_req/raddr_reg[2]/C
                         clock pessimism              0.229    12.886    
                         clock uncertainty           -0.154    12.732    
    SLICE_X43Y58         FDRE (Setup_fdre_C_CE)      -0.413    12.319    design_1_i/afdm_mod_top_0/inst/gmem_m_axi_U/bus_write/wreq_throttle/fifo_burst_gen[0].fifo_req/raddr_reg[2]
  -------------------------------------------------------------------
                         required time                         12.319    
                         arrival time                         -10.415    
  -------------------------------------------------------------------
                         slack                                  1.904    

Slack (MET) :             1.904ns  (required time - arrival time)
  Source:                 design_1_i/processing_system7_0/inst/PS7_i/SAXIHP0ACLK
                            (rising edge-triggered cell PS7 clocked by clk_fpga_0  {rise@0.000ns fall@5.000ns period=10.000ns})
  Destination:            design_1_i/afdm_mod_top_0/inst/gmem_m_axi_U/bus_write/wreq_throttle/fifo_burst_gen[0].fifo_req/raddr_reg[3]/CE
                            (rising edge-triggered cell FDRE clocked by clk_fpga_0  {rise@0.000ns fall@5.000ns period=10.000ns})
  Path Group:             clk_fpga_0
  Path Type:              Setup (Max at Slow Process Corner)
  Requirement:            10.000ns  (clk_fpga_0 rise@10.000ns - clk_fpga_0 rise@0.000ns)
  Data Path Delay:        7.301ns  (logic 2.250ns (30.819%)  route 5.051ns (69.181%))
  Logic Levels:           6  (LUT3=2 LUT4=1 LUT5=1 LUT6=2)
  Clock Path Skew:        -0.228ns (DCD - SCD + CPR)
    Destination Clock Delay (DCD):    2.657ns = ( 12.657 - 10.000 ) 
    Source Clock Delay      (SCD):    3.114ns
    Clock Pessimism Removal (CPR):    0.229ns
  Clock Uncertainty:      0.154ns  ((TSJ^2 + TIJ^2)^1/2 + DJ) / 2 + PE
    Total System Jitter     (TSJ):    0.071ns
    Total Input Jitter      (TIJ):    0.300ns
    Discrete Jitter          (DJ):    0.000ns
    Phase Error              (PE):    0.000ns

    Location             Delay type                Incr(ns)  Path(ns)    Netlist Resource(s)
  -------------------------------------------------------------------    -------------------
                         (clock clk_fpga_0 rise edge)
                                                      0.000     0.000 r  
    PS7_X0Y0             PS7                          0.000     0.000 r  design_1_i/processing_system7_0/inst/PS7_i/FCLKCLK[0]
                         net (fo=1, routed)           1.193     1.193    design_1_i/processing_system7_0/inst/FCLK_CLK_unbuffered[0]
    BUFGCTRL_X0Y16       BUFG (Prop_bufg_I_O)         0.101     1.294 r  design_1_i/processing_system7_0/inst/buffer_fclk_clk_0.FCLK_CLK_0_BUFG/O
                         net (fo=4149, routed)        1.820     3.114    design_1_i/processing_system7_0/inst/S_AXI_HP0_ACLK
    PS7_X0Y0             PS7                                          r  design_1_i/processing_system7_0/inst/PS7_i/SAXIHP0ACLK
  -------------------------------------------------------------------    -------------------
    PS7_X0Y0             PS7 (Prop_ps7_SAXIHP0ACLK_SAXIHP0WREADY)
                                                      1.277     4.391 r  design_1_i/processing_system7_0/inst/PS7_i/SAXIHP0WREADY
                         net (fo=15, routed)          0.948     5.339    design_1_i/axi_mem_intercon/s00_couplers/auto_us/inst/gen_upsizer.gen_full_upsizer.axi_upsizer_inst/USE_WRITE.write_addr_inst/GEN_CMD_QUEUE.cmd_queue/m_axi_wready
    SLICE_X29Y51         LUT3 (Prop_lut3_I1_O)        0.124     5.463 r  design_1_i/axi_mem_intercon/s00_couplers/auto_us/inst/gen_upsizer.gen_full_upsizer.axi_upsizer_inst/USE_WRITE.write_addr_inst/GEN_CMD_QUEUE.cmd_queue/s_axi_wready_INST_0/O
                         net (fo=5, routed)           1.097     6.560    design_1_i/axi_mem_intercon/s00_couplers/auto_pc/inst/gen_axi4_axi3.axi3_conv_inst/USE_WRITE.write_addr_inst/USE_BURSTS.cmd_queue/inst/m_axi_wready
    SLICE_X40Y51         LUT3 (Prop_lut3_I2_O)        0.152     6.712 r  design_1_i/axi_mem_intercon/s00_couplers/auto_pc/inst/gen_axi4_axi3.axi3_conv_inst/USE_WRITE.write_addr_inst/USE_BURSTS.cmd_queue/inst/s_axi_wready_INST_0/O
                         net (fo=9, routed)           0.373     7.085    design_1_i/afdm_mod_top_0/inst/gmem_m_axi_U/bus_write/wreq_throttle/rs_req/m_axi_gmem_WREADY
    SLICE_X40Y52         LUT6 (Prop_lut6_I1_O)        0.332     7.417 r  design_1_i/afdm_mod_top_0/inst/gmem_m_axi_U/bus_write/wreq_throttle/rs_req/num_beat_cnt[7]_i_2/O
                         net (fo=20, routed)          0.616     8.033    design_1_i/afdm_mod_top_0/inst/gmem_m_axi_U/bus_write/wreq_throttle/rs_burst/dout_vld_reg_0
    SLICE_X45Y53         LUT6 (Prop_lut6_I4_O)        0.124     8.157 r  design_1_i/afdm_mod_top_0/inst/gmem_m_axi_U/bus_write/wreq_throttle/rs_burst/FSM_sequential_state[1]_i_2/O
                         net (fo=13, routed)          0.706     8.862    design_1_i/afdm_mod_top_0/inst/gmem_m_axi_U/bus_write/wreq_throttle/rs_burst/p_6_in
    SLICE_X44Y57         LUT4 (Prop_lut4_I0_O)        0.124     8.986 r  design_1_i/afdm_mod_top_0/inst/gmem_m_axi_U/bus_write/wreq_throttle/rs_burst/dout[63]_i_1/O
                         net (fo=38, routed)          0.693     9.680    design_1_i/afdm_mod_top_0/inst/gmem_m_axi_U/bus_write/wreq_throttle/fifo_burst_gen[0].fifo_req/pop
    SLICE_X43Y58         LUT5 (Prop_lut5_I4_O)        0.117     9.797 r  design_1_i/afdm_mod_top_0/inst/gmem_m_axi_U/bus_write/wreq_throttle/fifo_burst_gen[0].fifo_req/raddr[3]_i_1__2/O
                         net (fo=4, routed)           0.618    10.415    design_1_i/afdm_mod_top_0/inst/gmem_m_axi_U/bus_write/wreq_throttle/fifo_burst_gen[0].fifo_req/raddr[3]_i_1__2_n_3
    SLICE_X43Y58         FDRE                                         r  design_1_i/afdm_mod_top_0/inst/gmem_m_axi_U/bus_write/wreq_throttle/fifo_burst_gen[0].fifo_req/raddr_reg[3]/CE
  -------------------------------------------------------------------    -------------------

                         (clock clk_fpga_0 rise edge)
                                                     10.000    10.000 r  
    PS7_X0Y0             PS7                          0.000    10.000 r  design_1_i/processing_system7_0/inst/PS7_i/FCLKCLK[0]
                         net (fo=1, routed)           1.088    11.088    design_1_i/processing_system7_0/inst/FCLK_CLK_unbuffered[0]
    BUFGCTRL_X0Y16       BUFG (Prop_bufg_I_O)         0.091    11.179 r  design_1_i/processing_system7_0/inst/buffer_fclk_clk_0.FCLK_CLK_0_BUFG/O
                         net (fo=4149, routed)        1.478    12.657    design_1_i/afdm_mod_top_0/inst/gmem_m_axi_U/bus_write/wreq_throttle/fifo_burst_gen[0].fifo_req/ap_clk
    SLICE_X43Y58         FDRE                                         r  design_1_i/afdm_mod_top_0/inst/gmem_m_axi_U/bus_write/wreq_throttle/fifo_burst_gen[0].fifo_req/raddr_reg[3]/C
                         clock pessimism              0.229    12.886    
                         clock uncertainty           -0.154    12.732    
    SLICE_X43Y58         FDRE (Setup_fdre_C_CE)      -0.413    12.319    design_1_i/afdm_mod_top_0/inst/gmem_m_axi_U/bus_write/wreq_throttle/fifo_burst_gen[0].fifo_req/raddr_reg[3]
  -------------------------------------------------------------------
                         required time                         12.319    
                         arrival time                         -10.415    
  -------------------------------------------------------------------
                         slack                                  1.904    

Slack (MET) :             1.919ns  (required time - arrival time)
  Source:                 design_1_i/afdm_mod_top_0/inst/grp_afdm_mod_fu_136/grp_afdm_mod_Pipeline_stages_butterflies_fu_72/udiv_ln69_reg_1519_reg[2]/C
                            (rising edge-triggered cell FDRE clocked by clk_fpga_0  {rise@0.000ns fall@5.000ns period=10.000ns})
  Destination:            design_1_i/afdm_mod_top_0/inst/grp_afdm_mod_fu_136/grp_afdm_mod_Pipeline_stages_butterflies_fu_72/mul_ln22_1_reg_1608_reg/A[8]
                            (rising edge-triggered cell DSP48E1 clocked by clk_fpga_0  {rise@0.000ns fall@5.000ns period=10.000ns})
  Path Group:             clk_fpga_0
  Path Type:              Setup (Max at Slow Process Corner)
  Requirement:            10.000ns  (clk_fpga_0 rise@10.000ns - clk_fpga_0 rise@0.000ns)
  Data Path Delay:        7.392ns  (logic 2.383ns (32.237%)  route 5.009ns (67.763%))
  Logic Levels:           7  (CARRY4=2 LUT3=1 LUT4=1 LUT5=2 LUT6=1)
  Clock Path Skew:        0.030ns (DCD - SCD + CPR)
    Destination Clock Delay (DCD):    2.836ns = ( 12.836 - 10.000 ) 
    Source Clock Delay      (SCD):    3.036ns
    Clock Pessimism Removal (CPR):    0.230ns
  Clock Uncertainty:      0.154ns  ((TSJ^2 + TIJ^2)^1/2 + DJ) / 2 + PE
    Total System Jitter     (TSJ):    0.071ns
    Total Input Jitter      (TIJ):    0.300ns
    Discrete Jitter          (DJ):    0.000ns
    Phase Error              (PE):    0.000ns

    Location             Delay type                Incr(ns)  Path(ns)    Netlist Resource(s)
  -------------------------------------------------------------------    -------------------
                         (clock clk_fpga_0 rise edge)
                                                      0.000     0.000 r  
    PS7_X0Y0             PS7                          0.000     0.000 r  design_1_i/processing_system7_0/inst/PS7_i/FCLKCLK[0]
                         net (fo=1, routed)           1.193     1.193    design_1_i/processing_system7_0/inst/FCLK_CLK_unbuffered[0]
    BUFGCTRL_X0Y16       BUFG (Prop_bufg_I_O)         0.101     1.294 r  design_1_i/processing_system7_0/inst/buffer_fclk_clk_0.FCLK_CLK_0_BUFG/O
                         net (fo=4149, routed)        1.742     3.036    design_1_i/afdm_mod_top_0/inst/grp_afdm_mod_fu_136/grp_afdm_mod_Pipeline_stages_butterflies_fu_72/ap_clk
    SLICE_X30Y35         FDRE                                         r  design_1_i/afdm_mod_top_0/inst/grp_afdm_mod_fu_136/grp_afdm_mod_Pipeline_stages_butterflies_fu_72/udiv_ln69_reg_1519_reg[2]/C
  -------------------------------------------------------------------    -------------------
    SLICE_X30Y35         FDRE (Prop_fdre_C_Q)         0.478     3.514 r  design_1_i/afdm_mod_top_0/inst/grp_afdm_mod_fu_136/grp_afdm_mod_Pipeline_stages_butterflies_fu_72/udiv_ln69_reg_1519_reg[2]/Q
                         net (fo=13, routed)          1.164     4.678    design_1_i/afdm_mod_top_0/inst/grp_afdm_mod_fu_136/grp_afdm_mod_Pipeline_stages_butterflies_fu_72/TW256_INV_im_U/Q[2]
    SLICE_X32Y34         LUT5 (Prop_lut5_I0_O)        0.321     4.999 r  design_1_i/afdm_mod_top_0/inst/grp_afdm_mod_fu_136/grp_afdm_mod_Pipeline_stages_butterflies_fu_72/TW256_INV_im_U/tmp_product__0_carry__0_i_14/O
                         net (fo=1, routed)           0.469     5.468    design_1_i/afdm_mod_top_0/inst/grp_afdm_mod_fu_136/grp_afdm_mod_Pipeline_stages_butterflies_fu_72/TW256_INV_im_U/tmp_product__0_carry__0_i_14_n_3
    SLICE_X32Y34         LUT6 (Prop_lut6_I0_O)        0.328     5.796 r  design_1_i/afdm_mod_top_0/inst/grp_afdm_mod_fu_136/grp_afdm_mod_Pipeline_stages_butterflies_fu_72/TW256_INV_im_U/tmp_product__0_carry__0_i_9/O
                         net (fo=1, routed)           0.735     6.531    design_1_i/afdm_mod_top_0/inst/grp_afdm_mod_fu_136/grp_afdm_mod_Pipeline_stages_butterflies_fu_72/TW256_INV_im_U/tmp_product__0_carry__0_i_9_n_3
    SLICE_X31Y34         LUT5 (Prop_lut5_I3_O)        0.124     6.655 r  design_1_i/afdm_mod_top_0/inst/grp_afdm_mod_fu_136/grp_afdm_mod_Pipeline_stages_butterflies_fu_72/TW256_INV_im_U/tmp_product__0_carry__0_i_3/O
                         net (fo=1, routed)           0.000     6.655    design_1_i/afdm_mod_top_0/inst/grp_afdm_mod_fu_136/grp_afdm_mod_Pipeline_stages_butterflies_fu_72/mul_7s_7s_7_1_1_U26/S[2]
    SLICE_X31Y34         CARRY4 (Prop_carry4_S[2]_O[2])
                                                      0.248     6.903 r  design_1_i/afdm_mod_top_0/inst/grp_afdm_mod_fu_136/grp_afdm_mod_Pipeline_stages_butterflies_fu_72/mul_7s_7s_7_1_1_U26/tmp_product__0_carry__0/O[2]
                         net (fo=1, routed)           0.441     7.344    design_1_i/afdm_mod_top_0/inst/grp_afdm_mod_fu_136/grp_afdm_mod_Pipeline_stages_butterflies_fu_72/mul_7s_7s_7_1_1_U26/tmp_product__0_carry__0_n_8
    SLICE_X28Y33         LUT4 (Prop_lut4_I3_O)        0.302     7.646 r  design_1_i/afdm_mod_top_0/inst/grp_afdm_mod_fu_136/grp_afdm_mod_Pipeline_stages_butterflies_fu_72/mul_7s_7s_7_1_1_U26/tmp_product__28_carry_i_1/O
                         net (fo=1, routed)           0.000     7.646    design_1_i/afdm_mod_top_0/inst/grp_afdm_mod_fu_136/grp_afdm_mod_Pipeline_stages_butterflies_fu_72/mul_7s_7s_7_1_1_U26/tmp_product__28_carry_i_1_n_3
    SLICE_X28Y33         CARRY4 (Prop_carry4_S[3]_O[3])
                                                      0.248     7.894 r  design_1_i/afdm_mod_top_0/inst/grp_afdm_mod_fu_136/grp_afdm_mod_Pipeline_stages_butterflies_fu_72/mul_7s_7s_7_1_1_U26/tmp_product__28_carry/O[3]
                         net (fo=31, routed)          1.399     9.294    design_1_i/afdm_mod_top_0/inst/grp_afdm_mod_fu_136/grp_afdm_mod_Pipeline_stages_butterflies_fu_72/mul_7s_7s_7_1_1_U26/zext_ln69_3_fu_379_p1[6]
    SLICE_X25Y23         LUT3 (Prop_lut3_I1_O)        0.334     9.628 r  design_1_i/afdm_mod_top_0/inst/grp_afdm_mod_fu_136/grp_afdm_mod_Pipeline_stages_butterflies_fu_72/mul_7s_7s_7_1_1_U26/q0[8]_i_1__0/O
                         net (fo=2, routed)           0.801    10.428    design_1_i/afdm_mod_top_0/inst/grp_afdm_mod_fu_136/grp_afdm_mod_Pipeline_stages_butterflies_fu_72/mul_7s_7s_7_1_1_U26_n_25
    DSP48_X1Y8           DSP48E1                                      r  design_1_i/afdm_mod_top_0/inst/grp_afdm_mod_fu_136/grp_afdm_mod_Pipeline_stages_butterflies_fu_72/mul_ln22_1_reg_1608_reg/A[8]
  -------------------------------------------------------------------    -------------------

                         (clock clk_fpga_0 rise edge)
                                                     10.000    10.000 r  
    PS7_X0Y0             PS7                          0.000    10.000 r  design_1_i/processing_system7_0/inst/PS7_i/FCLKCLK[0]
                         net (fo=1, routed)           1.088    11.088    design_1_i/processing_system7_0/inst/FCLK_CLK_unbuffered[0]
    BUFGCTRL_X0Y16       BUFG (Prop_bufg_I_O)         0.091    11.179 r  design_1_i/processing_system7_0/inst/buffer_fclk_clk_0.FCLK_CLK_0_BUFG/O
                         net (fo=4149, routed)        1.657    12.836    design_1_i/afdm_mod_top_0/inst/grp_afdm_mod_fu_136/grp_afdm_mod_Pipeline_stages_butterflies_fu_72/ap_clk
    DSP48_X1Y8           DSP48E1                                      r  design_1_i/afdm_mod_top_0/inst/grp_afdm_mod_fu_136/grp_afdm_mod_Pipeline_stages_butterflies_fu_72/mul_ln22_1_reg_1608_reg/CLK
                         clock pessimism              0.230    13.066    
                         clock uncertainty           -0.154    12.911    
    DSP48_X1Y8           DSP48E1 (Setup_dsp48e1_CLK_A[8])
                                                     -0.564    12.347    design_1_i/afdm_mod_top_0/inst/grp_afdm_mod_fu_136/grp_afdm_mod_Pipeline_stages_butterflies_fu_72/mul_ln22_1_reg_1608_reg
  -------------------------------------------------------------------
                         required time                         12.347    
                         arrival time                         -10.428    
  -------------------------------------------------------------------
                         slack                                  1.919    

Slack (MET) :             1.935ns  (required time - arrival time)
  Source:                 design_1_i/afdm_mod_top_0/inst/grp_afdm_mod_fu_136/grp_afdm_mod_Pipeline_stages_butterflies_fu_72/k_reg_1508_pp0_iter6_reg_reg[3]__0/C
                            (rising edge-triggered cell FDRE clocked by clk_fpga_0  {rise@0.000ns fall@5.000ns period=10.000ns})
  Destination:            design_1_i/afdm_mod_top_0/inst/grp_afdm_mod_fu_136/grp_afdm_mod_Pipeline_stages_butterflies_fu_72/mul_ln22_1_reg_1608_reg/A[10]
                            (rising edge-triggered cell DSP48E1 clocked by clk_fpga_0  {rise@0.000ns fall@5.000ns period=10.000ns})
  Path Group:             clk_fpga_0
  Path Type:              Setup (Max at Slow Process Corner)
  Requirement:            10.000ns  (clk_fpga_0 rise@10.000ns - clk_fpga_0 rise@0.000ns)
  Data Path Delay:        7.378ns  (logic 2.596ns (35.186%)  route 4.782ns (64.814%))
  Logic Levels:           7  (CARRY4=2 LUT2=2 LUT3=1 LUT6=2)
  Clock Path Skew:        0.032ns (DCD - SCD + CPR)
    Destination Clock Delay (DCD):    2.836ns = ( 12.836 - 10.000 ) 
    Source Clock Delay      (SCD):    3.034ns
    Clock Pessimism Removal (CPR):    0.230ns
  Clock Uncertainty:      0.154ns  ((TSJ^2 + TIJ^2)^1/2 + DJ) / 2 + PE
    Total System Jitter     (TSJ):    0.071ns
    Total Input Jitter      (TIJ):    0.300ns
    Discrete Jitter          (DJ):    0.000ns
    Phase Error              (PE):    0.000ns

    Location             Delay type                Incr(ns)  Path(ns)    Netlist Resource(s)
  -------------------------------------------------------------------    -------------------
                         (clock clk_fpga_0 rise edge)
                                                      0.000     0.000 r  
    PS7_X0Y0             PS7                          0.000     0.000 r  design_1_i/processing_system7_0/inst/PS7_i/FCLKCLK[0]
                         net (fo=1, routed)           1.193     1.193    design_1_i/processing_system7_0/inst/FCLK_CLK_unbuffered[0]
    BUFGCTRL_X0Y16       BUFG (Prop_bufg_I_O)         0.101     1.294 r  design_1_i/processing_system7_0/inst/buffer_fclk_clk_0.FCLK_CLK_0_BUFG/O
                         net (fo=4149, routed)        1.740     3.034    design_1_i/afdm_mod_top_0/inst/grp_afdm_mod_fu_136/grp_afdm_mod_Pipeline_stages_butterflies_fu_72/ap_clk
    SLICE_X30Y34         FDRE                                         r  design_1_i/afdm_mod_top_0/inst/grp_afdm_mod_fu_136/grp_afdm_mod_Pipeline_stages_butterflies_fu_72/k_reg_1508_pp0_iter6_reg_reg[3]__0/C
  -------------------------------------------------------------------    -------------------
    SLICE_X30Y34         FDRE (Prop_fdre_C_Q)         0.518     3.552 f  design_1_i/afdm_mod_top_0/inst/grp_afdm_mod_fu_136/grp_afdm_mod_Pipeline_stages_butterflies_fu_72/k_reg_1508_pp0_iter6_reg_reg[3]__0/Q
                         net (fo=14, routed)          0.957     4.509    design_1_i/afdm_mod_top_0/inst/grp_afdm_mod_fu_136/grp_afdm_mod_Pipeline_stages_butterflies_fu_72/TW256_INV_im_U/k_reg_1508_pp0_iter6_reg[3]
    SLICE_X32Y34         LUT2 (Prop_lut2_I0_O)        0.152     4.661 r  design_1_i/afdm_mod_top_0/inst/grp_afdm_mod_fu_136/grp_afdm_mod_Pipeline_stages_butterflies_fu_72/TW256_INV_im_U/tmp_product__0_carry__0_i_12/O
                         net (fo=2, routed)           0.658     5.319    design_1_i/afdm_mod_top_0/inst/grp_afdm_mod_fu_136/grp_afdm_mod_Pipeline_stages_butterflies_fu_72/TW256_INV_im_U/tmp_product__0_carry__0_i_12_n_3
    SLICE_X31Y34         LUT6 (Prop_lut6_I3_O)        0.348     5.667 r  design_1_i/afdm_mod_top_0/inst/grp_afdm_mod_fu_136/grp_afdm_mod_Pipeline_stages_butterflies_fu_72/TW256_INV_im_U/tmp_product__0_carry__0_i_5/O
                         net (fo=1, routed)           0.000     5.667    design_1_i/afdm_mod_top_0/inst/grp_afdm_mod_fu_136/grp_afdm_mod_Pipeline_stages_butterflies_fu_72/mul_7s_7s_7_1_1_U26/S[0]
    SLICE_X31Y34         CARRY4 (Prop_carry4_S[0]_O[0])
                                                      0.247     5.914 r  design_1_i/afdm_mod_top_0/inst/grp_afdm_mod_fu_136/grp_afdm_mod_Pipeline_stages_butterflies_fu_72/mul_7s_7s_7_1_1_U26/tmp_product__0_carry__0/O[0]
                         net (fo=2, routed)           0.445     6.359    design_1_i/afdm_mod_top_0/inst/grp_afdm_mod_fu_136/grp_afdm_mod_Pipeline_stages_butterflies_fu_72/mul_7s_7s_7_1_1_U26/tmp_product__0_carry__0_n_10
    SLICE_X28Y33         LUT2 (Prop_lut2_I0_O)        0.299     6.658 r  design_1_i/afdm_mod_top_0/inst/grp_afdm_mod_fu_136/grp_afdm_mod_Pipeline_stages_butterflies_fu_72/mul_7s_7s_7_1_1_U26/tmp_product__28_carry_i_3/O
                         net (fo=1, routed)           0.000     6.658    design_1_i/afdm_mod_top_0/inst/grp_afdm_mod_fu_136/grp_afdm_mod_Pipeline_stages_butterflies_fu_72/mul_7s_7s_7_1_1_U26/tmp_product__28_carry_i_3_n_3
    SLICE_X28Y33         CARRY4 (Prop_carry4_S[1]_O[2])
                                                      0.580     7.238 r  design_1_i/afdm_mod_top_0/inst/grp_afdm_mod_fu_136/grp_afdm_mod_Pipeline_stages_butterflies_fu_72/mul_7s_7s_7_1_1_U26/tmp_product__28_carry/O[2]
                         net (fo=44, routed)          1.287     8.525    design_1_i/afdm_mod_top_0/inst/grp_afdm_mod_fu_136/grp_afdm_mod_Pipeline_stages_butterflies_fu_72/mul_7s_7s_7_1_1_U26/zext_ln69_3_fu_379_p1[5]
    SLICE_X25Y24         LUT6 (Prop_lut6_I0_O)        0.302     8.827 r  design_1_i/afdm_mod_top_0/inst/grp_afdm_mod_fu_136/grp_afdm_mod_Pipeline_stages_butterflies_fu_72/mul_7s_7s_7_1_1_U26/q0[10]_i_2__0/O
                         net (fo=1, routed)           0.643     9.470    design_1_i/afdm_mod_top_0/inst/grp_afdm_mod_fu_136/grp_afdm_mod_Pipeline_stages_butterflies_fu_72/mul_7s_7s_7_1_1_U26/q0[10]_i_2__0_n_3
    SLICE_X25Y24         LUT3 (Prop_lut3_I2_O)        0.150     9.620 r  design_1_i/afdm_mod_top_0/inst/grp_afdm_mod_fu_136/grp_afdm_mod_Pipeline_stages_butterflies_fu_72/mul_7s_7s_7_1_1_U26/q0[10]_i_1__0/O
                         net (fo=2, routed)           0.792    10.412    design_1_i/afdm_mod_top_0/inst/grp_afdm_mod_fu_136/grp_afdm_mod_Pipeline_stages_butterflies_fu_72/mul_7s_7s_7_1_1_U26_n_23
    DSP48_X1Y8           DSP48E1                                      r  design_1_i/afdm_mod_top_0/inst/grp_afdm_mod_fu_136/grp_afdm_mod_Pipeline_stages_butterflies_fu_72/mul_ln22_1_reg_1608_reg/A[10]
  -------------------------------------------------------------------    -------------------

                         (clock clk_fpga_0 rise edge)
                                                     10.000    10.000 r  
    PS7_X0Y0             PS7                          0.000    10.000 r  design_1_i/processing_system7_0/inst/PS7_i/FCLKCLK[0]
                         net (fo=1, routed)           1.088    11.088    design_1_i/processing_system7_0/inst/FCLK_CLK_unbuffered[0]
    BUFGCTRL_X0Y16       BUFG (Prop_bufg_I_O)         0.091    11.179 r  design_1_i/processing_system7_0/inst/buffer_fclk_clk_0.FCLK_CLK_0_BUFG/O
                         net (fo=4149, routed)        1.657    12.836    design_1_i/afdm_mod_top_0/inst/grp_afdm_mod_fu_136/grp_afdm_mod_Pipeline_stages_butterflies_fu_72/ap_clk
    DSP48_X1Y8           DSP48E1                                      r  design_1_i/afdm_mod_top_0/inst/grp_afdm_mod_fu_136/grp_afdm_mod_Pipeline_stages_butterflies_fu_72/mul_ln22_1_reg_1608_reg/CLK
                         clock pessimism              0.230    13.066    
                         clock uncertainty           -0.154    12.911    
    DSP48_X1Y8           DSP48E1 (Setup_dsp48e1_CLK_A[10])
                                                     -0.564    12.347    design_1_i/afdm_mod_top_0/inst/grp_afdm_mod_fu_136/grp_afdm_mod_Pipeline_stages_butterflies_fu_72/mul_ln22_1_reg_1608_reg
  -------------------------------------------------------------------
                         required time                         12.347    
                         arrival time                         -10.412    
  -------------------------------------------------------------------
                         slack                                  1.935    





Min Delay Paths
--------------------------------------------------------------------------------------
Slack (MET) :             0.027ns  (arrival time - required time)
  Source:                 design_1_i/afdm_mod_top_0/inst/gmem_m_axi_U/bus_write/wreq_burst_conv/burst_sequential/rs_req/data_p1_reg[39]/C
                            (rising edge-triggered cell FDRE clocked by clk_fpga_0  {rise@0.000ns fall@5.000ns period=10.000ns})
  Destination:            design_1_i/afdm_mod_top_0/inst/gmem_m_axi_U/bus_write/wreq_burst_conv/burst_sequential/start_addr_reg[39]/D
                            (rising edge-triggered cell FDRE clocked by clk_fpga_0  {rise@0.000ns fall@5.000ns period=10.000ns})
  Path Group:             clk_fpga_0
  Path Type:              Hold (Min at Fast Process Corner)
  Requirement:            0.000ns  (clk_fpga_0 rise@0.000ns - clk_fpga_0 rise@0.000ns)
  Data Path Delay:        0.360ns  (logic 0.141ns (39.171%)  route 0.219ns (60.829%))
  Logic Levels:           0  
  Clock Path Skew:        0.261ns (DCD - SCD - CPR)
    Destination Clock Delay (DCD):    1.177ns
    Source Clock Delay      (SCD):    0.881ns
    Clock Pessimism Removal (CPR):    0.035ns

    Location             Delay type                Incr(ns)  Path(ns)    Netlist Resource(s)
  -------------------------------------------------------------------    -------------------
                         (clock clk_fpga_0 rise edge)
                                                      0.000     0.000 r  
    PS7_X0Y0             PS7                          0.000     0.000 r  design_1_i/processing_system7_0/inst/PS7_i/FCLKCLK[0]
                         net (fo=1, routed)           0.310     0.310    design_1_i/processing_system7_0/inst/FCLK_CLK_unbuffered[0]
    BUFGCTRL_X0Y16       BUFG (Prop_bufg_I_O)         0.026     0.336 r  design_1_i/processing_system7_0/inst/buffer_fclk_clk_0.FCLK_CLK_0_BUFG/O
                         net (fo=4149, routed)        0.545     0.881    design_1_i/afdm_mod_top_0/inst/gmem_m_axi_U/bus_write/wreq_burst_conv/burst_sequential/rs_req/ap_clk
    SLICE_X49Y71         FDRE                                         r  design_1_i/afdm_mod_top_0/inst/gmem_m_axi_U/bus_write/wreq_burst_conv/burst_sequential/rs_req/data_p1_reg[39]/C
  -------------------------------------------------------------------    -------------------
    SLICE_X49Y71         FDRE (Prop_fdre_C_Q)         0.141     1.022 r  design_1_i/afdm_mod_top_0/inst/gmem_m_axi_U/bus_write/wreq_burst_conv/burst_sequential/rs_req/data_p1_reg[39]/Q
                         net (fo=2, routed)           0.219     1.241    design_1_i/afdm_mod_top_0/inst/gmem_m_axi_U/bus_write/wreq_burst_conv/burst_sequential/start_addr_tmp[39]
    SLICE_X51Y68         FDRE                                         r  design_1_i/afdm_mod_top_0/inst/gmem_m_axi_U/bus_write/wreq_burst_conv/burst_sequential/start_addr_reg[39]/D
  -------------------------------------------------------------------    -------------------

                         (clock clk_fpga_0 rise edge)
                                                      0.000     0.000 r  
    PS7_X0Y0             PS7                          0.000     0.000 r  design_1_i/processing_system7_0/inst/PS7_i/FCLKCLK[0]
                         net (fo=1, routed)           0.337     0.337    design_1_i/processing_system7_0/inst/FCLK_CLK_unbuffered[0]
    BUFGCTRL_X0Y16       BUFG (Prop_bufg_I_O)         0.029     0.366 r  design_1_i/processing_system7_0/inst/buffer_fclk_clk_0.FCLK_CLK_0_BUFG/O
                         net (fo=4149, routed)        0.811     1.177    design_1_i/afdm_mod_top_0/inst/gmem_m_axi_U/bus_write/wreq_burst_conv/burst_sequential/ap_clk
    SLICE_X51Y68         FDRE                                         r  design_1_i/afdm_mod_top_0/inst/gmem_m_axi_U/bus_write/wreq_burst_conv/burst_sequential/start_addr_reg[39]/C
                         clock pessimism             -0.035     1.142    
    SLICE_X51Y68         FDRE (Hold_fdre_C_D)         0.072     1.214    design_1_i/afdm_mod_top_0/inst/gmem_m_axi_U/bus_write/wreq_burst_conv/burst_sequential/start_addr_reg[39]
  -------------------------------------------------------------------
                         required time                         -1.214    
                         arrival time                           1.241    
  -------------------------------------------------------------------
                         slack                                  0.027    

Slack (MET) :             0.032ns  (arrival time - required time)
  Source:                 design_1_wrapper/design_1/design_1_axi_mem_intercon_0/s00_couplers_imp_7HNO1D/design_1_axi_mem_intercon_imp_auto_pc_0/design_1_axi_mem_intercon_imp_auto_pc_0_axi_protocol_converter_v2_1_37_axi_protocol_converter/design_1_axi_mem_intercon_imp_auto_pc_0_axi_protocol_converter_v2_1_37_axi3_conv/design_1_axi_mem_intercon_imp_auto_pc_0_axi_protocol_converter_v2_1_37_a_axi3_conv/design_1_axi_mem_intercon_imp_auto_pc_0_axi_data_fifo_v2_1_36_axic_fifo/design_1_axi_mem_intercon_imp_auto_pc_0_axi_data_fifo_v2_1_36_fifo_gen_1/<hidden>/<hidden>/<hidden>/<hidden>/<hidden>/<hidden>
                            (rising edge-triggered cell FDCE clocked by clk_fpga_0  {rise@0.000ns fall@5.000ns period=10.000ns})
  Destination:            design_1_wrapper/design_1/design_1_axi_mem_intercon_0/s00_couplers_imp_7HNO1D/design_1_axi_mem_intercon_imp_auto_pc_0/design_1_axi_mem_intercon_imp_auto_pc_0_axi_protocol_converter_v2_1_37_axi_protocol_converter/design_1_axi_mem_intercon_imp_auto_pc_0_axi_protocol_converter_v2_1_37_axi3_conv/design_1_axi_mem_intercon_imp_auto_pc_0_axi_protocol_converter_v2_1_37_a_axi3_conv/design_1_axi_mem_intercon_imp_auto_pc_0_axi_data_fifo_v2_1_36_axic_fifo/design_1_axi_mem_intercon_imp_auto_pc_0_axi_data_fifo_v2_1_36_fifo_gen_1/<hidden>/<hidden>/<hidden>/<hidden>/<hidden>/<hidden>/<hidden>
                            (rising edge-triggered cell RAMD32 clocked by clk_fpga_0  {rise@0.000ns fall@5.000ns period=10.000ns})
  Path Group:             clk_fpga_0
  Path Type:              Hold (Min at Fast Process Corner)
  Requirement:            0.000ns  (clk_fpga_0 rise@0.000ns - clk_fpga_0 rise@0.000ns)
  Data Path Delay:        0.245ns  (logic 0.141ns (57.463%)  route 0.104ns (42.537%))
  Logic Levels:           0  
  Clock Path Skew:        0.013ns (DCD - SCD - CPR)
    Destination Clock Delay (DCD):    1.191ns
    Source Clock Delay      (SCD):    0.893ns
    Clock Pessimism Removal (CPR):    0.285ns

    Location             Delay type                Incr(ns)  Path(ns)    Netlist Resource(s)
  -------------------------------------------------------------------    -------------------
                         (clock clk_fpga_0 rise edge)
                                                      0.000     0.000 r  
    PS7_X0Y0             PS7                          0.000     0.000 r  design_1_i/processing_system7_0/inst/PS7_i/FCLKCLK[0]
                         net (fo=1, routed)           0.310     0.310    design_1_i/processing_system7_0/inst/FCLK_CLK_unbuffered[0]
    BUFGCTRL_X0Y16       BUFG (Prop_bufg_I_O)         0.026     0.336 r  design_1_i/processing_system7_0/inst/buffer_fclk_clk_0.FCLK_CLK_0_BUFG/O
                         net (fo=4149, routed)        0.557     0.893    design_1_wrapper/design_1/design_1_axi_mem_intercon_0/s00_couplers_imp_7HNO1D/design_1_axi_mem_intercon_imp_auto_pc_0/design_1_axi_mem_intercon_imp_auto_pc_0_axi_protocol_converter_v2_1_37_axi_protocol_converter/design_1_axi_mem_intercon_imp_auto_pc_0_axi_protocol_converter_v2_1_37_axi3_conv/design_1_axi_mem_intercon_imp_auto_pc_0_axi_protocol_converter_v2_1_37_a_axi3_conv/design_1_axi_mem_intercon_imp_auto_pc_0_axi_data_fifo_v2_1_36_axic_fifo/design_1_axi_mem_intercon_imp_auto_pc_0_axi_data_fifo_v2_1_36_fifo_gen_1/<hidden>/<hidden>/<hidden>/<hidden>/<hidden>/<hidden>
    SLICE_X47Y51         FDCE                                         r  design_1_wrapper/design_1/design_1_axi_mem_intercon_0/s00_couplers_imp_7HNO1D/design_1_axi_mem_intercon_imp_auto_pc_0/design_1_axi_mem_intercon_imp_auto_pc_0_axi_protocol_converter_v2_1_37_axi_protocol_converter/design_1_axi_mem_intercon_imp_auto_pc_0_axi_protocol_converter_v2_1_37_axi3_conv/design_1_axi_mem_intercon_imp_auto_pc_0_axi_protocol_converter_v2_1_37_a_axi3_conv/design_1_axi_mem_intercon_imp_auto_pc_0_axi_data_fifo_v2_1_36_axic_fifo/design_1_axi_mem_intercon_imp_auto_pc_0_axi_data_fifo_v2_1_36_fifo_gen_1/<hidden>/<hidden>/<hidden>/<hidden>/<hidden>/<hidden>
  -------------------------------------------------------------------    -------------------
    SLICE_X47Y51         FDCE (Prop_fdce_C_Q)         0.141     1.034 r  design_1_wrapper/design_1/design_1_axi_mem_intercon_0/s00_couplers_imp_7HNO1D/design_1_axi_mem_intercon_imp_auto_pc_0/design_1_axi_mem_intercon_imp_auto_pc_0_axi_protocol_converter_v2_1_37_axi_protocol_converter/design_1_axi_mem_intercon_imp_auto_pc_0_axi_protocol_converter_v2_1_37_axi3_conv/design_1_axi_mem_intercon_imp_auto_pc_0_axi_protocol_converter_v2_1_37_a_axi3_conv/design_1_axi_mem_intercon_imp_auto_pc_0_axi_data_fifo_v2_1_36_axic_fifo/design_1_axi_mem_intercon_imp_auto_pc_0_axi_data_fifo_v2_1_36_fifo_gen_1/<hidden>/<hidden>/<hidden>/<hidden>/<hidden>/<hidden>
                         net (fo=10, routed)          0.104     1.138    design_1_wrapper/design_1/design_1_axi_mem_intercon_0/s00_couplers_imp_7HNO1D/design_1_axi_mem_intercon_imp_auto_pc_0/design_1_axi_mem_intercon_imp_auto_pc_0_axi_protocol_converter_v2_1_37_axi_protocol_converter/design_1_axi_mem_intercon_imp_auto_pc_0_axi_protocol_converter_v2_1_37_axi3_conv/design_1_axi_mem_intercon_imp_auto_pc_0_axi_protocol_converter_v2_1_37_a_axi3_conv/design_1_axi_mem_intercon_imp_auto_pc_0_axi_data_fifo_v2_1_36_axic_fifo/design_1_axi_mem_intercon_imp_auto_pc_0_axi_data_fifo_v2_1_36_fifo_gen_1/<hidden>/<hidden>/<hidden>/<hidden>/<hidden>/<hidden>/<hidden>
    SLICE_X46Y51         RAMD32                                       r  design_1_wrapper/design_1/design_1_axi_mem_intercon_0/s00_couplers_imp_7HNO1D/design_1_axi_mem_intercon_imp_auto_pc_0/design_1_axi_mem_intercon_imp_auto_pc_0_axi_protocol_converter_v2_1_37_axi_protocol_converter/design_1_axi_mem_intercon_imp_auto_pc_0_axi_protocol_converter_v2_1_37_axi3_conv/design_1_axi_mem_intercon_imp_auto_pc_0_axi_protocol_converter_v2_1_37_a_axi3_conv/design_1_axi_mem_intercon_imp_auto_pc_0_axi_data_fifo_v2_1_36_axic_fifo/design_1_axi_mem_intercon_imp_auto_pc_0_axi_data_fifo_v2_1_36_fifo_gen_1/<hidden>/<hidden>/<hidden>/<hidden>/<hidden>/<hidden>/<hidden>
  -------------------------------------------------------------------    -------------------

                         (clock clk_fpga_0 rise edge)
                                                      0.000     0.000 r  
    PS7_X0Y0             PS7                          0.000     0.000 r  design_1_i/processing_system7_0/inst/PS7_i/FCLKCLK[0]
                         net (fo=1, routed)           0.337     0.337    design_1_i/processing_system7_0/inst/FCLK_CLK_unbuffered[0]
    BUFGCTRL_X0Y16       BUFG (Prop_bufg_I_O)         0.029     0.366 r  design_1_i/processing_system7_0/inst/buffer_fclk_clk_0.FCLK_CLK_0_BUFG/O
                         net (fo=4149, routed)        0.825     1.191    design_1_wrapper/design_1/design_1_axi_mem_intercon_0/s00_couplers_imp_7HNO1D/design_1_axi_mem_intercon_imp_auto_pc_0/design_1_axi_mem_intercon_imp_auto_pc_0_axi_protocol_converter_v2_1_37_axi_protocol_converter/design_1_axi_mem_intercon_imp_auto_pc_0_axi_protocol_converter_v2_1_37_axi3_conv/design_1_axi_mem_intercon_imp_auto_pc_0_axi_protocol_converter_v2_1_37_a_axi3_conv/design_1_axi_mem_intercon_imp_auto_pc_0_axi_data_fifo_v2_1_36_axic_fifo/design_1_axi_mem_intercon_imp_auto_pc_0_axi_data_fifo_v2_1_36_fifo_gen_1/<hidden>/<hidden>/<hidden>/<hidden>/<hidden>/<hidden>/<hidden>
    SLICE_X46Y51         RAMD32                                       r  design_1_wrapper/design_1/design_1_axi_mem_intercon_0/s00_couplers_imp_7HNO1D/design_1_axi_mem_intercon_imp_auto_pc_0/design_1_axi_mem_intercon_imp_auto_pc_0_axi_protocol_converter_v2_1_37_axi_protocol_converter/design_1_axi_mem_intercon_imp_auto_pc_0_axi_protocol_converter_v2_1_37_axi3_conv/design_1_axi_mem_intercon_imp_auto_pc_0_axi_protocol_converter_v2_1_37_a_axi3_conv/design_1_axi_mem_intercon_imp_auto_pc_0_axi_data_fifo_v2_1_36_axic_fifo/design_1_axi_mem_intercon_imp_auto_pc_0_axi_data_fifo_v2_1_36_fifo_gen_1/<hidden>/<hidden>/<hidden>/<hidden>/<hidden>/<hidden>/<hidden>
                         clock pessimism             -0.285     0.906    
    SLICE_X46Y51         RAMD32 (Hold_ramd32_CLK_WADR4)
                                                      0.200     1.106    design_1_wrapper/design_1/design_1_axi_mem_intercon_0/s00_couplers_imp_7HNO1D/design_1_axi_mem_intercon_imp_auto_pc_0/design_1_axi_mem_intercon_imp_auto_pc_0_axi_protocol_converter_v2_1_37_axi_protocol_converter/design_1_axi_mem_intercon_imp_auto_pc_0_axi_protocol_converter_v2_1_37_axi3_conv/design_1_axi_mem_intercon_imp_auto_pc_0_axi_protocol_converter_v2_1_37_a_axi3_conv/design_1_axi_mem_intercon_imp_auto_pc_0_axi_data_fifo_v2_1_36_axic_fifo/design_1_axi_mem_intercon_imp_auto_pc_0_axi_data_fifo_v2_1_36_fifo_gen_1/<hidden>/<hidden>/<hidden>/<hidden>/<hidden>/<hidden>/<hidden>
  -------------------------------------------------------------------
                         required time                         -1.106    
                         arrival time                           1.138    
  -------------------------------------------------------------------
                         slack                                  0.032    

Slack (MET) :             0.032ns  (arrival time - required time)
  Source:                 design_1_wrapper/design_1/design_1_axi_mem_intercon_0/s00_couplers_imp_7HNO1D/design_1_axi_mem_intercon_imp_auto_pc_0/design_1_axi_mem_intercon_imp_auto_pc_0_axi_protocol_converter_v2_1_37_axi_protocol_converter/design_1_axi_mem_intercon_imp_auto_pc_0_axi_protocol_converter_v2_1_37_axi3_conv/design_1_axi_mem_intercon_imp_auto_pc_0_axi_protocol_converter_v2_1_37_a_axi3_conv/design_1_axi_mem_intercon_imp_auto_pc_0_axi_data_fifo_v2_1_36_axic_fifo/design_1_axi_mem_intercon_imp_auto_pc_0_axi_data_fifo_v2_1_36_fifo_gen_1/<hidden>/<hidden>/<hidden>/<hidden>/<hidden>/<hidden>
                            (rising edge-triggered cell FDCE clocked by clk_fpga_0  {rise@0.000ns fall@5.000ns period=10.000ns})
  Destination:            design_1_wrapper/design_1/design_1_axi_mem_intercon_0/s00_couplers_imp_7HNO1D/design_1_axi_mem_intercon_imp_auto_pc_0/design_1_axi_mem_intercon_imp_auto_pc_0_axi_protocol_converter_v2_1_37_axi_protocol_converter/design_1_axi_mem_intercon_imp_auto_pc_0_axi_protocol_converter_v2_1_37_axi3_conv/design_1_axi_mem_intercon_imp_auto_pc_0_axi_protocol_converter_v2_1_37_a_axi3_conv/design_1_axi_mem_intercon_imp_auto_pc_0_axi_data_fifo_v2_1_36_axic_fifo/design_1_axi_mem_intercon_imp_auto_pc_0_axi_data_fifo_v2_1_36_fifo_gen_1/<hidden>/<hidden>/<hidden>/<hidden>/<hidden>/<hidden>/<hidden>
                            (rising edge-triggered cell RAMD32 clocked by clk_fpga_0  {rise@0.000ns fall@5.000ns period=10.000ns})
  Path Group:             clk_fpga_0
  Path Type:              Hold (Min at Fast Process Corner)
  Requirement:            0.000ns  (clk_fpga_0 rise@0.000ns - clk_fpga_0 rise@0.000ns)
  Data Path Delay:        0.245ns  (logic 0.141ns (57.463%)  route 0.104ns (42.537%))
  Logic Levels:           0  
  Clock Path Skew:        0.013ns (DCD - SCD - CPR)
    Destination Clock Delay (DCD):    1.191ns
    Source Clock Delay      (SCD):    0.893ns
    Clock Pessimism Removal (CPR):    0.285ns

    Location             Delay type                Incr(ns)  Path(ns)    Netlist Resource(s)
  -------------------------------------------------------------------    -------------------
                         (clock clk_fpga_0 rise edge)
                                                      0.000     0.000 r  
    PS7_X0Y0             PS7                          0.000     0.000 r  design_1_i/processing_system7_0/inst/PS7_i/FCLKCLK[0]
                         net (fo=1, routed)           0.310     0.310    design_1_i/processing_system7_0/inst/FCLK_CLK_unbuffered[0]
    BUFGCTRL_X0Y16       BUFG (Prop_bufg_I_O)         0.026     0.336 r  design_1_i/processing_system7_0/inst/buffer_fclk_clk_0.FCLK_CLK_0_BUFG/O
                         net (fo=4149, routed)        0.557     0.893    design_1_wrapper/design_1/design_1_axi_mem_intercon_0/s00_couplers_imp_7HNO1D/design_1_axi_mem_intercon_imp_auto_pc_0/design_1_axi_mem_intercon_imp_auto_pc_0_axi_protocol_converter_v2_1_37_axi_protocol_converter/design_1_axi_mem_intercon_imp_auto_pc_0_axi_protocol_converter_v2_1_37_axi3_conv/design_1_axi_mem_intercon_imp_auto_pc_0_axi_protocol_converter_v2_1_37_a_axi3_conv/design_1_axi_mem_intercon_imp_auto_pc_0_axi_data_fifo_v2_1_36_axic_fifo/design_1_axi_mem_intercon_imp_auto_pc_0_axi_data_fifo_v2_1_36_fifo_gen_1/<hidden>/<hidden>/<hidden>/<hidden>/<hidden>/<hidden>
    SLICE_X47Y51         FDCE                                         r  design_1_wrapper/design_1/design_1_axi_mem_intercon_0/s00_couplers_imp_7HNO1D/design_1_axi_mem_intercon_imp_auto_pc_0/design_1_axi_mem_intercon_imp_auto_pc_0_axi_protocol_converter_v2_1_37_axi_protocol_converter/design_1_axi_mem_intercon_imp_auto_pc_0_axi_protocol_converter_v2_1_37_axi3_conv/design_1_axi_mem_intercon_imp_auto_pc_0_axi_protocol_converter_v2_1_37_a_axi3_conv/design_1_axi_mem_intercon_imp_auto_pc_0_axi_data_fifo_v2_1_36_axic_fifo/design_1_axi_mem_intercon_imp_auto_pc_0_axi_data_fifo_v2_1_36_fifo_gen_1/<hidden>/<hidden>/<hidden>/<hidden>/<hidden>/<hidden>
  -------------------------------------------------------------------    -------------------
    SLICE_X47Y51         FDCE (Prop_fdce_C_Q)         0.141     1.034 r  design_1_wrapper/design_1/design_1_axi_mem_intercon_0/s00_couplers_imp_7HNO1D/design_1_axi_mem_intercon_imp_auto_pc_0/design_1_axi_mem_intercon_imp_auto_pc_0_axi_protocol_converter_v2_1_37_axi_protocol_converter/design_1_axi_mem_intercon_imp_auto_pc_0_axi_protocol_converter_v2_1_37_axi3_conv/design_1_axi_mem_intercon_imp_auto_pc_0_axi_protocol_converter_v2_1_37_a_axi3_conv/design_1_axi_mem_intercon_imp_auto_pc_0_axi_data_fifo_v2_1_36_axic_fifo/design_1_axi_mem_intercon_imp_auto_pc_0_axi_data_fifo_v2_1_36_fifo_gen_1/<hidden>/<hidden>/<hidden>/<hidden>/<hidden>/<hidden>
                         net (fo=10, routed)          0.104     1.138    design_1_wrapper/design_1/design_1_axi_mem_intercon_0/s00_couplers_imp_7HNO1D/design_1_axi_mem_intercon_imp_auto_pc_0/design_1_axi_mem_intercon_imp_auto_pc_0_axi_protocol_converter_v2_1_37_axi_protocol_converter/design_1_axi_mem_intercon_imp_auto_pc_0_axi_protocol_converter_v2_1_37_axi3_conv/design_1_axi_mem_intercon_imp_auto_pc_0_axi_protocol_converter_v2_1_37_a_axi3_conv/design_1_axi_mem_intercon_imp_auto_pc_0_axi_data_fifo_v2_1_36_axic_fifo/design_1_axi_mem_intercon_imp_auto_pc_0_axi_data_fifo_v2_1_36_fifo_gen_1/<hidden>/<hidden>/<hidden>/<hidden>/<hidden>/<hidden>/<hidden>
    SLICE_X46Y51         RAMD32                                       r  design_1_wrapper/design_1/design_1_axi_mem_intercon_0/s00_couplers_imp_7HNO1D/design_1_axi_mem_intercon_imp_auto_pc_0/design_1_axi_mem_intercon_imp_auto_pc_0_axi_protocol_converter_v2_1_37_axi_protocol_converter/design_1_axi_mem_intercon_imp_auto_pc_0_axi_protocol_converter_v2_1_37_axi3_conv/design_1_axi_mem_intercon_imp_auto_pc_0_axi_protocol_converter_v2_1_37_a_axi3_conv/design_1_axi_mem_intercon_imp_auto_pc_0_axi_data_fifo_v2_1_36_axic_fifo/design_1_axi_mem_intercon_imp_auto_pc_0_axi_data_fifo_v2_1_36_fifo_gen_1/<hidden>/<hidden>/<hidden>/<hidden>/<hidden>/<hidden>/<hidden>
  -------------------------------------------------------------------    -------------------

                         (clock clk_fpga_0 rise edge)
                                                      0.000     0.000 r  
    PS7_X0Y0             PS7                          0.000     0.000 r  design_1_i/processing_system7_0/inst/PS7_i/FCLKCLK[0]
                         net (fo=1, routed)           0.337     0.337    design_1_i/processing_system7_0/inst/FCLK_CLK_unbuffered[0]
    BUFGCTRL_X0Y16       BUFG (Prop_bufg_I_O)         0.029     0.366 r  design_1_i/processing_system7_0/inst/buffer_fclk_clk_0.FCLK_CLK_0_BUFG/O
                         net (fo=4149, routed)        0.825     1.191    design_1_wrapper/design_1/design_1_axi_mem_intercon_0/s00_couplers_imp_7HNO1D/design_1_axi_mem_intercon_imp_auto_pc_0/design_1_axi_mem_intercon_imp_auto_pc_0_axi_protocol_converter_v2_1_37_axi_protocol_converter/design_1_axi_mem_intercon_imp_auto_pc_0_axi_protocol_converter_v2_1_37_axi3_conv/design_1_axi_mem_intercon_imp_auto_pc_0_axi_protocol_converter_v2_1_37_a_axi3_conv/design_1_axi_mem_intercon_imp_auto_pc_0_axi_data_fifo_v2_1_36_axic_fifo/design_1_axi_mem_intercon_imp_auto_pc_0_axi_data_fifo_v2_1_36_fifo_gen_1/<hidden>/<hidden>/<hidden>/<hidden>/<hidden>/<hidden>/<hidden>
    SLICE_X46Y51         RAMD32                                       r  design_1_wrapper/design_1/design_1_axi_mem_intercon_0/s00_couplers_imp_7HNO1D/design_1_axi_mem_intercon_imp_auto_pc_0/design_1_axi_mem_intercon_imp_auto_pc_0_axi_protocol_converter_v2_1_37_axi_protocol_converter/design_1_axi_mem_intercon_imp_auto_pc_0_axi_protocol_converter_v2_1_37_axi3_conv/design_1_axi_mem_intercon_imp_auto_pc_0_axi_protocol_converter_v2_1_37_a_axi3_conv/design_1_axi_mem_intercon_imp_auto_pc_0_axi_data_fifo_v2_1_36_axic_fifo/design_1_axi_mem_intercon_imp_auto_pc_0_axi_data_fifo_v2_1_36_fifo_gen_1/<hidden>/<hidden>/<hidden>/<hidden>/<hidden>/<hidden>/<hidden>
                         clock pessimism             -0.285     0.906    
    SLICE_X46Y51         RAMD32 (Hold_ramd32_CLK_WADR4)
                                                      0.200     1.106    design_1_wrapper/design_1/design_1_axi_mem_intercon_0/s00_couplers_imp_7HNO1D/design_1_axi_mem_intercon_imp_auto_pc_0/design_1_axi_mem_intercon_imp_auto_pc_0_axi_protocol_converter_v2_1_37_axi_protocol_converter/design_1_axi_mem_intercon_imp_auto_pc_0_axi_protocol_converter_v2_1_37_axi3_conv/design_1_axi_mem_intercon_imp_auto_pc_0_axi_protocol_converter_v2_1_37_a_axi3_conv/design_1_axi_mem_intercon_imp_auto_pc_0_axi_data_fifo_v2_1_36_axic_fifo/design_1_axi_mem_intercon_imp_auto_pc_0_axi_data_fifo_v2_1_36_fifo_gen_1/<hidden>/<hidden>/<hidden>/<hidden>/<hidden>/<hidden>/<hidden>
  -------------------------------------------------------------------
                         required time                         -1.106    
                         arrival time                           1.138    
  -------------------------------------------------------------------
                         slack                                  0.032    

Slack (MET) :             0.032ns  (arrival time - required time)
  Source:                 design_1_wrapper/design_1/design_1_axi_mem_intercon_0/s00_couplers_imp_7HNO1D/design_1_axi_mem_intercon_imp_auto_pc_0/design_1_axi_mem_intercon_imp_auto_pc_0_axi_protocol_converter_v2_1_37_axi_protocol_converter/design_1_axi_mem_intercon_imp_auto_pc_0_axi_protocol_converter_v2_1_37_axi3_conv/design_1_axi_mem_intercon_imp_auto_pc_0_axi_protocol_converter_v2_1_37_a_axi3_conv/design_1_axi_mem_intercon_imp_auto_pc_0_axi_data_fifo_v2_1_36_axic_fifo/design_1_axi_mem_intercon_imp_auto_pc_0_axi_data_fifo_v2_1_36_fifo_gen_1/<hidden>/<hidden>/<hidden>/<hidden>/<hidden>/<hidden>
                            (rising edge-triggered cell FDCE clocked by clk_fpga_0  {rise@0.000ns fall@5.000ns period=10.000ns})
  Destination:            design_1_wrapper/design_1/design_1_axi_mem_intercon_0/s00_couplers_imp_7HNO1D/design_1_axi_mem_intercon_imp_auto_pc_0/design_1_axi_mem_intercon_imp_auto_pc_0_axi_protocol_converter_v2_1_37_axi_protocol_converter/design_1_axi_mem_intercon_imp_auto_pc_0_axi_protocol_converter_v2_1_37_axi3_conv/design_1_axi_mem_intercon_imp_auto_pc_0_axi_protocol_converter_v2_1_37_a_axi3_conv/design_1_axi_mem_intercon_imp_auto_pc_0_axi_data_fifo_v2_1_36_axic_fifo/design_1_axi_mem_intercon_imp_auto_pc_0_axi_data_fifo_v2_1_36_fifo_gen_1/<hidden>/<hidden>/<hidden>/<hidden>/<hidden>/<hidden>/<hidden>
                            (rising edge-triggered cell RAMD32 clocked by clk_fpga_0  {rise@0.000ns fall@5.000ns period=10.000ns})
  Path Group:             clk_fpga_0
  Path Type:              Hold (Min at Fast Process Corner)
  Requirement:            0.000ns  (clk_fpga_0 rise@0.000ns - clk_fpga_0 rise@0.000ns)
  Data Path Delay:        0.245ns  (logic 0.141ns (57.463%)  route 0.104ns (42.537%))
  Logic Levels:           0  
  Clock Path Skew:        0.013ns (DCD - SCD - CPR)
    Destination Clock Delay (DCD):    1.191ns
    Source Clock Delay      (SCD):    0.893ns
    Clock Pessimism Removal (CPR):    0.285ns

    Location             Delay type                Incr(ns)  Path(ns)    Netlist Resource(s)
  -------------------------------------------------------------------    -------------------
                         (clock clk_fpga_0 rise edge)
                                                      0.000     0.000 r  
    PS7_X0Y0             PS7                          0.000     0.000 r  design_1_i/processing_system7_0/inst/PS7_i/FCLKCLK[0]
                         net (fo=1, routed)           0.310     0.310    design_1_i/processing_system7_0/inst/FCLK_CLK_unbuffered[0]
    BUFGCTRL_X0Y16       BUFG (Prop_bufg_I_O)         0.026     0.336 r  design_1_i/processing_system7_0/inst/buffer_fclk_clk_0.FCLK_CLK_0_BUFG/O
                         net (fo=4149, routed)        0.557     0.893    design_1_wrapper/design_1/design_1_axi_mem_intercon_0/s00_couplers_imp_7HNO1D/design_1_axi_mem_intercon_imp_auto_pc_0/design_1_axi_mem_intercon_imp_auto_pc_0_axi_protocol_converter_v2_1_37_axi_protocol_converter/design_1_axi_mem_intercon_imp_auto_pc_0_axi_protocol_converter_v2_1_37_axi3_conv/design_1_axi_mem_intercon_imp_auto_pc_0_axi_protocol_converter_v2_1_37_a_axi3_conv/design_1_axi_mem_intercon_imp_auto_pc_0_axi_data_fifo_v2_1_36_axic_fifo/design_1_axi_mem_intercon_imp_auto_pc_0_axi_data_fifo_v2_1_36_fifo_gen_1/<hidden>/<hidden>/<hidden>/<hidden>/<hidden>/<hidden>
    SLICE_X47Y51         FDCE                                         r  design_1_wrapper/design_1/design_1_axi_mem_intercon_0/s00_couplers_imp_7HNO1D/design_1_axi_mem_intercon_imp_auto_pc_0/design_1_axi_mem_intercon_imp_auto_pc_0_axi_protocol_converter_v2_1_37_axi_protocol_converter/design_1_axi_mem_intercon_imp_auto_pc_0_axi_protocol_converter_v2_1_37_axi3_conv/design_1_axi_mem_intercon_imp_auto_pc_0_axi_protocol_converter_v2_1_37_a_axi3_conv/design_1_axi_mem_intercon_imp_auto_pc_0_axi_data_fifo_v2_1_36_axic_fifo/design_1_axi_mem_intercon_imp_auto_pc_0_axi_data_fifo_v2_1_36_fifo_gen_1/<hidden>/<hidden>/<hidden>/<hidden>/<hidden>/<hidden>
  -------------------------------------------------------------------    -------------------
    SLICE_X47Y51         FDCE (Prop_fdce_C_Q)         0.141     1.034 r  design_1_wrapper/design_1/design_1_axi_mem_intercon_0/s00_couplers_imp_7HNO1D/design_1_axi_mem_intercon_imp_auto_pc_0/design_1_axi_mem_intercon_imp_auto_pc_0_axi_protocol_converter_v2_1_37_axi_protocol_converter/design_1_axi_mem_intercon_imp_auto_pc_0_axi_protocol_converter_v2_1_37_axi3_conv/design_1_axi_mem_intercon_imp_auto_pc_0_axi_protocol_converter_v2_1_37_a_axi3_conv/design_1_axi_mem_intercon_imp_auto_pc_0_axi_data_fifo_v2_1_36_axic_fifo/design_1_axi_mem_intercon_imp_auto_pc_0_axi_data_fifo_v2_1_36_fifo_gen_1/<hidden>/<hidden>/<hidden>/<hidden>/<hidden>/<hidden>
                         net (fo=10, routed)          0.104     1.138    design_1_wrapper/design_1/design_1_axi_mem_intercon_0/s00_couplers_imp_7HNO1D/design_1_axi_mem_intercon_imp_auto_pc_0/design_1_axi_mem_intercon_imp_auto_pc_0_axi_protocol_converter_v2_1_37_axi_protocol_converter/design_1_axi_mem_intercon_imp_auto_pc_0_axi_protocol_converter_v2_1_37_axi3_conv/design_1_axi_mem_intercon_imp_auto_pc_0_axi_protocol_converter_v2_1_37_a_axi3_conv/design_1_axi_mem_intercon_imp_auto_pc_0_axi_data_fifo_v2_1_36_axic_fifo/design_1_axi_mem_intercon_imp_auto_pc_0_axi_data_fifo_v2_1_36_fifo_gen_1/<hidden>/<hidden>/<hidden>/<hidden>/<hidden>/<hidden>/<hidden>
    SLICE_X46Y51         RAMD32                                       r  design_1_wrapper/design_1/design_1_axi_mem_intercon_0/s00_couplers_imp_7HNO1D/design_1_axi_mem_intercon_imp_auto_pc_0/design_1_axi_mem_intercon_imp_auto_pc_0_axi_protocol_converter_v2_1_37_axi_protocol_converter/design_1_axi_mem_intercon_imp_auto_pc_0_axi_protocol_converter_v2_1_37_axi3_conv/design_1_axi_mem_intercon_imp_auto_pc_0_axi_protocol_converter_v2_1_37_a_axi3_conv/design_1_axi_mem_intercon_imp_auto_pc_0_axi_data_fifo_v2_1_36_axic_fifo/design_1_axi_mem_intercon_imp_auto_pc_0_axi_data_fifo_v2_1_36_fifo_gen_1/<hidden>/<hidden>/<hidden>/<hidden>/<hidden>/<hidden>/<hidden>
  -------------------------------------------------------------------    -------------------

                         (clock clk_fpga_0 rise edge)
                                                      0.000     0.000 r  
    PS7_X0Y0             PS7                          0.000     0.000 r  design_1_i/processing_system7_0/inst/PS7_i/FCLKCLK[0]
                         net (fo=1, routed)           0.337     0.337    design_1_i/processing_system7_0/inst/FCLK_CLK_unbuffered[0]
    BUFGCTRL_X0Y16       BUFG (Prop_bufg_I_O)         0.029     0.366 r  design_1_i/processing_system7_0/inst/buffer_fclk_clk_0.FCLK_CLK_0_BUFG/O
                         net (fo=4149, routed)        0.825     1.191    design_1_wrapper/design_1/design_1_axi_mem_intercon_0/s00_couplers_imp_7HNO1D/design_1_axi_mem_intercon_imp_auto_pc_0/design_1_axi_mem_intercon_imp_auto_pc_0_axi_protocol_converter_v2_1_37_axi_protocol_converter/design_1_axi_mem_intercon_imp_auto_pc_0_axi_protocol_converter_v2_1_37_axi3_conv/design_1_axi_mem_intercon_imp_auto_pc_0_axi_protocol_converter_v2_1_37_a_axi3_conv/design_1_axi_mem_intercon_imp_auto_pc_0_axi_data_fifo_v2_1_36_axic_fifo/design_1_axi_mem_intercon_imp_auto_pc_0_axi_data_fifo_v2_1_36_fifo_gen_1/<hidden>/<hidden>/<hidden>/<hidden>/<hidden>/<hidden>/<hidden>
    SLICE_X46Y51         RAMD32                                       r  design_1_wrapper/design_1/design_1_axi_mem_intercon_0/s00_couplers_imp_7HNO1D/design_1_axi_mem_intercon_imp_auto_pc_0/design_1_axi_mem_intercon_imp_auto_pc_0_axi_protocol_converter_v2_1_37_axi_protocol_converter/design_1_axi_mem_intercon_imp_auto_pc_0_axi_protocol_converter_v2_1_37_axi3_conv/design_1_axi_mem_intercon_imp_auto_pc_0_axi_protocol_converter_v2_1_37_a_axi3_conv/design_1_axi_mem_intercon_imp_auto_pc_0_axi_data_fifo_v2_1_36_axic_fifo/design_1_axi_mem_intercon_imp_auto_pc_0_axi_data_fifo_v2_1_36_fifo_gen_1/<hidden>/<hidden>/<hidden>/<hidden>/<hidden>/<hidden>/<hidden>
                         clock pessimism             -0.285     0.906    
    SLICE_X46Y51         RAMD32 (Hold_ramd32_CLK_WADR4)
                                                      0.200     1.106    design_1_wrapper/design_1/design_1_axi_mem_intercon_0/s00_couplers_imp_7HNO1D/design_1_axi_mem_intercon_imp_auto_pc_0/design_1_axi_mem_intercon_imp_auto_pc_0_axi_protocol_converter_v2_1_37_axi_protocol_converter/design_1_axi_mem_intercon_imp_auto_pc_0_axi_protocol_converter_v2_1_37_axi3_conv/design_1_axi_mem_intercon_imp_auto_pc_0_axi_protocol_converter_v2_1_37_a_axi3_conv/design_1_axi_mem_intercon_imp_auto_pc_0_axi_data_fifo_v2_1_36_axic_fifo/design_1_axi_mem_intercon_imp_auto_pc_0_axi_data_fifo_v2_1_36_fifo_gen_1/<hidden>/<hidden>/<hidden>/<hidden>/<hidden>/<hidden>/<hidden>
  -------------------------------------------------------------------
                         required time                         -1.106    
                         arrival time                           1.138    
  -------------------------------------------------------------------
                         slack                                  0.032    

Slack (MET) :             0.032ns  (arrival time - required time)
  Source:                 design_1_wrapper/design_1/design_1_axi_mem_intercon_0/s00_couplers_imp_7HNO1D/design_1_axi_mem_intercon_imp_auto_pc_0/design_1_axi_mem_intercon_imp_auto_pc_0_axi_protocol_converter_v2_1_37_axi_protocol_converter/design_1_axi_mem_intercon_imp_auto_pc_0_axi_protocol_converter_v2_1_37_axi3_conv/design_1_axi_mem_intercon_imp_auto_pc_0_axi_protocol_converter_v2_1_37_a_axi3_conv/design_1_axi_mem_intercon_imp_auto_pc_0_axi_data_fifo_v2_1_36_axic_fifo/design_1_axi_mem_intercon_imp_auto_pc_0_axi_data_fifo_v2_1_36_fifo_gen_1/<hidden>/<hidden>/<hidden>/<hidden>/<hidden>/<hidden>
                            (rising edge-triggered cell FDCE clocked by clk_fpga_0  {rise@0.000ns fall@5.000ns period=10.000ns})
  Destination:            design_1_wrapper/design_1/design_1_axi_mem_intercon_0/s00_couplers_imp_7HNO1D/design_1_axi_mem_intercon_imp_auto_pc_0/design_1_axi_mem_intercon_imp_auto_pc_0_axi_protocol_converter_v2_1_37_axi_protocol_converter/design_1_axi_mem_intercon_imp_auto_pc_0_axi_protocol_converter_v2_1_37_axi3_conv/design_1_axi_mem_intercon_imp_auto_pc_0_axi_protocol_converter_v2_1_37_a_axi3_conv/design_1_axi_mem_intercon_imp_auto_pc_0_axi_data_fifo_v2_1_36_axic_fifo/design_1_axi_mem_intercon_imp_auto_pc_0_axi_data_fifo_v2_1_36_fifo_gen_1/<hidden>/<hidden>/<hidden>/<hidden>/<hidden>/<hidden>/<hidden>
                            (rising edge-triggered cell RAMD32 clocked by clk_fpga_0  {rise@0.000ns fall@5.000ns period=10.000ns})
  Path Group:             clk_fpga_0
  Path Type:              Hold (Min at Fast Process Corner)
  Requirement:            0.000ns  (clk_fpga_0 rise@0.000ns - clk_fpga_0 rise@0.000ns)
  Data Path Delay:        0.245ns  (logic 0.141ns (57.463%)  route 0.104ns (42.537%))
  Logic Levels:           0  
  Clock Path Skew:        0.013ns (DCD - SCD - CPR)
    Destination Clock Delay (DCD):    1.191ns
    Source Clock Delay      (SCD):    0.893ns
    Clock Pessimism Removal (CPR):    0.285ns

    Location             Delay type                Incr(ns)  Path(ns)    Netlist Resource(s)
  -------------------------------------------------------------------    -------------------
                         (clock clk_fpga_0 rise edge)
                                                      0.000     0.000 r  
    PS7_X0Y0             PS7                          0.000     0.000 r  design_1_i/processing_system7_0/inst/PS7_i/FCLKCLK[0]
                         net (fo=1, routed)           0.310     0.310    design_1_i/processing_system7_0/inst/FCLK_CLK_unbuffered[0]
    BUFGCTRL_X0Y16       BUFG (Prop_bufg_I_O)         0.026     0.336 r  design_1_i/processing_system7_0/inst/buffer_fclk_clk_0.FCLK_CLK_0_BUFG/O
                         net (fo=4149, routed)        0.557     0.893    design_1_wrapper/design_1/design_1_axi_mem_intercon_0/s00_couplers_imp_7HNO1D/design_1_axi_mem_intercon_imp_auto_pc_0/design_1_axi_mem_intercon_imp_auto_pc_0_axi_protocol_converter_v2_1_37_axi_protocol_converter/design_1_axi_mem_intercon_imp_auto_pc_0_axi_protocol_converter_v2_1_37_axi3_conv/design_1_axi_mem_intercon_imp_auto_pc_0_axi_protocol_converter_v2_1_37_a_axi3_conv/design_1_axi_mem_intercon_imp_auto_pc_0_axi_data_fifo_v2_1_36_axic_fifo/design_1_axi_mem_intercon_imp_auto_pc_0_axi_data_fifo_v2_1_36_fifo_gen_1/<hidden>/<hidden>/<hidden>/<hidden>/<hidden>/<hidden>
    SLICE_X47Y51         FDCE                                         r  design_1_wrapper/design_1/design_1_axi_mem_intercon_0/s00_couplers_imp_7HNO1D/design_1_axi_mem_intercon_imp_auto_pc_0/design_1_axi_mem_intercon_imp_auto_pc_0_axi_protocol_converter_v2_1_37_axi_protocol_converter/design_1_axi_mem_intercon_imp_auto_pc_0_axi_protocol_converter_v2_1_37_axi3_conv/design_1_axi_mem_intercon_imp_auto_pc_0_axi_protocol_converter_v2_1_37_a_axi3_conv/design_1_axi_mem_intercon_imp_auto_pc_0_axi_data_fifo_v2_1_36_axic_fifo/design_1_axi_mem_intercon_imp_auto_pc_0_axi_data_fifo_v2_1_36_fifo_gen_1/<hidden>/<hidden>/<hidden>/<hidden>/<hidden>/<hidden>
  -------------------------------------------------------------------    -------------------
    SLICE_X47Y51         FDCE (Prop_fdce_C_Q)         0.141     1.034 r  design_1_wrapper/design_1/design_1_axi_mem_intercon_0/s00_couplers_imp_7HNO1D/design_1_axi_mem_intercon_imp_auto_pc_0/design_1_axi_mem_intercon_imp_auto_pc_0_axi_protocol_converter_v2_1_37_axi_protocol_converter/design_1_axi_mem_intercon_imp_auto_pc_0_axi_protocol_converter_v2_1_37_axi3_conv/design_1_axi_mem_intercon_imp_auto_pc_0_axi_protocol_converter_v2_1_37_a_axi3_conv/design_1_axi_mem_intercon_imp_auto_pc_0_axi_data_fifo_v2_1_36_axic_fifo/design_1_axi_mem_intercon_imp_auto_pc_0_axi_data_fifo_v2_1_36_fifo_gen_1/<hidden>/<hidden>/<hidden>/<hidden>/<hidden>/<hidden>
                         net (fo=10, routed)          0.104     1.138    design_1_wrapper/design_1/design_1_axi_mem_intercon_0/s00_couplers_imp_7HNO1D/design_1_axi_mem_intercon_imp_auto_pc_0/design_1_axi_mem_intercon_imp_auto_pc_0_axi_protocol_converter_v2_1_37_axi_protocol_converter/design_1_axi_mem_intercon_imp_auto_pc_0_axi_protocol_converter_v2_1_37_axi3_conv/design_1_axi_mem_intercon_imp_auto_pc_0_axi_protocol_converter_v2_1_37_a_axi3_conv/design_1_axi_mem_intercon_imp_auto_pc_0_axi_data_fifo_v2_1_36_axic_fifo/design_1_axi_mem_intercon_imp_auto_pc_0_axi_data_fifo_v2_1_36_fifo_gen_1/<hidden>/<hidden>/<hidden>/<hidden>/<hidden>/<hidden>/<hidden>
    SLICE_X46Y51         RAMD32                                       r  design_1_wrapper/design_1/design_1_axi_mem_intercon_0/s00_couplers_imp_7HNO1D/design_1_axi_mem_intercon_imp_auto_pc_0/design_1_axi_mem_intercon_imp_auto_pc_0_axi_protocol_converter_v2_1_37_axi_protocol_converter/design_1_axi_mem_intercon_imp_auto_pc_0_axi_protocol_converter_v2_1_37_axi3_conv/design_1_axi_mem_intercon_imp_auto_pc_0_axi_protocol_converter_v2_1_37_a_axi3_conv/design_1_axi_mem_intercon_imp_auto_pc_0_axi_data_fifo_v2_1_36_axic_fifo/design_1_axi_mem_intercon_imp_auto_pc_0_axi_data_fifo_v2_1_36_fifo_gen_1/<hidden>/<hidden>/<hidden>/<hidden>/<hidden>/<hidden>/<hidden>
  -------------------------------------------------------------------    -------------------

                         (clock clk_fpga_0 rise edge)
                                                      0.000     0.000 r  
    PS7_X0Y0             PS7                          0.000     0.000 r  design_1_i/processing_system7_0/inst/PS7_i/FCLKCLK[0]
                         net (fo=1, routed)           0.337     0.337    design_1_i/processing_system7_0/inst/FCLK_CLK_unbuffered[0]
    BUFGCTRL_X0Y16       BUFG (Prop_bufg_I_O)         0.029     0.366 r  design_1_i/processing_system7_0/inst/buffer_fclk_clk_0.FCLK_CLK_0_BUFG/O
                         net (fo=4149, routed)        0.825     1.191    design_1_wrapper/design_1/design_1_axi_mem_intercon_0/s00_couplers_imp_7HNO1D/design_1_axi_mem_intercon_imp_auto_pc_0/design_1_axi_mem_intercon_imp_auto_pc_0_axi_protocol_converter_v2_1_37_axi_protocol_converter/design_1_axi_mem_intercon_imp_auto_pc_0_axi_protocol_converter_v2_1_37_axi3_conv/design_1_axi_mem_intercon_imp_auto_pc_0_axi_protocol_converter_v2_1_37_a_axi3_conv/design_1_axi_mem_intercon_imp_auto_pc_0_axi_data_fifo_v2_1_36_axic_fifo/design_1_axi_mem_intercon_imp_auto_pc_0_axi_data_fifo_v2_1_36_fifo_gen_1/<hidden>/<hidden>/<hidden>/<hidden>/<hidden>/<hidden>/<hidden>
    SLICE_X46Y51         RAMD32                                       r  design_1_wrapper/design_1/design_1_axi_mem_intercon_0/s00_couplers_imp_7HNO1D/design_1_axi_mem_intercon_imp_auto_pc_0/design_1_axi_mem_intercon_imp_auto_pc_0_axi_protocol_converter_v2_1_37_axi_protocol_converter/design_1_axi_mem_intercon_imp_auto_pc_0_axi_protocol_converter_v2_1_37_axi3_conv/design_1_axi_mem_intercon_imp_auto_pc_0_axi_protocol_converter_v2_1_37_a_axi3_conv/design_1_axi_mem_intercon_imp_auto_pc_0_axi_data_fifo_v2_1_36_axic_fifo/design_1_axi_mem_intercon_imp_auto_pc_0_axi_data_fifo_v2_1_36_fifo_gen_1/<hidden>/<hidden>/<hidden>/<hidden>/<hidden>/<hidden>/<hidden>
                         clock pessimism             -0.285     0.906    
    SLICE_X46Y51         RAMD32 (Hold_ramd32_CLK_WADR4)
                                                      0.200     1.106    design_1_wrapper/design_1/design_1_axi_mem_intercon_0/s00_couplers_imp_7HNO1D/design_1_axi_mem_intercon_imp_auto_pc_0/design_1_axi_mem_intercon_imp_auto_pc_0_axi_protocol_converter_v2_1_37_axi_protocol_converter/design_1_axi_mem_intercon_imp_auto_pc_0_axi_protocol_converter_v2_1_37_axi3_conv/design_1_axi_mem_intercon_imp_auto_pc_0_axi_protocol_converter_v2_1_37_a_axi3_conv/design_1_axi_mem_intercon_imp_auto_pc_0_axi_data_fifo_v2_1_36_axic_fifo/design_1_axi_mem_intercon_imp_auto_pc_0_axi_data_fifo_v2_1_36_fifo_gen_1/<hidden>/<hidden>/<hidden>/<hidden>/<hidden>/<hidden>/<hidden>
  -------------------------------------------------------------------
                         required time                         -1.106    
                         arrival time                           1.138    
  -------------------------------------------------------------------
                         slack                                  0.032    

Slack (MET) :             0.032ns  (arrival time - required time)
  Source:                 design_1_wrapper/design_1/design_1_axi_mem_intercon_0/s00_couplers_imp_7HNO1D/design_1_axi_mem_intercon_imp_auto_pc_0/design_1_axi_mem_intercon_imp_auto_pc_0_axi_protocol_converter_v2_1_37_axi_protocol_converter/design_1_axi_mem_intercon_imp_auto_pc_0_axi_protocol_converter_v2_1_37_axi3_conv/design_1_axi_mem_intercon_imp_auto_pc_0_axi_protocol_converter_v2_1_37_a_axi3_conv/design_1_axi_mem_intercon_imp_auto_pc_0_axi_data_fifo_v2_1_36_axic_fifo/design_1_axi_mem_intercon_imp_auto_pc_0_axi_data_fifo_v2_1_36_fifo_gen_1/<hidden>/<hidden>/<hidden>/<hidden>/<hidden>/<hidden>
                            (rising edge-triggered cell FDCE clocked by clk_fpga_0  {rise@0.000ns fall@5.000ns period=10.000ns})
  Destination:            design_1_wrapper/design_1/design_1_axi_mem_intercon_0/s00_couplers_imp_7HNO1D/design_1_axi_mem_intercon_imp_auto_pc_0/design_1_axi_mem_intercon_imp_auto_pc_0_axi_protocol_converter_v2_1_37_axi_protocol_converter/design_1_axi_mem_intercon_imp_auto_pc_0_axi_protocol_converter_v2_1_37_axi3_conv/design_1_axi_mem_intercon_imp_auto_pc_0_axi_protocol_converter_v2_1_37_a_axi3_conv/design_1_axi_mem_intercon_imp_auto_pc_0_axi_data_fifo_v2_1_36_axic_fifo/design_1_axi_mem_intercon_imp_auto_pc_0_axi_data_fifo_v2_1_36_fifo_gen_1/<hidden>/<hidden>/<hidden>/<hidden>/<hidden>/<hidden>/<hidden>
                            (rising edge-triggered cell RAMD32 clocked by clk_fpga_0  {rise@0.000ns fall@5.000ns period=10.000ns})
  Path Group:             clk_fpga_0
  Path Type:              Hold (Min at Fast Process Corner)
  Requirement:            0.000ns  (clk_fpga_0 rise@0.000ns - clk_fpga_0 rise@0.000ns)
  Data Path Delay:        0.245ns  (logic 0.141ns (57.463%)  route 0.104ns (42.537%))
  Logic Levels:           0  
  Clock Path Skew:        0.013ns (DCD - SCD - CPR)
    Destination Clock Delay (DCD):    1.191ns
    Source Clock Delay      (SCD):    0.893ns
    Clock Pessimism Removal (CPR):    0.285ns

    Location             Delay type                Incr(ns)  Path(ns)    Netlist Resource(s)
  -------------------------------------------------------------------    -------------------
                         (clock clk_fpga_0 rise edge)
                                                      0.000     0.000 r  
    PS7_X0Y0             PS7                          0.000     0.000 r  design_1_i/processing_system7_0/inst/PS7_i/FCLKCLK[0]
                         net (fo=1, routed)           0.310     0.310    design_1_i/processing_system7_0/inst/FCLK_CLK_unbuffered[0]
    BUFGCTRL_X0Y16       BUFG (Prop_bufg_I_O)         0.026     0.336 r  design_1_i/processing_system7_0/inst/buffer_fclk_clk_0.FCLK_CLK_0_BUFG/O
                         net (fo=4149, routed)        0.557     0.893    design_1_wrapper/design_1/design_1_axi_mem_intercon_0/s00_couplers_imp_7HNO1D/design_1_axi_mem_intercon_imp_auto_pc_0/design_1_axi_mem_intercon_imp_auto_pc_0_axi_protocol_converter_v2_1_37_axi_protocol_converter/design_1_axi_mem_intercon_imp_auto_pc_0_axi_protocol_converter_v2_1_37_axi3_conv/design_1_axi_mem_intercon_imp_auto_pc_0_axi_protocol_converter_v2_1_37_a_axi3_conv/design_1_axi_mem_intercon_imp_auto_pc_0_axi_data_fifo_v2_1_36_axic_fifo/design_1_axi_mem_intercon_imp_auto_pc_0_axi_data_fifo_v2_1_36_fifo_gen_1/<hidden>/<hidden>/<hidden>/<hidden>/<hidden>/<hidden>
    SLICE_X47Y51         FDCE                                         r  design_1_wrapper/design_1/design_1_axi_mem_intercon_0/s00_couplers_imp_7HNO1D/design_1_axi_mem_intercon_imp_auto_pc_0/design_1_axi_mem_intercon_imp_auto_pc_0_axi_protocol_converter_v2_1_37_axi_protocol_converter/design_1_axi_mem_intercon_imp_auto_pc_0_axi_protocol_converter_v2_1_37_axi3_conv/design_1_axi_mem_intercon_imp_auto_pc_0_axi_protocol_converter_v2_1_37_a_axi3_conv/design_1_axi_mem_intercon_imp_auto_pc_0_axi_data_fifo_v2_1_36_axic_fifo/design_1_axi_mem_intercon_imp_auto_pc_0_axi_data_fifo_v2_1_36_fifo_gen_1/<hidden>/<hidden>/<hidden>/<hidden>/<hidden>/<hidden>
  -------------------------------------------------------------------    -------------------
    SLICE_X47Y51         FDCE (Prop_fdce_C_Q)         0.141     1.034 r  design_1_wrapper/design_1/design_1_axi_mem_intercon_0/s00_couplers_imp_7HNO1D/design_1_axi_mem_intercon_imp_auto_pc_0/design_1_axi_mem_intercon_imp_auto_pc_0_axi_protocol_converter_v2_1_37_axi_protocol_converter/design_1_axi_mem_intercon_imp_auto_pc_0_axi_protocol_converter_v2_1_37_axi3_conv/design_1_axi_mem_intercon_imp_auto_pc_0_axi_protocol_converter_v2_1_37_a_axi3_conv/design_1_axi_mem_intercon_imp_auto_pc_0_axi_data_fifo_v2_1_36_axic_fifo/design_1_axi_mem_intercon_imp_auto_pc_0_axi_data_fifo_v2_1_36_fifo_gen_1/<hidden>/<hidden>/<hidden>/<hidden>/<hidden>/<hidden>
                         net (fo=10, routed)          0.104     1.138    design_1_wrapper/design_1/design_1_axi_mem_intercon_0/s00_couplers_imp_7HNO1D/design_1_axi_mem_intercon_imp_auto_pc_0/design_1_axi_mem_intercon_imp_auto_pc_0_axi_protocol_converter_v2_1_37_axi_protocol_converter/design_1_axi_mem_intercon_imp_auto_pc_0_axi_protocol_converter_v2_1_37_axi3_conv/design_1_axi_mem_intercon_imp_auto_pc_0_axi_protocol_converter_v2_1_37_a_axi3_conv/design_1_axi_mem_intercon_imp_auto_pc_0_axi_data_fifo_v2_1_36_axic_fifo/design_1_axi_mem_intercon_imp_auto_pc_0_axi_data_fifo_v2_1_36_fifo_gen_1/<hidden>/<hidden>/<hidden>/<hidden>/<hidden>/<hidden>/<hidden>
    SLICE_X46Y51         RAMD32                                       r  design_1_wrapper/design_1/design_1_axi_mem_intercon_0/s00_couplers_imp_7HNO1D/design_1_axi_mem_intercon_imp_auto_pc_0/design_1_axi_mem_intercon_imp_auto_pc_0_axi_protocol_converter_v2_1_37_axi_protocol_converter/design_1_axi_mem_intercon_imp_auto_pc_0_axi_protocol_converter_v2_1_37_axi3_conv/design_1_axi_mem_intercon_imp_auto_pc_0_axi_protocol_converter_v2_1_37_a_axi3_conv/design_1_axi_mem_intercon_imp_auto_pc_0_axi_data_fifo_v2_1_36_axic_fifo/design_1_axi_mem_intercon_imp_auto_pc_0_axi_data_fifo_v2_1_36_fifo_gen_1/<hidden>/<hidden>/<hidden>/<hidden>/<hidden>/<hidden>/<hidden>
  -------------------------------------------------------------------    -------------------

                         (clock clk_fpga_0 rise edge)
                                                      0.000     0.000 r  
    PS7_X0Y0             PS7                          0.000     0.000 r  design_1_i/processing_system7_0/inst/PS7_i/FCLKCLK[0]
                         net (fo=1, routed)           0.337     0.337    design_1_i/processing_system7_0/inst/FCLK_CLK_unbuffered[0]
    BUFGCTRL_X0Y16       BUFG (Prop_bufg_I_O)         0.029     0.366 r  design_1_i/processing_system7_0/inst/buffer_fclk_clk_0.FCLK_CLK_0_BUFG/O
                         net (fo=4149, routed)        0.825     1.191    design_1_wrapper/design_1/design_1_axi_mem_intercon_0/s00_couplers_imp_7HNO1D/design_1_axi_mem_intercon_imp_auto_pc_0/design_1_axi_mem_intercon_imp_auto_pc_0_axi_protocol_converter_v2_1_37_axi_protocol_converter/design_1_axi_mem_intercon_imp_auto_pc_0_axi_protocol_converter_v2_1_37_axi3_conv/design_1_axi_mem_intercon_imp_auto_pc_0_axi_protocol_converter_v2_1_37_a_axi3_conv/design_1_axi_mem_intercon_imp_auto_pc_0_axi_data_fifo_v2_1_36_axic_fifo/design_1_axi_mem_intercon_imp_auto_pc_0_axi_data_fifo_v2_1_36_fifo_gen_1/<hidden>/<hidden>/<hidden>/<hidden>/<hidden>/<hidden>/<hidden>
    SLICE_X46Y51         RAMD32                                       r  design_1_wrapper/design_1/design_1_axi_mem_intercon_0/s00_couplers_imp_7HNO1D/design_1_axi_mem_intercon_imp_auto_pc_0/design_1_axi_mem_intercon_imp_auto_pc_0_axi_protocol_converter_v2_1_37_axi_protocol_converter/design_1_axi_mem_intercon_imp_auto_pc_0_axi_protocol_converter_v2_1_37_axi3_conv/design_1_axi_mem_intercon_imp_auto_pc_0_axi_protocol_converter_v2_1_37_a_axi3_conv/design_1_axi_mem_intercon_imp_auto_pc_0_axi_data_fifo_v2_1_36_axic_fifo/design_1_axi_mem_intercon_imp_auto_pc_0_axi_data_fifo_v2_1_36_fifo_gen_1/<hidden>/<hidden>/<hidden>/<hidden>/<hidden>/<hidden>/<hidden>
                         clock pessimism             -0.285     0.906    
    SLICE_X46Y51         RAMD32 (Hold_ramd32_CLK_WADR4)
                                                      0.200     1.106    design_1_wrapper/design_1/design_1_axi_mem_intercon_0/s00_couplers_imp_7HNO1D/design_1_axi_mem_intercon_imp_auto_pc_0/design_1_axi_mem_intercon_imp_auto_pc_0_axi_protocol_converter_v2_1_37_axi_protocol_converter/design_1_axi_mem_intercon_imp_auto_pc_0_axi_protocol_converter_v2_1_37_axi3_conv/design_1_axi_mem_intercon_imp_auto_pc_0_axi_protocol_converter_v2_1_37_a_axi3_conv/design_1_axi_mem_intercon_imp_auto_pc_0_axi_data_fifo_v2_1_36_axic_fifo/design_1_axi_mem_intercon_imp_auto_pc_0_axi_data_fifo_v2_1_36_fifo_gen_1/<hidden>/<hidden>/<hidden>/<hidden>/<hidden>/<hidden>/<hidden>
  -------------------------------------------------------------------
                         required time                         -1.106    
                         arrival time                           1.138    
  -------------------------------------------------------------------
                         slack                                  0.032    

Slack (MET) :             0.032ns  (arrival time - required time)
  Source:                 design_1_wrapper/design_1/design_1_axi_mem_intercon_0/s00_couplers_imp_7HNO1D/design_1_axi_mem_intercon_imp_auto_pc_0/design_1_axi_mem_intercon_imp_auto_pc_0_axi_protocol_converter_v2_1_37_axi_protocol_converter/design_1_axi_mem_intercon_imp_auto_pc_0_axi_protocol_converter_v2_1_37_axi3_conv/design_1_axi_mem_intercon_imp_auto_pc_0_axi_protocol_converter_v2_1_37_a_axi3_conv/design_1_axi_mem_intercon_imp_auto_pc_0_axi_data_fifo_v2_1_36_axic_fifo/design_1_axi_mem_intercon_imp_auto_pc_0_axi_data_fifo_v2_1_36_fifo_gen_1/<hidden>/<hidden>/<hidden>/<hidden>/<hidden>/<hidden>
                            (rising edge-triggered cell FDCE clocked by clk_fpga_0  {rise@0.000ns fall@5.000ns period=10.000ns})
  Destination:            design_1_wrapper/design_1/design_1_axi_mem_intercon_0/s00_couplers_imp_7HNO1D/design_1_axi_mem_intercon_imp_auto_pc_0/design_1_axi_mem_intercon_imp_auto_pc_0_axi_protocol_converter_v2_1_37_axi_protocol_converter/design_1_axi_mem_intercon_imp_auto_pc_0_axi_protocol_converter_v2_1_37_axi3_conv/design_1_axi_mem_intercon_imp_auto_pc_0_axi_protocol_converter_v2_1_37_a_axi3_conv/design_1_axi_mem_intercon_imp_auto_pc_0_axi_data_fifo_v2_1_36_axic_fifo/design_1_axi_mem_intercon_imp_auto_pc_0_axi_data_fifo_v2_1_36_fifo_gen_1/<hidden>/<hidden>/<hidden>/<hidden>/<hidden>/<hidden>/<hidden>
                            (rising edge-triggered cell RAMD32 clocked by clk_fpga_0  {rise@0.000ns fall@5.000ns period=10.000ns})
  Path Group:             clk_fpga_0
  Path Type:              Hold (Min at Fast Process Corner)
  Requirement:            0.000ns  (clk_fpga_0 rise@0.000ns - clk_fpga_0 rise@0.000ns)
  Data Path Delay:        0.245ns  (logic 0.141ns (57.463%)  route 0.104ns (42.537%))
  Logic Levels:           0  
  Clock Path Skew:        0.013ns (DCD - SCD - CPR)
    Destination Clock Delay (DCD):    1.191ns
    Source Clock Delay      (SCD):    0.893ns
    Clock Pessimism Removal (CPR):    0.285ns

    Location             Delay type                Incr(ns)  Path(ns)    Netlist Resource(s)
  -------------------------------------------------------------------    -------------------
                         (clock clk_fpga_0 rise edge)
                                                      0.000     0.000 r  
    PS7_X0Y0             PS7                          0.000     0.000 r  design_1_i/processing_system7_0/inst/PS7_i/FCLKCLK[0]
                         net (fo=1, routed)           0.310     0.310    design_1_i/processing_system7_0/inst/FCLK_CLK_unbuffered[0]
    BUFGCTRL_X0Y16       BUFG (Prop_bufg_I_O)         0.026     0.336 r  design_1_i/processing_system7_0/inst/buffer_fclk_clk_0.FCLK_CLK_0_BUFG/O
                         net (fo=4149, routed)        0.557     0.893    design_1_wrapper/design_1/design_1_axi_mem_intercon_0/s00_couplers_imp_7HNO1D/design_1_axi_mem_intercon_imp_auto_pc_0/design_1_axi_mem_intercon_imp_auto_pc_0_axi_protocol_converter_v2_1_37_axi_protocol_converter/design_1_axi_mem_intercon_imp_auto_pc_0_axi_protocol_converter_v2_1_37_axi3_conv/design_1_axi_mem_intercon_imp_auto_pc_0_axi_protocol_converter_v2_1_37_a_axi3_conv/design_1_axi_mem_intercon_imp_auto_pc_0_axi_data_fifo_v2_1_36_axic_fifo/design_1_axi_mem_intercon_imp_auto_pc_0_axi_data_fifo_v2_1_36_fifo_gen_1/<hidden>/<hidden>/<hidden>/<hidden>/<hidden>/<hidden>
    SLICE_X47Y51         FDCE                                         r  design_1_wrapper/design_1/design_1_axi_mem_intercon_0/s00_couplers_imp_7HNO1D/design_1_axi_mem_intercon_imp_auto_pc_0/design_1_axi_mem_intercon_imp_auto_pc_0_axi_protocol_converter_v2_1_37_axi_protocol_converter/design_1_axi_mem_intercon_imp_auto_pc_0_axi_protocol_converter_v2_1_37_axi3_conv/design_1_axi_mem_intercon_imp_auto_pc_0_axi_protocol_converter_v2_1_37_a_axi3_conv/design_1_axi_mem_intercon_imp_auto_pc_0_axi_data_fifo_v2_1_36_axic_fifo/design_1_axi_mem_intercon_imp_auto_pc_0_axi_data_fifo_v2_1_36_fifo_gen_1/<hidden>/<hidden>/<hidden>/<hidden>/<hidden>/<hidden>
  -------------------------------------------------------------------    -------------------
    SLICE_X47Y51         FDCE (Prop_fdce_C_Q)         0.141     1.034 r  design_1_wrapper/design_1/design_1_axi_mem_intercon_0/s00_couplers_imp_7HNO1D/design_1_axi_mem_intercon_imp_auto_pc_0/design_1_axi_mem_intercon_imp_auto_pc_0_axi_protocol_converter_v2_1_37_axi_protocol_converter/design_1_axi_mem_intercon_imp_auto_pc_0_axi_protocol_converter_v2_1_37_axi3_conv/design_1_axi_mem_intercon_imp_auto_pc_0_axi_protocol_converter_v2_1_37_a_axi3_conv/design_1_axi_mem_intercon_imp_auto_pc_0_axi_data_fifo_v2_1_36_axic_fifo/design_1_axi_mem_intercon_imp_auto_pc_0_axi_data_fifo_v2_1_36_fifo_gen_1/<hidden>/<hidden>/<hidden>/<hidden>/<hidden>/<hidden>
                         net (fo=10, routed)          0.104     1.138    design_1_wrapper/design_1/design_1_axi_mem_intercon_0/s00_couplers_imp_7HNO1D/design_1_axi_mem_intercon_imp_auto_pc_0/design_1_axi_mem_intercon_imp_auto_pc_0_axi_protocol_converter_v2_1_37_axi_protocol_converter/design_1_axi_mem_intercon_imp_auto_pc_0_axi_protocol_converter_v2_1_37_axi3_conv/design_1_axi_mem_intercon_imp_auto_pc_0_axi_protocol_converter_v2_1_37_a_axi3_conv/design_1_axi_mem_intercon_imp_auto_pc_0_axi_data_fifo_v2_1_36_axic_fifo/design_1_axi_mem_intercon_imp_auto_pc_0_axi_data_fifo_v2_1_36_fifo_gen_1/<hidden>/<hidden>/<hidden>/<hidden>/<hidden>/<hidden>/<hidden>
    SLICE_X46Y51         RAMD32                                       r  design_1_wrapper/design_1/design_1_axi_mem_intercon_0/s00_couplers_imp_7HNO1D/design_1_axi_mem_intercon_imp_auto_pc_0/design_1_axi_mem_intercon_imp_auto_pc_0_axi_protocol_converter_v2_1_37_axi_protocol_converter/design_1_axi_mem_intercon_imp_auto_pc_0_axi_protocol_converter_v2_1_37_axi3_conv/design_1_axi_mem_intercon_imp_auto_pc_0_axi_protocol_converter_v2_1_37_a_axi3_conv/design_1_axi_mem_intercon_imp_auto_pc_0_axi_data_fifo_v2_1_36_axic_fifo/design_1_axi_mem_intercon_imp_auto_pc_0_axi_data_fifo_v2_1_36_fifo_gen_1/<hidden>/<hidden>/<hidden>/<hidden>/<hidden>/<hidden>/<hidden>
  -------------------------------------------------------------------    -------------------

                         (clock clk_fpga_0 rise edge)
                                                      0.000     0.000 r  
    PS7_X0Y0             PS7                          0.000     0.000 r  design_1_i/processing_system7_0/inst/PS7_i/FCLKCLK[0]
                         net (fo=1, routed)           0.337     0.337    design_1_i/processing_system7_0/inst/FCLK_CLK_unbuffered[0]
    BUFGCTRL_X0Y16       BUFG (Prop_bufg_I_O)         0.029     0.366 r  design_1_i/processing_system7_0/inst/buffer_fclk_clk_0.FCLK_CLK_0_BUFG/O
                         net (fo=4149, routed)        0.825     1.191    design_1_wrapper/design_1/design_1_axi_mem_intercon_0/s00_couplers_imp_7HNO1D/design_1_axi_mem_intercon_imp_auto_pc_0/design_1_axi_mem_intercon_imp_auto_pc_0_axi_protocol_converter_v2_1_37_axi_protocol_converter/design_1_axi_mem_intercon_imp_auto_pc_0_axi_protocol_converter_v2_1_37_axi3_conv/design_1_axi_mem_intercon_imp_auto_pc_0_axi_protocol_converter_v2_1_37_a_axi3_conv/design_1_axi_mem_intercon_imp_auto_pc_0_axi_data_fifo_v2_1_36_axic_fifo/design_1_axi_mem_intercon_imp_auto_pc_0_axi_data_fifo_v2_1_36_fifo_gen_1/<hidden>/<hidden>/<hidden>/<hidden>/<hidden>/<hidden>/<hidden>
    SLICE_X46Y51         RAMD32                                       r  design_1_wrapper/design_1/design_1_axi_mem_intercon_0/s00_couplers_imp_7HNO1D/design_1_axi_mem_intercon_imp_auto_pc_0/design_1_axi_mem_intercon_imp_auto_pc_0_axi_protocol_converter_v2_1_37_axi_protocol_converter/design_1_axi_mem_intercon_imp_auto_pc_0_axi_protocol_converter_v2_1_37_axi3_conv/design_1_axi_mem_intercon_imp_auto_pc_0_axi_protocol_converter_v2_1_37_a_axi3_conv/design_1_axi_mem_intercon_imp_auto_pc_0_axi_data_fifo_v2_1_36_axic_fifo/design_1_axi_mem_intercon_imp_auto_pc_0_axi_data_fifo_v2_1_36_fifo_gen_1/<hidden>/<hidden>/<hidden>/<hidden>/<hidden>/<hidden>/<hidden>
                         clock pessimism             -0.285     0.906    
    SLICE_X46Y51         RAMD32 (Hold_ramd32_CLK_WADR4)
                                                      0.200     1.106    design_1_wrapper/design_1/design_1_axi_mem_intercon_0/s00_couplers_imp_7HNO1D/design_1_axi_mem_intercon_imp_auto_pc_0/design_1_axi_mem_intercon_imp_auto_pc_0_axi_protocol_converter_v2_1_37_axi_protocol_converter/design_1_axi_mem_intercon_imp_auto_pc_0_axi_protocol_converter_v2_1_37_axi3_conv/design_1_axi_mem_intercon_imp_auto_pc_0_axi_protocol_converter_v2_1_37_a_axi3_conv/design_1_axi_mem_intercon_imp_auto_pc_0_axi_data_fifo_v2_1_36_axic_fifo/design_1_axi_mem_intercon_imp_auto_pc_0_axi_data_fifo_v2_1_36_fifo_gen_1/<hidden>/<hidden>/<hidden>/<hidden>/<hidden>/<hidden>/<hidden>
  -------------------------------------------------------------------
                         required time                         -1.106    
                         arrival time                           1.138    
  -------------------------------------------------------------------
                         slack                                  0.032    

Slack (MET) :             0.032ns  (arrival time - required time)
  Source:                 design_1_wrapper/design_1/design_1_axi_mem_intercon_0/s00_couplers_imp_7HNO1D/design_1_axi_mem_intercon_imp_auto_pc_0/design_1_axi_mem_intercon_imp_auto_pc_0_axi_protocol_converter_v2_1_37_axi_protocol_converter/design_1_axi_mem_intercon_imp_auto_pc_0_axi_protocol_converter_v2_1_37_axi3_conv/design_1_axi_mem_intercon_imp_auto_pc_0_axi_protocol_converter_v2_1_37_a_axi3_conv/design_1_axi_mem_intercon_imp_auto_pc_0_axi_data_fifo_v2_1_36_axic_fifo/design_1_axi_mem_intercon_imp_auto_pc_0_axi_data_fifo_v2_1_36_fifo_gen_1/<hidden>/<hidden>/<hidden>/<hidden>/<hidden>/<hidden>
                            (rising edge-triggered cell FDCE clocked by clk_fpga_0  {rise@0.000ns fall@5.000ns period=10.000ns})
  Destination:            design_1_wrapper/design_1/design_1_axi_mem_intercon_0/s00_couplers_imp_7HNO1D/design_1_axi_mem_intercon_imp_auto_pc_0/design_1_axi_mem_intercon_imp_auto_pc_0_axi_protocol_converter_v2_1_37_axi_protocol_converter/design_1_axi_mem_intercon_imp_auto_pc_0_axi_protocol_converter_v2_1_37_axi3_conv/design_1_axi_mem_intercon_imp_auto_pc_0_axi_protocol_converter_v2_1_37_a_axi3_conv/design_1_axi_mem_intercon_imp_auto_pc_0_axi_data_fifo_v2_1_36_axic_fifo/design_1_axi_mem_intercon_imp_auto_pc_0_axi_data_fifo_v2_1_36_fifo_gen_1/<hidden>/<hidden>/<hidden>/<hidden>/<hidden>/<hidden>/<hidden>
                            (rising edge-triggered cell RAMS32 clocked by clk_fpga_0  {rise@0.000ns fall@5.000ns period=10.000ns})
  Path Group:             clk_fpga_0
  Path Type:              Hold (Min at Fast Process Corner)
  Requirement:            0.000ns  (clk_fpga_0 rise@0.000ns - clk_fpga_0 rise@0.000ns)
  Data Path Delay:        0.245ns  (logic 0.141ns (57.463%)  route 0.104ns (42.537%))
  Logic Levels:           0  
  Clock Path Skew:        0.013ns (DCD - SCD - CPR)
    Destination Clock Delay (DCD):    1.191ns
    Source Clock Delay      (SCD):    0.893ns
    Clock Pessimism Removal (CPR):    0.285ns

    Location             Delay type                Incr(ns)  Path(ns)    Netlist Resource(s)
  -------------------------------------------------------------------    -------------------
                         (clock clk_fpga_0 rise edge)
                                                      0.000     0.000 r  
    PS7_X0Y0             PS7                          0.000     0.000 r  design_1_i/processing_system7_0/inst/PS7_i/FCLKCLK[0]
                         net (fo=1, routed)           0.310     0.310    design_1_i/processing_system7_0/inst/FCLK_CLK_unbuffered[0]
    BUFGCTRL_X0Y16       BUFG (Prop_bufg_I_O)         0.026     0.336 r  design_1_i/processing_system7_0/inst/buffer_fclk_clk_0.FCLK_CLK_0_BUFG/O
                         net (fo=4149, routed)        0.557     0.893    design_1_wrapper/design_1/design_1_axi_mem_intercon_0/s00_couplers_imp_7HNO1D/design_1_axi_mem_intercon_imp_auto_pc_0/design_1_axi_mem_intercon_imp_auto_pc_0_axi_protocol_converter_v2_1_37_axi_protocol_converter/design_1_axi_mem_intercon_imp_auto_pc_0_axi_protocol_converter_v2_1_37_axi3_conv/design_1_axi_mem_intercon_imp_auto_pc_0_axi_protocol_converter_v2_1_37_a_axi3_conv/design_1_axi_mem_intercon_imp_auto_pc_0_axi_data_fifo_v2_1_36_axic_fifo/design_1_axi_mem_intercon_imp_auto_pc_0_axi_data_fifo_v2_1_36_fifo_gen_1/<hidden>/<hidden>/<hidden>/<hidden>/<hidden>/<hidden>
    SLICE_X47Y51         FDCE                                         r  design_1_wrapper/design_1/design_1_axi_mem_intercon_0/s00_couplers_imp_7HNO1D/design_1_axi_mem_intercon_imp_auto_pc_0/design_1_axi_mem_intercon_imp_auto_pc_0_axi_protocol_converter_v2_1_37_axi_protocol_converter/design_1_axi_mem_intercon_imp_auto_pc_0_axi_protocol_converter_v2_1_37_axi3_conv/design_1_axi_mem_intercon_imp_auto_pc_0_axi_protocol_converter_v2_1_37_a_axi3_conv/design_1_axi_mem_intercon_imp_auto_pc_0_axi_data_fifo_v2_1_36_axic_fifo/design_1_axi_mem_intercon_imp_auto_pc_0_axi_data_fifo_v2_1_36_fifo_gen_1/<hidden>/<hidden>/<hidden>/<hidden>/<hidden>/<hidden>
  -------------------------------------------------------------------    -------------------
    SLICE_X47Y51         FDCE (Prop_fdce_C_Q)         0.141     1.034 r  design_1_wrapper/design_1/design_1_axi_mem_intercon_0/s00_couplers_imp_7HNO1D/design_1_axi_mem_intercon_imp_auto_pc_0/design_1_axi_mem_intercon_imp_auto_pc_0_axi_protocol_converter_v2_1_37_axi_protocol_converter/design_1_axi_mem_intercon_imp_auto_pc_0_axi_protocol_converter_v2_1_37_axi3_conv/design_1_axi_mem_intercon_imp_auto_pc_0_axi_protocol_converter_v2_1_37_a_axi3_conv/design_1_axi_mem_intercon_imp_auto_pc_0_axi_data_fifo_v2_1_36_axic_fifo/design_1_axi_mem_intercon_imp_auto_pc_0_axi_data_fifo_v2_1_36_fifo_gen_1/<hidden>/<hidden>/<hidden>/<hidden>/<hidden>/<hidden>
                         net (fo=10, routed)          0.104     1.138    design_1_wrapper/design_1/design_1_axi_mem_intercon_0/s00_couplers_imp_7HNO1D/design_1_axi_mem_intercon_imp_auto_pc_0/design_1_axi_mem_intercon_imp_auto_pc_0_axi_protocol_converter_v2_1_37_axi_protocol_converter/design_1_axi_mem_intercon_imp_auto_pc_0_axi_protocol_converter_v2_1_37_axi3_conv/design_1_axi_mem_intercon_imp_auto_pc_0_axi_protocol_converter_v2_1_37_a_axi3_conv/design_1_axi_mem_intercon_imp_auto_pc_0_axi_data_fifo_v2_1_36_axic_fifo/design_1_axi_mem_intercon_imp_auto_pc_0_axi_data_fifo_v2_1_36_fifo_gen_1/<hidden>/<hidden>/<hidden>/<hidden>/<hidden>/<hidden>/<hidden>
    SLICE_X46Y51         RAMS32                                       r  design_1_wrapper/design_1/design_1_axi_mem_intercon_0/s00_couplers_imp_7HNO1D/design_1_axi_mem_intercon_imp_auto_pc_0/design_1_axi_mem_intercon_imp_auto_pc_0_axi_protocol_converter_v2_1_37_axi_protocol_converter/design_1_axi_mem_intercon_imp_auto_pc_0_axi_protocol_converter_v2_1_37_axi3_conv/design_1_axi_mem_intercon_imp_auto_pc_0_axi_protocol_converter_v2_1_37_a_axi3_conv/design_1_axi_mem_intercon_imp_auto_pc_0_axi_data_fifo_v2_1_36_axic_fifo/design_1_axi_mem_intercon_imp_auto_pc_0_axi_data_fifo_v2_1_36_fifo_gen_1/<hidden>/<hidden>/<hidden>/<hidden>/<hidden>/<hidden>/<hidden>
  -------------------------------------------------------------------    -------------------

                         (clock clk_fpga_0 rise edge)
                                                      0.000     0.000 r  
    PS7_X0Y0             PS7                          0.000     0.000 r  design_1_i/processing_system7_0/inst/PS7_i/FCLKCLK[0]
                         net (fo=1, routed)           0.337     0.337    design_1_i/processing_system7_0/inst/FCLK_CLK_unbuffered[0]
    BUFGCTRL_X0Y16       BUFG (Prop_bufg_I_O)         0.029     0.366 r  design_1_i/processing_system7_0/inst/buffer_fclk_clk_0.FCLK_CLK_0_BUFG/O
                         net (fo=4149, routed)        0.825     1.191    design_1_wrapper/design_1/design_1_axi_mem_intercon_0/s00_couplers_imp_7HNO1D/design_1_axi_mem_intercon_imp_auto_pc_0/design_1_axi_mem_intercon_imp_auto_pc_0_axi_protocol_converter_v2_1_37_axi_protocol_converter/design_1_axi_mem_intercon_imp_auto_pc_0_axi_protocol_converter_v2_1_37_axi3_conv/design_1_axi_mem_intercon_imp_auto_pc_0_axi_protocol_converter_v2_1_37_a_axi3_conv/design_1_axi_mem_intercon_imp_auto_pc_0_axi_data_fifo_v2_1_36_axic_fifo/design_1_axi_mem_intercon_imp_auto_pc_0_axi_data_fifo_v2_1_36_fifo_gen_1/<hidden>/<hidden>/<hidden>/<hidden>/<hidden>/<hidden>/<hidden>
    SLICE_X46Y51         RAMS32                                       r  design_1_wrapper/design_1/design_1_axi_mem_intercon_0/s00_couplers_imp_7HNO1D/design_1_axi_mem_intercon_imp_auto_pc_0/design_1_axi_mem_intercon_imp_auto_pc_0_axi_protocol_converter_v2_1_37_axi_protocol_converter/design_1_axi_mem_intercon_imp_auto_pc_0_axi_protocol_converter_v2_1_37_axi3_conv/design_1_axi_mem_intercon_imp_auto_pc_0_axi_protocol_converter_v2_1_37_a_axi3_conv/design_1_axi_mem_intercon_imp_auto_pc_0_axi_data_fifo_v2_1_36_axic_fifo/design_1_axi_mem_intercon_imp_auto_pc_0_axi_data_fifo_v2_1_36_fifo_gen_1/<hidden>/<hidden>/<hidden>/<hidden>/<hidden>/<hidden>/<hidden>
                         clock pessimism             -0.285     0.906    
    SLICE_X46Y51         RAMS32 (Hold_rams32_CLK_ADR4)
                                                      0.200     1.106    design_1_wrapper/design_1/design_1_axi_mem_intercon_0/s00_couplers_imp_7HNO1D/design_1_axi_mem_intercon_imp_auto_pc_0/design_1_axi_mem_intercon_imp_auto_pc_0_axi_protocol_converter_v2_1_37_axi_protocol_converter/design_1_axi_mem_intercon_imp_auto_pc_0_axi_protocol_converter_v2_1_37_axi3_conv/design_1_axi_mem_intercon_imp_auto_pc_0_axi_protocol_converter_v2_1_37_a_axi3_conv/design_1_axi_mem_intercon_imp_auto_pc_0_axi_data_fifo_v2_1_36_axic_fifo/design_1_axi_mem_intercon_imp_auto_pc_0_axi_data_fifo_v2_1_36_fifo_gen_1/<hidden>/<hidden>/<hidden>/<hidden>/<hidden>/<hidden>/<hidden>
  -------------------------------------------------------------------
                         required time                         -1.106    
                         arrival time                           1.138    
  -------------------------------------------------------------------
                         slack                                  0.032    

Slack (MET) :             0.032ns  (arrival time - required time)
  Source:                 design_1_wrapper/design_1/design_1_axi_mem_intercon_0/s00_couplers_imp_7HNO1D/design_1_axi_mem_intercon_imp_auto_pc_0/design_1_axi_mem_intercon_imp_auto_pc_0_axi_protocol_converter_v2_1_37_axi_protocol_converter/design_1_axi_mem_intercon_imp_auto_pc_0_axi_protocol_converter_v2_1_37_axi3_conv/design_1_axi_mem_intercon_imp_auto_pc_0_axi_protocol_converter_v2_1_37_a_axi3_conv/design_1_axi_mem_intercon_imp_auto_pc_0_axi_data_fifo_v2_1_36_axic_fifo/design_1_axi_mem_intercon_imp_auto_pc_0_axi_data_fifo_v2_1_36_fifo_gen_1/<hidden>/<hidden>/<hidden>/<hidden>/<hidden>/<hidden>
                            (rising edge-triggered cell FDCE clocked by clk_fpga_0  {rise@0.000ns fall@5.000ns period=10.000ns})
  Destination:            design_1_wrapper/design_1/design_1_axi_mem_intercon_0/s00_couplers_imp_7HNO1D/design_1_axi_mem_intercon_imp_auto_pc_0/design_1_axi_mem_intercon_imp_auto_pc_0_axi_protocol_converter_v2_1_37_axi_protocol_converter/design_1_axi_mem_intercon_imp_auto_pc_0_axi_protocol_converter_v2_1_37_axi3_conv/design_1_axi_mem_intercon_imp_auto_pc_0_axi_protocol_converter_v2_1_37_a_axi3_conv/design_1_axi_mem_intercon_imp_auto_pc_0_axi_data_fifo_v2_1_36_axic_fifo/design_1_axi_mem_intercon_imp_auto_pc_0_axi_data_fifo_v2_1_36_fifo_gen_1/<hidden>/<hidden>/<hidden>/<hidden>/<hidden>/<hidden>/<hidden>
                            (rising edge-triggered cell RAMS32 clocked by clk_fpga_0  {rise@0.000ns fall@5.000ns period=10.000ns})
  Path Group:             clk_fpga_0
  Path Type:              Hold (Min at Fast Process Corner)
  Requirement:            0.000ns  (clk_fpga_0 rise@0.000ns - clk_fpga_0 rise@0.000ns)
  Data Path Delay:        0.245ns  (logic 0.141ns (57.463%)  route 0.104ns (42.537%))
  Logic Levels:           0  
  Clock Path Skew:        0.013ns (DCD - SCD - CPR)
    Destination Clock Delay (DCD):    1.191ns
    Source Clock Delay      (SCD):    0.893ns
    Clock Pessimism Removal (CPR):    0.285ns

    Location             Delay type                Incr(ns)  Path(ns)    Netlist Resource(s)
  -------------------------------------------------------------------    -------------------
                         (clock clk_fpga_0 rise edge)
                                                      0.000     0.000 r  
    PS7_X0Y0             PS7                          0.000     0.000 r  design_1_i/processing_system7_0/inst/PS7_i/FCLKCLK[0]
                         net (fo=1, routed)           0.310     0.310    design_1_i/processing_system7_0/inst/FCLK_CLK_unbuffered[0]
    BUFGCTRL_X0Y16       BUFG (Prop_bufg_I_O)         0.026     0.336 r  design_1_i/processing_system7_0/inst/buffer_fclk_clk_0.FCLK_CLK_0_BUFG/O
                         net (fo=4149, routed)        0.557     0.893    design_1_wrapper/design_1/design_1_axi_mem_intercon_0/s00_couplers_imp_7HNO1D/design_1_axi_mem_intercon_imp_auto_pc_0/design_1_axi_mem_intercon_imp_auto_pc_0_axi_protocol_converter_v2_1_37_axi_protocol_converter/design_1_axi_mem_intercon_imp_auto_pc_0_axi_protocol_converter_v2_1_37_axi3_conv/design_1_axi_mem_intercon_imp_auto_pc_0_axi_protocol_converter_v2_1_37_a_axi3_conv/design_1_axi_mem_intercon_imp_auto_pc_0_axi_data_fifo_v2_1_36_axic_fifo/design_1_axi_mem_intercon_imp_auto_pc_0_axi_data_fifo_v2_1_36_fifo_gen_1/<hidden>/<hidden>/<hidden>/<hidden>/<hidden>/<hidden>
    SLICE_X47Y51         FDCE                                         r  design_1_wrapper/design_1/design_1_axi_mem_intercon_0/s00_couplers_imp_7HNO1D/design_1_axi_mem_intercon_imp_auto_pc_0/design_1_axi_mem_intercon_imp_auto_pc_0_axi_protocol_converter_v2_1_37_axi_protocol_converter/design_1_axi_mem_intercon_imp_auto_pc_0_axi_protocol_converter_v2_1_37_axi3_conv/design_1_axi_mem_intercon_imp_auto_pc_0_axi_protocol_converter_v2_1_37_a_axi3_conv/design_1_axi_mem_intercon_imp_auto_pc_0_axi_data_fifo_v2_1_36_axic_fifo/design_1_axi_mem_intercon_imp_auto_pc_0_axi_data_fifo_v2_1_36_fifo_gen_1/<hidden>/<hidden>/<hidden>/<hidden>/<hidden>/<hidden>
  -------------------------------------------------------------------    -------------------
    SLICE_X47Y51         FDCE (Prop_fdce_C_Q)         0.141     1.034 r  design_1_wrapper/design_1/design_1_axi_mem_intercon_0/s00_couplers_imp_7HNO1D/design_1_axi_mem_intercon_imp_auto_pc_0/design_1_axi_mem_intercon_imp_auto_pc_0_axi_protocol_converter_v2_1_37_axi_protocol_converter/design_1_axi_mem_intercon_imp_auto_pc_0_axi_protocol_converter_v2_1_37_axi3_conv/design_1_axi_mem_intercon_imp_auto_pc_0_axi_protocol_converter_v2_1_37_a_axi3_conv/design_1_axi_mem_intercon_imp_auto_pc_0_axi_data_fifo_v2_1_36_axic_fifo/design_1_axi_mem_intercon_imp_auto_pc_0_axi_data_fifo_v2_1_36_fifo_gen_1/<hidden>/<hidden>/<hidden>/<hidden>/<hidden>/<hidden>
                         net (fo=10, routed)          0.104     1.138    design_1_wrapper/design_1/design_1_axi_mem_intercon_0/s00_couplers_imp_7HNO1D/design_1_axi_mem_intercon_imp_auto_pc_0/design_1_axi_mem_intercon_imp_auto_pc_0_axi_protocol_converter_v2_1_37_axi_protocol_converter/design_1_axi_mem_intercon_imp_auto_pc_0_axi_protocol_converter_v2_1_37_axi3_conv/design_1_axi_mem_intercon_imp_auto_pc_0_axi_protocol_converter_v2_1_37_a_axi3_conv/design_1_axi_mem_intercon_imp_auto_pc_0_axi_data_fifo_v2_1_36_axic_fifo/design_1_axi_mem_intercon_imp_auto_pc_0_axi_data_fifo_v2_1_36_fifo_gen_1/<hidden>/<hidden>/<hidden>/<hidden>/<hidden>/<hidden>/<hidden>
    SLICE_X46Y51         RAMS32                                       r  design_1_wrapper/design_1/design_1_axi_mem_intercon_0/s00_couplers_imp_7HNO1D/design_1_axi_mem_intercon_imp_auto_pc_0/design_1_axi_mem_intercon_imp_auto_pc_0_axi_protocol_converter_v2_1_37_axi_protocol_converter/design_1_axi_mem_intercon_imp_auto_pc_0_axi_protocol_converter_v2_1_37_axi3_conv/design_1_axi_mem_intercon_imp_auto_pc_0_axi_protocol_converter_v2_1_37_a_axi3_conv/design_1_axi_mem_intercon_imp_auto_pc_0_axi_data_fifo_v2_1_36_axic_fifo/design_1_axi_mem_intercon_imp_auto_pc_0_axi_data_fifo_v2_1_36_fifo_gen_1/<hidden>/<hidden>/<hidden>/<hidden>/<hidden>/<hidden>/<hidden>
  -------------------------------------------------------------------    -------------------

                         (clock clk_fpga_0 rise edge)
                                                      0.000     0.000 r  
    PS7_X0Y0             PS7                          0.000     0.000 r  design_1_i/processing_system7_0/inst/PS7_i/FCLKCLK[0]
                         net (fo=1, routed)           0.337     0.337    design_1_i/processing_system7_0/inst/FCLK_CLK_unbuffered[0]
    BUFGCTRL_X0Y16       BUFG (Prop_bufg_I_O)         0.029     0.366 r  design_1_i/processing_system7_0/inst/buffer_fclk_clk_0.FCLK_CLK_0_BUFG/O
                         net (fo=4149, routed)        0.825     1.191    design_1_wrapper/design_1/design_1_axi_mem_intercon_0/s00_couplers_imp_7HNO1D/design_1_axi_mem_intercon_imp_auto_pc_0/design_1_axi_mem_intercon_imp_auto_pc_0_axi_protocol_converter_v2_1_37_axi_protocol_converter/design_1_axi_mem_intercon_imp_auto_pc_0_axi_protocol_converter_v2_1_37_axi3_conv/design_1_axi_mem_intercon_imp_auto_pc_0_axi_protocol_converter_v2_1_37_a_axi3_conv/design_1_axi_mem_intercon_imp_auto_pc_0_axi_data_fifo_v2_1_36_axic_fifo/design_1_axi_mem_intercon_imp_auto_pc_0_axi_data_fifo_v2_1_36_fifo_gen_1/<hidden>/<hidden>/<hidden>/<hidden>/<hidden>/<hidden>/<hidden>
    SLICE_X46Y51         RAMS32                                       r  design_1_wrapper/design_1/design_1_axi_mem_intercon_0/s00_couplers_imp_7HNO1D/design_1_axi_mem_intercon_imp_auto_pc_0/design_1_axi_mem_intercon_imp_auto_pc_0_axi_protocol_converter_v2_1_37_axi_protocol_converter/design_1_axi_mem_intercon_imp_auto_pc_0_axi_protocol_converter_v2_1_37_axi3_conv/design_1_axi_mem_intercon_imp_auto_pc_0_axi_protocol_converter_v2_1_37_a_axi3_conv/design_1_axi_mem_intercon_imp_auto_pc_0_axi_data_fifo_v2_1_36_axic_fifo/design_1_axi_mem_intercon_imp_auto_pc_0_axi_data_fifo_v2_1_36_fifo_gen_1/<hidden>/<hidden>/<hidden>/<hidden>/<hidden>/<hidden>/<hidden>
                         clock pessimism             -0.285     0.906    
    SLICE_X46Y51         RAMS32 (Hold_rams32_CLK_ADR4)
                                                      0.200     1.106    design_1_wrapper/design_1/design_1_axi_mem_intercon_0/s00_couplers_imp_7HNO1D/design_1_axi_mem_intercon_imp_auto_pc_0/design_1_axi_mem_intercon_imp_auto_pc_0_axi_protocol_converter_v2_1_37_axi_protocol_converter/design_1_axi_mem_intercon_imp_auto_pc_0_axi_protocol_converter_v2_1_37_axi3_conv/design_1_axi_mem_intercon_imp_auto_pc_0_axi_protocol_converter_v2_1_37_a_axi3_conv/design_1_axi_mem_intercon_imp_auto_pc_0_axi_data_fifo_v2_1_36_axic_fifo/design_1_axi_mem_intercon_imp_auto_pc_0_axi_data_fifo_v2_1_36_fifo_gen_1/<hidden>/<hidden>/<hidden>/<hidden>/<hidden>/<hidden>/<hidden>
  -------------------------------------------------------------------
                         required time                         -1.106    
                         arrival time                           1.138    
  -------------------------------------------------------------------
                         slack                                  0.032    

Slack (MET) :             0.033ns  (arrival time - required time)
  Source:                 design_1_wrapper/design_1/design_1_axi_mem_intercon_0/s00_couplers_imp_7HNO1D/design_1_axi_mem_intercon_imp_auto_pc_0/design_1_axi_mem_intercon_imp_auto_pc_0_axi_protocol_converter_v2_1_37_axi_protocol_converter/design_1_axi_mem_intercon_imp_auto_pc_0_axi_protocol_converter_v2_1_37_axi3_conv/design_1_axi_mem_intercon_imp_auto_pc_0_axi_protocol_converter_v2_1_37_a_axi3_conv/design_1_axi_mem_intercon_imp_auto_pc_0_axi_data_fifo_v2_1_36_axic_fifo/design_1_axi_mem_intercon_imp_auto_pc_0_axi_data_fifo_v2_1_36_fifo_gen_1/<hidden>/<hidden>/<hidden>/<hidden>/<hidden>/<hidden>
                            (rising edge-triggered cell FDCE clocked by clk_fpga_0  {rise@0.000ns fall@5.000ns period=10.000ns})
  Destination:            design_1_wrapper/design_1/design_1_axi_mem_intercon_0/s00_couplers_imp_7HNO1D/design_1_axi_mem_intercon_imp_auto_pc_0/design_1_axi_mem_intercon_imp_auto_pc_0_axi_protocol_converter_v2_1_37_axi_protocol_converter/design_1_axi_mem_intercon_imp_auto_pc_0_axi_protocol_converter_v2_1_37_axi3_conv/design_1_axi_mem_intercon_imp_auto_pc_0_axi_protocol_converter_v2_1_37_a_axi3_conv/design_1_axi_mem_intercon_imp_auto_pc_0_axi_data_fifo_v2_1_36_axic_fifo/design_1_axi_mem_intercon_imp_auto_pc_0_axi_data_fifo_v2_1_36_fifo_gen_1/<hidden>/<hidden>/<hidden>/<hidden>/<hidden>/<hidden>/<hidden>
                            (rising edge-triggered cell RAMD32 clocked by clk_fpga_0  {rise@0.000ns fall@5.000ns period=10.000ns})
  Path Group:             clk_fpga_0
  Path Type:              Hold (Min at Fast Process Corner)
  Requirement:            0.000ns  (clk_fpga_0 rise@0.000ns - clk_fpga_0 rise@0.000ns)
  Data Path Delay:        0.286ns  (logic 0.141ns (49.231%)  route 0.145ns (50.769%))
  Logic Levels:           0  
  Clock Path Skew:        0.013ns (DCD - SCD - CPR)
    Destination Clock Delay (DCD):    1.191ns
    Source Clock Delay      (SCD):    0.893ns
    Clock Pessimism Removal (CPR):    0.285ns

    Location             Delay type                Incr(ns)  Path(ns)    Netlist Resource(s)
  -------------------------------------------------------------------    -------------------
                         (clock clk_fpga_0 rise edge)
                                                      0.000     0.000 r  
    PS7_X0Y0             PS7                          0.000     0.000 r  design_1_i/processing_system7_0/inst/PS7_i/FCLKCLK[0]
                         net (fo=1, routed)           0.310     0.310    design_1_i/processing_system7_0/inst/FCLK_CLK_unbuffered[0]
    BUFGCTRL_X0Y16       BUFG (Prop_bufg_I_O)         0.026     0.336 r  design_1_i/processing_system7_0/inst/buffer_fclk_clk_0.FCLK_CLK_0_BUFG/O
                         net (fo=4149, routed)        0.557     0.893    design_1_wrapper/design_1/design_1_axi_mem_intercon_0/s00_couplers_imp_7HNO1D/design_1_axi_mem_intercon_imp_auto_pc_0/design_1_axi_mem_intercon_imp_auto_pc_0_axi_protocol_converter_v2_1_37_axi_protocol_converter/design_1_axi_mem_intercon_imp_auto_pc_0_axi_protocol_converter_v2_1_37_axi3_conv/design_1_axi_mem_intercon_imp_auto_pc_0_axi_protocol_converter_v2_1_37_a_axi3_conv/design_1_axi_mem_intercon_imp_auto_pc_0_axi_data_fifo_v2_1_36_axic_fifo/design_1_axi_mem_intercon_imp_auto_pc_0_axi_data_fifo_v2_1_36_fifo_gen_1/<hidden>/<hidden>/<hidden>/<hidden>/<hidden>/<hidden>
    SLICE_X47Y51         FDCE                                         r  design_1_wrapper/design_1/design_1_axi_mem_intercon_0/s00_couplers_imp_7HNO1D/design_1_axi_mem_intercon_imp_auto_pc_0/design_1_axi_mem_intercon_imp_auto_pc_0_axi_protocol_converter_v2_1_37_axi_protocol_converter/design_1_axi_mem_intercon_imp_auto_pc_0_axi_protocol_converter_v2_1_37_axi3_conv/design_1_axi_mem_intercon_imp_auto_pc_0_axi_protocol_converter_v2_1_37_a_axi3_conv/design_1_axi_mem_intercon_imp_auto_pc_0_axi_data_fifo_v2_1_36_axic_fifo/design_1_axi_mem_intercon_imp_auto_pc_0_axi_data_fifo_v2_1_36_fifo_gen_1/<hidden>/<hidden>/<hidden>/<hidden>/<hidden>/<hidden>
  -------------------------------------------------------------------    -------------------
    SLICE_X47Y51         FDCE (Prop_fdce_C_Q)         0.141     1.034 r  design_1_wrapper/design_1/design_1_axi_mem_intercon_0/s00_couplers_imp_7HNO1D/design_1_axi_mem_intercon_imp_auto_pc_0/design_1_axi_mem_intercon_imp_auto_pc_0_axi_protocol_converter_v2_1_37_axi_protocol_converter/design_1_axi_mem_intercon_imp_auto_pc_0_axi_protocol_converter_v2_1_37_axi3_conv/design_1_axi_mem_intercon_imp_auto_pc_0_axi_protocol_converter_v2_1_37_a_axi3_conv/design_1_axi_mem_intercon_imp_auto_pc_0_axi_data_fifo_v2_1_36_axic_fifo/design_1_axi_mem_intercon_imp_auto_pc_0_axi_data_fifo_v2_1_36_fifo_gen_1/<hidden>/<hidden>/<hidden>/<hidden>/<hidden>/<hidden>
                         net (fo=10, routed)          0.145     1.179    design_1_wrapper/design_1/design_1_axi_mem_intercon_0/s00_couplers_imp_7HNO1D/design_1_axi_mem_intercon_imp_auto_pc_0/design_1_axi_mem_intercon_imp_auto_pc_0_axi_protocol_converter_v2_1_37_axi_protocol_converter/design_1_axi_mem_intercon_imp_auto_pc_0_axi_protocol_converter_v2_1_37_axi3_conv/design_1_axi_mem_intercon_imp_auto_pc_0_axi_protocol_converter_v2_1_37_a_axi3_conv/design_1_axi_mem_intercon_imp_auto_pc_0_axi_data_fifo_v2_1_36_axic_fifo/design_1_axi_mem_intercon_imp_auto_pc_0_axi_data_fifo_v2_1_36_fifo_gen_1/<hidden>/<hidden>/<hidden>/<hidden>/<hidden>/<hidden>/<hidden>
    SLICE_X46Y51         RAMD32                                       r  design_1_wrapper/design_1/design_1_axi_mem_intercon_0/s00_couplers_imp_7HNO1D/design_1_axi_mem_intercon_imp_auto_pc_0/design_1_axi_mem_intercon_imp_auto_pc_0_axi_protocol_converter_v2_1_37_axi_protocol_converter/design_1_axi_mem_intercon_imp_auto_pc_0_axi_protocol_converter_v2_1_37_axi3_conv/design_1_axi_mem_intercon_imp_auto_pc_0_axi_protocol_converter_v2_1_37_a_axi3_conv/design_1_axi_mem_intercon_imp_auto_pc_0_axi_data_fifo_v2_1_36_axic_fifo/design_1_axi_mem_intercon_imp_auto_pc_0_axi_data_fifo_v2_1_36_fifo_gen_1/<hidden>/<hidden>/<hidden>/<hidden>/<hidden>/<hidden>/<hidden>
  -------------------------------------------------------------------    -------------------

                         (clock clk_fpga_0 rise edge)
                                                      0.000     0.000 r  
    PS7_X0Y0             PS7                          0.000     0.000 r  design_1_i/processing_system7_0/inst/PS7_i/FCLKCLK[0]
                         net (fo=1, routed)           0.337     0.337    design_1_i/processing_system7_0/inst/FCLK_CLK_unbuffered[0]
    BUFGCTRL_X0Y16       BUFG (Prop_bufg_I_O)         0.029     0.366 r  design_1_i/processing_system7_0/inst/buffer_fclk_clk_0.FCLK_CLK_0_BUFG/O
                         net (fo=4149, routed)        0.825     1.191    design_1_wrapper/design_1/design_1_axi_mem_intercon_0/s00_couplers_imp_7HNO1D/design_1_axi_mem_intercon_imp_auto_pc_0/design_1_axi_mem_intercon_imp_auto_pc_0_axi_protocol_converter_v2_1_37_axi_protocol_converter/design_1_axi_mem_intercon_imp_auto_pc_0_axi_protocol_converter_v2_1_37_axi3_conv/design_1_axi_mem_intercon_imp_auto_pc_0_axi_protocol_converter_v2_1_37_a_axi3_conv/design_1_axi_mem_intercon_imp_auto_pc_0_axi_data_fifo_v2_1_36_axic_fifo/design_1_axi_mem_intercon_imp_auto_pc_0_axi_data_fifo_v2_1_36_fifo_gen_1/<hidden>/<hidden>/<hidden>/<hidden>/<hidden>/<hidden>/<hidden>
    SLICE_X46Y51         RAMD32                                       r  design_1_wrapper/design_1/design_1_axi_mem_intercon_0/s00_couplers_imp_7HNO1D/design_1_axi_mem_intercon_imp_auto_pc_0/design_1_axi_mem_intercon_imp_auto_pc_0_axi_protocol_converter_v2_1_37_axi_protocol_converter/design_1_axi_mem_intercon_imp_auto_pc_0_axi_protocol_converter_v2_1_37_axi3_conv/design_1_axi_mem_intercon_imp_auto_pc_0_axi_protocol_converter_v2_1_37_a_axi3_conv/design_1_axi_mem_intercon_imp_auto_pc_0_axi_data_fifo_v2_1_36_axic_fifo/design_1_axi_mem_intercon_imp_auto_pc_0_axi_data_fifo_v2_1_36_fifo_gen_1/<hidden>/<hidden>/<hidden>/<hidden>/<hidden>/<hidden>/<hidden>
                         clock pessimism             -0.285     0.906    
    SLICE_X46Y51         RAMD32 (Hold_ramd32_CLK_WADR3)
                                                      0.240     1.146    design_1_wrapper/design_1/design_1_axi_mem_intercon_0/s00_couplers_imp_7HNO1D/design_1_axi_mem_intercon_imp_auto_pc_0/design_1_axi_mem_intercon_imp_auto_pc_0_axi_protocol_converter_v2_1_37_axi_protocol_converter/design_1_axi_mem_intercon_imp_auto_pc_0_axi_protocol_converter_v2_1_37_axi3_conv/design_1_axi_mem_intercon_imp_auto_pc_0_axi_protocol_converter_v2_1_37_a_axi3_conv/design_1_axi_mem_intercon_imp_auto_pc_0_axi_data_fifo_v2_1_36_axic_fifo/design_1_axi_mem_intercon_imp_auto_pc_0_axi_data_fifo_v2_1_36_fifo_gen_1/<hidden>/<hidden>/<hidden>/<hidden>/<hidden>/<hidden>/<hidden>
  -------------------------------------------------------------------
                         required time                         -1.146    
                         arrival time                           1.179    
  -------------------------------------------------------------------
                         slack                                  0.033    





Pulse Width Checks
--------------------------------------------------------------------------------------
Clock Name:         clk_fpga_0
Waveform(ns):       { 0.000 5.000 }
Period(ns):         10.000
Sources:            { design_1_i/processing_system7_0/inst/PS7_i/FCLKCLK[0] }

Check Type        Corner  Lib Pin             Reference Pin  Required(ns)  Actual(ns)  Slack(ns)  Location      Pin
Min Period        n/a     DSP48E1/CLK         n/a            3.884         10.000      6.116      DSP48_X1Y8    design_1_i/afdm_mod_top_0/inst/grp_afdm_mod_fu_136/grp_afdm_mod_Pipeline_stages_butterflies_fu_72/mul_ln22_1_reg_1608_reg/CLK
Min Period        n/a     DSP48E1/CLK         n/a            3.884         10.000      6.116      DSP48_X1Y10   design_1_i/afdm_mod_top_0/inst/grp_afdm_mod_fu_136/grp_afdm_mod_Pipeline_stages_butterflies_fu_72/mul_ln22_reg_1593_reg/CLK
Min Period        n/a     DSP48E1/CLK         n/a            3.884         10.000      6.116      DSP48_X1Y9    design_1_i/afdm_mod_top_0/inst/grp_afdm_mod_fu_136/grp_afdm_mod_Pipeline_stages_butterflies_fu_72/mul_ln23_1_reg_1633_reg/CLK
Min Period        n/a     DSP48E1/CLK         n/a            3.884         10.000      6.116      DSP48_X1Y11   design_1_i/afdm_mod_top_0/inst/grp_afdm_mod_fu_136/grp_afdm_mod_Pipeline_stages_butterflies_fu_72/mul_ln23_reg_1628_reg/CLK
Min Period        n/a     RAMB18E1/CLKARDCLK  n/a            2.944         10.000      7.056      RAMB18_X0Y18  design_1_i/afdm_mod_top_0/inst/gmem_m_axi_U/load_unit_0/buff_rdata/U_fifo_mem/mem_reg/CLKARDCLK
Min Period        n/a     RAMB18E1/CLKBWRCLK  n/a            2.944         10.000      7.056      RAMB18_X0Y18  design_1_i/afdm_mod_top_0/inst/gmem_m_axi_U/load_unit_0/buff_rdata/U_fifo_mem/mem_reg/CLKBWRCLK
Min Period        n/a     RAMB18E1/CLKARDCLK  n/a            2.944         10.000      7.056      RAMB18_X1Y11  design_1_i/afdm_mod_top_0/inst/grp_afdm_mod_fu_136/tmp_im_U/ram_reg/CLKARDCLK
Min Period        n/a     RAMB18E1/CLKBWRCLK  n/a            2.944         10.000      7.056      RAMB18_X1Y11  design_1_i/afdm_mod_top_0/inst/grp_afdm_mod_fu_136/tmp_im_U/ram_reg/CLKBWRCLK
Min Period        n/a     RAMB18E1/CLKARDCLK  n/a            2.944         10.000      7.056      RAMB18_X1Y12  design_1_i/afdm_mod_top_0/inst/grp_afdm_mod_fu_136/tmp_re_U/ram_reg/CLKARDCLK
Min Period        n/a     RAMB18E1/CLKBWRCLK  n/a            2.944         10.000      7.056      RAMB18_X1Y12  design_1_i/afdm_mod_top_0/inst/grp_afdm_mod_fu_136/tmp_re_U/ram_reg/CLKBWRCLK
Low Pulse Width   Slow    RAMD32/CLK          n/a            1.250         5.000       3.750      SLICE_X38Y45  design_1_wrapper/design_1/design_1_axi_mem_intercon_0/s00_couplers_imp_7HNO1D/design_1_axi_mem_intercon_imp_auto_pc_0/design_1_axi_mem_intercon_imp_auto_pc_0_axi_protocol_converter_v2_1_37_axi_protocol_converter/design_1_axi_mem_intercon_imp_auto_pc_0_axi_protocol_converter_v2_1_37_axi3_conv/design_1_axi_mem_intercon_imp_auto_pc_0_axi_protocol_converter_v2_1_37_a_axi3_conv__parameterized0/design_1_axi_mem_intercon_imp_auto_pc_0_axi_data_fifo_v2_1_36_axic_fifo__parameterized0/design_1_axi_mem_intercon_imp_auto_pc_0_axi_data_fifo_v2_1_36_fifo_gen__parameterized0/<hidden>/<hidden>/<hidden>/<hidden>/<hidden>/<hidden>/<hidden>
Low Pulse Width   Fast    RAMD32/CLK          n/a            1.250         5.000       3.750      SLICE_X38Y45  design_1_wrapper/design_1/design_1_axi_mem_intercon_0/s00_couplers_imp_7HNO1D/design_1_axi_mem_intercon_imp_auto_pc_0/design_1_axi_mem_intercon_imp_auto_pc_0_axi_protocol_converter_v2_1_37_axi_protocol_converter/design_1_axi_mem_intercon_imp_auto_pc_0_axi_protocol_converter_v2_1_37_axi3_conv/design_1_axi_mem_intercon_imp_auto_pc_0_axi_protocol_converter_v2_1_37_a_axi3_conv__parameterized0/design_1_axi_mem_intercon_imp_auto_pc_0_axi_data_fifo_v2_1_36_axic_fifo__parameterized0/design_1_axi_mem_intercon_imp_auto_pc_0_axi_data_fifo_v2_1_36_fifo_gen__parameterized0/<hidden>/<hidden>/<hidden>/<hidden>/<hidden>/<hidden>/<hidden>
Low Pulse Width   Slow    RAMD32/CLK          n/a            1.250         5.000       3.750      SLICE_X38Y45  design_1_wrapper/design_1/design_1_axi_mem_intercon_0/s00_couplers_imp_7HNO1D/design_1_axi_mem_intercon_imp_auto_pc_0/design_1_axi_mem_intercon_imp_auto_pc_0_axi_protocol_converter_v2_1_37_axi_protocol_converter/design_1_axi_mem_intercon_imp_auto_pc_0_axi_protocol_converter_v2_1_37_axi3_conv/design_1_axi_mem_intercon_imp_auto_pc_0_axi_protocol_converter_v2_1_37_a_axi3_conv__parameterized0/design_1_axi_mem_intercon_imp_auto_pc_0_axi_data_fifo_v2_1_36_axic_fifo__parameterized0/design_1_axi_mem_intercon_imp_auto_pc_0_axi_data_fifo_v2_1_36_fifo_gen__parameterized0/<hidden>/<hidden>/<hidden>/<hidden>/<hidden>/<hidden>/<hidden>
Low Pulse Width   Fast    RAMD32/CLK          n/a            1.250         5.000       3.750      SLICE_X38Y45  design_1_wrapper/design_1/design_1_axi_mem_intercon_0/s00_couplers_imp_7HNO1D/design_1_axi_mem_intercon_imp_auto_pc_0/design_1_axi_mem_intercon_imp_auto_pc_0_axi_protocol_converter_v2_1_37_axi_protocol_converter/design_1_axi_mem_intercon_imp_auto_pc_0_axi_protocol_converter_v2_1_37_axi3_conv/design_1_axi_mem_intercon_imp_auto_pc_0_axi_protocol_converter_v2_1_37_a_axi3_conv__parameterized0/design_1_axi_mem_intercon_imp_auto_pc_0_axi_data_fifo_v2_1_36_axic_fifo__parameterized0/design_1_axi_mem_intercon_imp_auto_pc_0_axi_data_fifo_v2_1_36_fifo_gen__parameterized0/<hidden>/<hidden>/<hidden>/<hidden>/<hidden>/<hidden>/<hidden>
Low Pulse Width   Slow    RAMD32/CLK          n/a            1.250         5.000       3.750      SLICE_X46Y51  design_1_wrapper/design_1/design_1_axi_mem_intercon_0/s00_couplers_imp_7HNO1D/design_1_axi_mem_intercon_imp_auto_pc_0/design_1_axi_mem_intercon_imp_auto_pc_0_axi_protocol_converter_v2_1_37_axi_protocol_converter/design_1_axi_mem_intercon_imp_auto_pc_0_axi_protocol_converter_v2_1_37_axi3_conv/design_1_axi_mem_intercon_imp_auto_pc_0_axi_protocol_converter_v2_1_37_a_axi3_conv/design_1_axi_mem_intercon_imp_auto_pc_0_axi_data_fifo_v2_1_36_axic_fifo/design_1_axi_mem_intercon_imp_auto_pc_0_axi_data_fifo_v2_1_36_fifo_gen_1/<hidden>/<hidden>/<hidden>/<hidden>/<hidden>/<hidden>/<hidden>
Low Pulse Width   Fast    RAMD32/CLK          n/a            1.250         5.000       3.750      SLICE_X46Y51  design_1_wrapper/design_1/design_1_axi_mem_intercon_0/s00_couplers_imp_7HNO1D/design_1_axi_mem_intercon_imp_auto_pc_0/design_1_axi_mem_intercon_imp_auto_pc_0_axi_protocol_converter_v2_1_37_axi_protocol_converter/design_1_axi_mem_intercon_imp_auto_pc_0_axi_protocol_converter_v2_1_37_axi3_conv/design_1_axi_mem_intercon_imp_auto_pc_0_axi_protocol_converter_v2_1_37_a_axi3_conv/design_1_axi_mem_intercon_imp_auto_pc_0_axi_data_fifo_v2_1_36_axic_fifo/design_1_axi_mem_intercon_imp_auto_pc_0_axi_data_fifo_v2_1_36_fifo_gen_1/<hidden>/<hidden>/<hidden>/<hidden>/<hidden>/<hidden>/<hidden>
Low Pulse Width   Slow    RAMD32/CLK          n/a            1.250         5.000       3.750      SLICE_X46Y51  design_1_wrapper/design_1/design_1_axi_mem_intercon_0/s00_couplers_imp_7HNO1D/design_1_axi_mem_intercon_imp_auto_pc_0/design_1_axi_mem_intercon_imp_auto_pc_0_axi_protocol_converter_v2_1_37_axi_protocol_converter/design_1_axi_mem_intercon_imp_auto_pc_0_axi_protocol_converter_v2_1_37_axi3_conv/design_1_axi_mem_intercon_imp_auto_pc_0_axi_protocol_converter_v2_1_37_a_axi3_conv/design_1_axi_mem_intercon_imp_auto_pc_0_axi_data_fifo_v2_1_36_axic_fifo/design_1_axi_mem_intercon_imp_auto_pc_0_axi_data_fifo_v2_1_36_fifo_gen_1/<hidden>/<hidden>/<hidden>/<hidden>/<hidden>/<hidden>/<hidden>
Low Pulse Width   Fast    RAMD32/CLK          n/a            1.250         5.000       3.750      SLICE_X46Y51  design_1_wrapper/design_1/design_1_axi_mem_intercon_0/s00_couplers_imp_7HNO1D/design_1_axi_mem_intercon_imp_auto_pc_0/design_1_axi_mem_intercon_imp_auto_pc_0_axi_protocol_converter_v2_1_37_axi_protocol_converter/design_1_axi_mem_intercon_imp_auto_pc_0_axi_protocol_converter_v2_1_37_axi3_conv/design_1_axi_mem_intercon_imp_auto_pc_0_axi_protocol_converter_v2_1_37_a_axi3_conv/design_1_axi_mem_intercon_imp_auto_pc_0_axi_data_fifo_v2_1_36_axic_fifo/design_1_axi_mem_intercon_imp_auto_pc_0_axi_data_fifo_v2_1_36_fifo_gen_1/<hidden>/<hidden>/<hidden>/<hidden>/<hidden>/<hidden>/<hidden>
Low Pulse Width   Slow    RAMD32/CLK          n/a            1.250         5.000       3.750      SLICE_X46Y51  design_1_wrapper/design_1/design_1_axi_mem_intercon_0/s00_couplers_imp_7HNO1D/design_1_axi_mem_intercon_imp_auto_pc_0/design_1_axi_mem_intercon_imp_auto_pc_0_axi_protocol_converter_v2_1_37_axi_protocol_converter/design_1_axi_mem_intercon_imp_auto_pc_0_axi_protocol_converter_v2_1_37_axi3_conv/design_1_axi_mem_intercon_imp_auto_pc_0_axi_protocol_converter_v2_1_37_a_axi3_conv/design_1_axi_mem_intercon_imp_auto_pc_0_axi_data_fifo_v2_1_36_axic_fifo/design_1_axi_mem_intercon_imp_auto_pc_0_axi_data_fifo_v2_1_36_fifo_gen_1/<hidden>/<hidden>/<hidden>/<hidden>/<hidden>/<hidden>/<hidden>
Low Pulse Width   Fast    RAMD32/CLK          n/a            1.250         5.000       3.750      SLICE_X46Y51  design_1_wrapper/design_1/design_1_axi_mem_intercon_0/s00_couplers_imp_7HNO1D/design_1_axi_mem_intercon_imp_auto_pc_0/design_1_axi_mem_intercon_imp_auto_pc_0_axi_protocol_converter_v2_1_37_axi_protocol_converter/design_1_axi_mem_intercon_imp_auto_pc_0_axi_protocol_converter_v2_1_37_axi3_conv/design_1_axi_mem_intercon_imp_auto_pc_0_axi_protocol_converter_v2_1_37_a_axi3_conv/design_1_axi_mem_intercon_imp_auto_pc_0_axi_data_fifo_v2_1_36_axic_fifo/design_1_axi_mem_intercon_imp_auto_pc_0_axi_data_fifo_v2_1_36_fifo_gen_1/<hidden>/<hidden>/<hidden>/<hidden>/<hidden>/<hidden>/<hidden>
High Pulse Width  Slow    RAMD32/CLK          n/a            1.250         5.000       3.750      SLICE_X38Y45  design_1_wrapper/design_1/design_1_axi_mem_intercon_0/s00_couplers_imp_7HNO1D/design_1_axi_mem_intercon_imp_auto_pc_0/design_1_axi_mem_intercon_imp_auto_pc_0_axi_protocol_converter_v2_1_37_axi_protocol_converter/design_1_axi_mem_intercon_imp_auto_pc_0_axi_protocol_converter_v2_1_37_axi3_conv/design_1_axi_mem_intercon_imp_auto_pc_0_axi_protocol_converter_v2_1_37_a_axi3_conv__parameterized0/design_1_axi_mem_intercon_imp_auto_pc_0_axi_data_fifo_v2_1_36_axic_fifo__parameterized0/design_1_axi_mem_intercon_imp_auto_pc_0_axi_data_fifo_v2_1_36_fifo_gen__parameterized0/<hidden>/<hidden>/<hidden>/<hidden>/<hidden>/<hidden>/<hidden>
High Pulse Width  Fast    RAMD32/CLK          n/a            1.250         5.000       3.750      SLICE_X38Y45  design_1_wrapper/design_1/design_1_axi_mem_intercon_0/s00_couplers_imp_7HNO1D/design_1_axi_mem_intercon_imp_auto_pc_0/design_1_axi_mem_intercon_imp_auto_pc_0_axi_protocol_converter_v2_1_37_axi_protocol_converter/design_1_axi_mem_intercon_imp_auto_pc_0_axi_protocol_converter_v2_1_37_axi3_conv/design_1_axi_mem_intercon_imp_auto_pc_0_axi_protocol_converter_v2_1_37_a_axi3_conv__parameterized0/design_1_axi_mem_intercon_imp_auto_pc_0_axi_data_fifo_v2_1_36_axic_fifo__parameterized0/design_1_axi_mem_intercon_imp_auto_pc_0_axi_data_fifo_v2_1_36_fifo_gen__parameterized0/<hidden>/<hidden>/<hidden>/<hidden>/<hidden>/<hidden>/<hidden>
High Pulse Width  Slow    RAMD32/CLK          n/a            1.250         5.000       3.750      SLICE_X38Y45  design_1_wrapper/design_1/design_1_axi_mem_intercon_0/s00_couplers_imp_7HNO1D/design_1_axi_mem_intercon_imp_auto_pc_0/design_1_axi_mem_intercon_imp_auto_pc_0_axi_protocol_converter_v2_1_37_axi_protocol_converter/design_1_axi_mem_intercon_imp_auto_pc_0_axi_protocol_converter_v2_1_37_axi3_conv/design_1_axi_mem_intercon_imp_auto_pc_0_axi_protocol_converter_v2_1_37_a_axi3_conv__parameterized0/design_1_axi_mem_intercon_imp_auto_pc_0_axi_data_fifo_v2_1_36_axic_fifo__parameterized0/design_1_axi_mem_intercon_imp_auto_pc_0_axi_data_fifo_v2_1_36_fifo_gen__parameterized0/<hidden>/<hidden>/<hidden>/<hidden>/<hidden>/<hidden>/<hidden>
High Pulse Width  Fast    RAMD32/CLK          n/a            1.250         5.000       3.750      SLICE_X38Y45  design_1_wrapper/design_1/design_1_axi_mem_intercon_0/s00_couplers_imp_7HNO1D/design_1_axi_mem_intercon_imp_auto_pc_0/design_1_axi_mem_intercon_imp_auto_pc_0_axi_protocol_converter_v2_1_37_axi_protocol_converter/design_1_axi_mem_intercon_imp_auto_pc_0_axi_protocol_converter_v2_1_37_axi3_conv/design_1_axi_mem_intercon_imp_auto_pc_0_axi_protocol_converter_v2_1_37_a_axi3_conv__parameterized0/design_1_axi_mem_intercon_imp_auto_pc_0_axi_data_fifo_v2_1_36_axic_fifo__parameterized0/design_1_axi_mem_intercon_imp_auto_pc_0_axi_data_fifo_v2_1_36_fifo_gen__parameterized0/<hidden>/<hidden>/<hidden>/<hidden>/<hidden>/<hidden>/<hidden>
High Pulse Width  Slow    RAMD32/CLK          n/a            1.250         5.000       3.750      SLICE_X46Y51  design_1_wrapper/design_1/design_1_axi_mem_intercon_0/s00_couplers_imp_7HNO1D/design_1_axi_mem_intercon_imp_auto_pc_0/design_1_axi_mem_intercon_imp_auto_pc_0_axi_protocol_converter_v2_1_37_axi_protocol_converter/design_1_axi_mem_intercon_imp_auto_pc_0_axi_protocol_converter_v2_1_37_axi3_conv/design_1_axi_mem_intercon_imp_auto_pc_0_axi_protocol_converter_v2_1_37_a_axi3_conv/design_1_axi_mem_intercon_imp_auto_pc_0_axi_data_fifo_v2_1_36_axic_fifo/design_1_axi_mem_intercon_imp_auto_pc_0_axi_data_fifo_v2_1_36_fifo_gen_1/<hidden>/<hidden>/<hidden>/<hidden>/<hidden>/<hidden>/<hidden>
High Pulse Width  Fast    RAMD32/CLK          n/a            1.250         5.000       3.750      SLICE_X46Y51  design_1_wrapper/design_1/design_1_axi_mem_intercon_0/s00_couplers_imp_7HNO1D/design_1_axi_mem_intercon_imp_auto_pc_0/design_1_axi_mem_intercon_imp_auto_pc_0_axi_protocol_converter_v2_1_37_axi_protocol_converter/design_1_axi_mem_intercon_imp_auto_pc_0_axi_protocol_converter_v2_1_37_axi3_conv/design_1_axi_mem_intercon_imp_auto_pc_0_axi_protocol_converter_v2_1_37_a_axi3_conv/design_1_axi_mem_intercon_imp_auto_pc_0_axi_data_fifo_v2_1_36_axic_fifo/design_1_axi_mem_intercon_imp_auto_pc_0_axi_data_fifo_v2_1_36_fifo_gen_1/<hidden>/<hidden>/<hidden>/<hidden>/<hidden>/<hidden>/<hidden>
High Pulse Width  Slow    RAMD32/CLK          n/a            1.250         5.000       3.750      SLICE_X46Y51  design_1_wrapper/design_1/design_1_axi_mem_intercon_0/s00_couplers_imp_7HNO1D/design_1_axi_mem_intercon_imp_auto_pc_0/design_1_axi_mem_intercon_imp_auto_pc_0_axi_protocol_converter_v2_1_37_axi_protocol_converter/design_1_axi_mem_intercon_imp_auto_pc_0_axi_protocol_converter_v2_1_37_axi3_conv/design_1_axi_mem_intercon_imp_auto_pc_0_axi_protocol_converter_v2_1_37_a_axi3_conv/design_1_axi_mem_intercon_imp_auto_pc_0_axi_data_fifo_v2_1_36_axic_fifo/design_1_axi_mem_intercon_imp_auto_pc_0_axi_data_fifo_v2_1_36_fifo_gen_1/<hidden>/<hidden>/<hidden>/<hidden>/<hidden>/<hidden>/<hidden>
High Pulse Width  Fast    RAMD32/CLK          n/a            1.250         5.000       3.750      SLICE_X46Y51  design_1_wrapper/design_1/design_1_axi_mem_intercon_0/s00_couplers_imp_7HNO1D/design_1_axi_mem_intercon_imp_auto_pc_0/design_1_axi_mem_intercon_imp_auto_pc_0_axi_protocol_converter_v2_1_37_axi_protocol_converter/design_1_axi_mem_intercon_imp_auto_pc_0_axi_protocol_converter_v2_1_37_axi3_conv/design_1_axi_mem_intercon_imp_auto_pc_0_axi_protocol_converter_v2_1_37_a_axi3_conv/design_1_axi_mem_intercon_imp_auto_pc_0_axi_data_fifo_v2_1_36_axic_fifo/design_1_axi_mem_intercon_imp_auto_pc_0_axi_data_fifo_v2_1_36_fifo_gen_1/<hidden>/<hidden>/<hidden>/<hidden>/<hidden>/<hidden>/<hidden>
High Pulse Width  Slow    RAMD32/CLK          n/a            1.250         5.000       3.750      SLICE_X46Y51  design_1_wrapper/design_1/design_1_axi_mem_intercon_0/s00_couplers_imp_7HNO1D/design_1_axi_mem_intercon_imp_auto_pc_0/design_1_axi_mem_intercon_imp_auto_pc_0_axi_protocol_converter_v2_1_37_axi_protocol_converter/design_1_axi_mem_intercon_imp_auto_pc_0_axi_protocol_converter_v2_1_37_axi3_conv/design_1_axi_mem_intercon_imp_auto_pc_0_axi_protocol_converter_v2_1_37_a_axi3_conv/design_1_axi_mem_intercon_imp_auto_pc_0_axi_data_fifo_v2_1_36_axic_fifo/design_1_axi_mem_intercon_imp_auto_pc_0_axi_data_fifo_v2_1_36_fifo_gen_1/<hidden>/<hidden>/<hidden>/<hidden>/<hidden>/<hidden>/<hidden>
High Pulse Width  Fast    RAMD32/CLK          n/a            1.250         5.000       3.750      SLICE_X46Y51  design_1_wrapper/design_1/design_1_axi_mem_intercon_0/s00_couplers_imp_7HNO1D/design_1_axi_mem_intercon_imp_auto_pc_0/design_1_axi_mem_intercon_imp_auto_pc_0_axi_protocol_converter_v2_1_37_axi_protocol_converter/design_1_axi_mem_intercon_imp_auto_pc_0_axi_protocol_converter_v2_1_37_axi3_conv/design_1_axi_mem_intercon_imp_auto_pc_0_axi_protocol_converter_v2_1_37_a_axi3_conv/design_1_axi_mem_intercon_imp_auto_pc_0_axi_data_fifo_v2_1_36_axic_fifo/design_1_axi_mem_intercon_imp_auto_pc_0_axi_data_fifo_v2_1_36_fifo_gen_1/<hidden>/<hidden>/<hidden>/<hidden>/<hidden>/<hidden>/<hidden>



---------------------------------------------------------------------------------------------------
Path Group:  **async_default**
From Clock:  clk_fpga_0
  To Clock:  clk_fpga_0

Setup :            0  Failing Endpoints,  Worst Slack        6.457ns,  Total Violation        0.000ns
Hold  :            0  Failing Endpoints,  Worst Slack        0.563ns,  Total Violation        0.000ns
---------------------------------------------------------------------------------------------------


Max Delay Paths
--------------------------------------------------------------------------------------
Slack (MET) :             6.457ns  (required time - arrival time)
  Source:                 design_1_wrapper/design_1/design_1_axi_mem_intercon_0/s00_couplers_imp_7HNO1D/design_1_axi_mem_intercon_imp_auto_pc_0/design_1_axi_mem_intercon_imp_auto_pc_0_axi_protocol_converter_v2_1_37_axi_protocol_converter/design_1_axi_mem_intercon_imp_auto_pc_0_axi_protocol_converter_v2_1_37_axi3_conv/design_1_axi_mem_intercon_imp_auto_pc_0_axi_protocol_converter_v2_1_37_a_axi3_conv/design_1_axi_mem_intercon_imp_auto_pc_0_axi_data_fifo_v2_1_36_axic_fifo/design_1_axi_mem_intercon_imp_auto_pc_0_axi_data_fifo_v2_1_36_fifo_gen_1/<hidden>/<hidden>/<hidden>/<hidden>/<hidden>
                            (rising edge-triggered cell FDRE clocked by clk_fpga_0  {rise@0.000ns fall@5.000ns period=10.000ns})
  Destination:            design_1_wrapper/design_1/design_1_axi_mem_intercon_0/s00_couplers_imp_7HNO1D/design_1_axi_mem_intercon_imp_auto_pc_0/design_1_axi_mem_intercon_imp_auto_pc_0_axi_protocol_converter_v2_1_37_axi_protocol_converter/design_1_axi_mem_intercon_imp_auto_pc_0_axi_protocol_converter_v2_1_37_axi3_conv/design_1_axi_mem_intercon_imp_auto_pc_0_axi_protocol_converter_v2_1_37_a_axi3_conv/design_1_axi_mem_intercon_imp_auto_pc_0_axi_data_fifo_v2_1_36_axic_fifo/design_1_axi_mem_intercon_imp_auto_pc_0_axi_data_fifo_v2_1_36_fifo_gen_1/<hidden>/<hidden>/<hidden>/<hidden>/<hidden>/<hidden>
                            (recovery check against rising-edge clock clk_fpga_0  {rise@0.000ns fall@5.000ns period=10.000ns})
  Path Group:             **async_default**
  Path Type:              Recovery (Max at Slow Process Corner)
  Requirement:            10.000ns  (clk_fpga_0 rise@10.000ns - clk_fpga_0 rise@0.000ns)
  Data Path Delay:        2.794ns  (logic 0.580ns (20.760%)  route 2.214ns (79.240%))
  Logic Levels:           1  (LUT3=1)
  Clock Path Skew:        -0.190ns (DCD - SCD + CPR)
    Destination Clock Delay (DCD):    2.658ns = ( 12.658 - 10.000 ) 
    Source Clock Delay      (SCD):    2.963ns
    Clock Pessimism Removal (CPR):    0.115ns
  Clock Uncertainty:      0.154ns  ((TSJ^2 + TIJ^2)^1/2 + DJ) / 2 + PE
    Total System Jitter     (TSJ):    0.071ns
    Total Input Jitter      (TIJ):    0.300ns
    Discrete Jitter          (DJ):    0.000ns
    Phase Error              (PE):    0.000ns

    Location             Delay type                Incr(ns)  Path(ns)    Netlist Resource(s)
  -------------------------------------------------------------------    -------------------
                         (clock clk_fpga_0 rise edge)
                                                      0.000     0.000 r  
    PS7_X0Y0             PS7                          0.000     0.000 r  design_1_i/processing_system7_0/inst/PS7_i/FCLKCLK[0]
                         net (fo=1, routed)           1.193     1.193    design_1_i/processing_system7_0/inst/FCLK_CLK_unbuffered[0]
    BUFGCTRL_X0Y16       BUFG (Prop_bufg_I_O)         0.101     1.294 r  design_1_i/processing_system7_0/inst/buffer_fclk_clk_0.FCLK_CLK_0_BUFG/O
                         net (fo=4149, routed)        1.669     2.963    design_1_wrapper/design_1/design_1_axi_mem_intercon_0/s00_couplers_imp_7HNO1D/design_1_axi_mem_intercon_imp_auto_pc_0/design_1_axi_mem_intercon_imp_auto_pc_0_axi_protocol_converter_v2_1_37_axi_protocol_converter/design_1_axi_mem_intercon_imp_auto_pc_0_axi_protocol_converter_v2_1_37_axi3_conv/design_1_axi_mem_intercon_imp_auto_pc_0_axi_protocol_converter_v2_1_37_a_axi3_conv/design_1_axi_mem_intercon_imp_auto_pc_0_axi_data_fifo_v2_1_36_axic_fifo/design_1_axi_mem_intercon_imp_auto_pc_0_axi_data_fifo_v2_1_36_fifo_gen_1/<hidden>/<hidden>/<hidden>/<hidden>/<hidden>
    SLICE_X45Y48         FDRE                                         r  design_1_wrapper/design_1/design_1_axi_mem_intercon_0/s00_couplers_imp_7HNO1D/design_1_axi_mem_intercon_imp_auto_pc_0/design_1_axi_mem_intercon_imp_auto_pc_0_axi_protocol_converter_v2_1_37_axi_protocol_converter/design_1_axi_mem_intercon_imp_auto_pc_0_axi_protocol_converter_v2_1_37_axi3_conv/design_1_axi_mem_intercon_imp_auto_pc_0_axi_protocol_converter_v2_1_37_a_axi3_conv/design_1_axi_mem_intercon_imp_auto_pc_0_axi_data_fifo_v2_1_36_axic_fifo/design_1_axi_mem_intercon_imp_auto_pc_0_axi_data_fifo_v2_1_36_fifo_gen_1/<hidden>/<hidden>/<hidden>/<hidden>/<hidden>
  -------------------------------------------------------------------    -------------------
    SLICE_X45Y48         FDRE (Prop_fdre_C_Q)         0.456     3.419 f  design_1_wrapper/design_1/design_1_axi_mem_intercon_0/s00_couplers_imp_7HNO1D/design_1_axi_mem_intercon_imp_auto_pc_0/design_1_axi_mem_intercon_imp_auto_pc_0_axi_protocol_converter_v2_1_37_axi_protocol_converter/design_1_axi_mem_intercon_imp_auto_pc_0_axi_protocol_converter_v2_1_37_axi3_conv/design_1_axi_mem_intercon_imp_auto_pc_0_axi_protocol_converter_v2_1_37_a_axi3_conv/design_1_axi_mem_intercon_imp_auto_pc_0_axi_data_fifo_v2_1_36_axic_fifo/design_1_axi_mem_intercon_imp_auto_pc_0_axi_data_fifo_v2_1_36_fifo_gen_1/<hidden>/<hidden>/<hidden>/<hidden>/<hidden>
                         net (fo=2, routed)           0.871     4.290    design_1_wrapper/design_1/design_1_axi_mem_intercon_0/s00_couplers_imp_7HNO1D/design_1_axi_mem_intercon_imp_auto_pc_0/design_1_axi_mem_intercon_imp_auto_pc_0_axi_protocol_converter_v2_1_37_axi_protocol_converter/design_1_axi_mem_intercon_imp_auto_pc_0_axi_protocol_converter_v2_1_37_axi3_conv/design_1_axi_mem_intercon_imp_auto_pc_0_axi_protocol_converter_v2_1_37_a_axi3_conv/design_1_axi_mem_intercon_imp_auto_pc_0_axi_data_fifo_v2_1_36_axic_fifo/design_1_axi_mem_intercon_imp_auto_pc_0_axi_data_fifo_v2_1_36_fifo_gen_1/<hidden>/<hidden>/<hidden>/<hidden>/<hidden>
    SLICE_X45Y48         LUT3 (Prop_lut3_I0_O)        0.124     4.414 f  design_1_wrapper/design_1/design_1_axi_mem_intercon_0/s00_couplers_imp_7HNO1D/design_1_axi_mem_intercon_imp_auto_pc_0/design_1_axi_mem_intercon_imp_auto_pc_0_axi_protocol_converter_v2_1_37_axi_protocol_converter/design_1_axi_mem_intercon_imp_auto_pc_0_axi_protocol_converter_v2_1_37_axi3_conv/design_1_axi_mem_intercon_imp_auto_pc_0_axi_protocol_converter_v2_1_37_a_axi3_conv/design_1_axi_mem_intercon_imp_auto_pc_0_axi_data_fifo_v2_1_36_axic_fifo/design_1_axi_mem_intercon_imp_auto_pc_0_axi_data_fifo_v2_1_36_fifo_gen_1/<hidden>/<hidden>/<hidden>/<hidden>/<hidden>
                         net (fo=32, routed)          1.342     5.757    design_1_wrapper/design_1/design_1_axi_mem_intercon_0/s00_couplers_imp_7HNO1D/design_1_axi_mem_intercon_imp_auto_pc_0/design_1_axi_mem_intercon_imp_auto_pc_0_axi_protocol_converter_v2_1_37_axi_protocol_converter/design_1_axi_mem_intercon_imp_auto_pc_0_axi_protocol_converter_v2_1_37_axi3_conv/design_1_axi_mem_intercon_imp_auto_pc_0_axi_protocol_converter_v2_1_37_a_axi3_conv/design_1_axi_mem_intercon_imp_auto_pc_0_axi_data_fifo_v2_1_36_axic_fifo/design_1_axi_mem_intercon_imp_auto_pc_0_axi_data_fifo_v2_1_36_fifo_gen_1/<hidden>/<hidden>/<hidden>/<hidden>/<hidden>/<hidden>
    SLICE_X44Y51         FDCE                                         f  design_1_wrapper/design_1/design_1_axi_mem_intercon_0/s00_couplers_imp_7HNO1D/design_1_axi_mem_intercon_imp_auto_pc_0/design_1_axi_mem_intercon_imp_auto_pc_0_axi_protocol_converter_v2_1_37_axi_protocol_converter/design_1_axi_mem_intercon_imp_auto_pc_0_axi_protocol_converter_v2_1_37_axi3_conv/design_1_axi_mem_intercon_imp_auto_pc_0_axi_protocol_converter_v2_1_37_a_axi3_conv/design_1_axi_mem_intercon_imp_auto_pc_0_axi_data_fifo_v2_1_36_axic_fifo/design_1_axi_mem_intercon_imp_auto_pc_0_axi_data_fifo_v2_1_36_fifo_gen_1/<hidden>/<hidden>/<hidden>/<hidden>/<hidden>/<hidden>
  -------------------------------------------------------------------    -------------------

                         (clock clk_fpga_0 rise edge)
                                                     10.000    10.000 r  
    PS7_X0Y0             PS7                          0.000    10.000 r  design_1_i/processing_system7_0/inst/PS7_i/FCLKCLK[0]
                         net (fo=1, routed)           1.088    11.088    design_1_i/processing_system7_0/inst/FCLK_CLK_unbuffered[0]
    BUFGCTRL_X0Y16       BUFG (Prop_bufg_I_O)         0.091    11.179 r  design_1_i/processing_system7_0/inst/buffer_fclk_clk_0.FCLK_CLK_0_BUFG/O
                         net (fo=4149, routed)        1.479    12.658    design_1_wrapper/design_1/design_1_axi_mem_intercon_0/s00_couplers_imp_7HNO1D/design_1_axi_mem_intercon_imp_auto_pc_0/design_1_axi_mem_intercon_imp_auto_pc_0_axi_protocol_converter_v2_1_37_axi_protocol_converter/design_1_axi_mem_intercon_imp_auto_pc_0_axi_protocol_converter_v2_1_37_axi3_conv/design_1_axi_mem_intercon_imp_auto_pc_0_axi_protocol_converter_v2_1_37_a_axi3_conv/design_1_axi_mem_intercon_imp_auto_pc_0_axi_data_fifo_v2_1_36_axic_fifo/design_1_axi_mem_intercon_imp_auto_pc_0_axi_data_fifo_v2_1_36_fifo_gen_1/<hidden>/<hidden>/<hidden>/<hidden>/<hidden>/<hidden>
    SLICE_X44Y51         FDCE                                         r  design_1_wrapper/design_1/design_1_axi_mem_intercon_0/s00_couplers_imp_7HNO1D/design_1_axi_mem_intercon_imp_auto_pc_0/design_1_axi_mem_intercon_imp_auto_pc_0_axi_protocol_converter_v2_1_37_axi_protocol_converter/design_1_axi_mem_intercon_imp_auto_pc_0_axi_protocol_converter_v2_1_37_axi3_conv/design_1_axi_mem_intercon_imp_auto_pc_0_axi_protocol_converter_v2_1_37_a_axi3_conv/design_1_axi_mem_intercon_imp_auto_pc_0_axi_data_fifo_v2_1_36_axic_fifo/design_1_axi_mem_intercon_imp_auto_pc_0_axi_data_fifo_v2_1_36_fifo_gen_1/<hidden>/<hidden>/<hidden>/<hidden>/<hidden>/<hidden>
                         clock pessimism              0.115    12.773    
                         clock uncertainty           -0.154    12.619    
    SLICE_X44Y51         FDCE (Recov_fdce_C_CLR)     -0.405    12.214    design_1_wrapper/design_1/design_1_axi_mem_intercon_0/s00_couplers_imp_7HNO1D/design_1_axi_mem_intercon_imp_auto_pc_0/design_1_axi_mem_intercon_imp_auto_pc_0_axi_protocol_converter_v2_1_37_axi_protocol_converter/design_1_axi_mem_intercon_imp_auto_pc_0_axi_protocol_converter_v2_1_37_axi3_conv/design_1_axi_mem_intercon_imp_auto_pc_0_axi_protocol_converter_v2_1_37_a_axi3_conv/design_1_axi_mem_intercon_imp_auto_pc_0_axi_data_fifo_v2_1_36_axic_fifo/design_1_axi_mem_intercon_imp_auto_pc_0_axi_data_fifo_v2_1_36_fifo_gen_1/<hidden>/<hidden>/<hidden>/<hidden>/<hidden>/<hidden>
  -------------------------------------------------------------------
                         required time                         12.214    
                         arrival time                          -5.757    
  -------------------------------------------------------------------
                         slack                                  6.457    

Slack (MET) :             6.457ns  (required time - arrival time)
  Source:                 design_1_wrapper/design_1/design_1_axi_mem_intercon_0/s00_couplers_imp_7HNO1D/design_1_axi_mem_intercon_imp_auto_pc_0/design_1_axi_mem_intercon_imp_auto_pc_0_axi_protocol_converter_v2_1_37_axi_protocol_converter/design_1_axi_mem_intercon_imp_auto_pc_0_axi_protocol_converter_v2_1_37_axi3_conv/design_1_axi_mem_intercon_imp_auto_pc_0_axi_protocol_converter_v2_1_37_a_axi3_conv/design_1_axi_mem_intercon_imp_auto_pc_0_axi_data_fifo_v2_1_36_axic_fifo/design_1_axi_mem_intercon_imp_auto_pc_0_axi_data_fifo_v2_1_36_fifo_gen_1/<hidden>/<hidden>/<hidden>/<hidden>/<hidden>
                            (rising edge-triggered cell FDRE clocked by clk_fpga_0  {rise@0.000ns fall@5.000ns period=10.000ns})
  Destination:            design_1_wrapper/design_1/design_1_axi_mem_intercon_0/s00_couplers_imp_7HNO1D/design_1_axi_mem_intercon_imp_auto_pc_0/design_1_axi_mem_intercon_imp_auto_pc_0_axi_protocol_converter_v2_1_37_axi_protocol_converter/design_1_axi_mem_intercon_imp_auto_pc_0_axi_protocol_converter_v2_1_37_axi3_conv/design_1_axi_mem_intercon_imp_auto_pc_0_axi_protocol_converter_v2_1_37_a_axi3_conv/design_1_axi_mem_intercon_imp_auto_pc_0_axi_data_fifo_v2_1_36_axic_fifo/design_1_axi_mem_intercon_imp_auto_pc_0_axi_data_fifo_v2_1_36_fifo_gen_1/<hidden>/<hidden>/<hidden>/<hidden>/<hidden>/<hidden>
                            (recovery check against rising-edge clock clk_fpga_0  {rise@0.000ns fall@5.000ns period=10.000ns})
  Path Group:             **async_default**
  Path Type:              Recovery (Max at Slow Process Corner)
  Requirement:            10.000ns  (clk_fpga_0 rise@10.000ns - clk_fpga_0 rise@0.000ns)
  Data Path Delay:        2.794ns  (logic 0.580ns (20.760%)  route 2.214ns (79.240%))
  Logic Levels:           1  (LUT3=1)
  Clock Path Skew:        -0.190ns (DCD - SCD + CPR)
    Destination Clock Delay (DCD):    2.658ns = ( 12.658 - 10.000 ) 
    Source Clock Delay      (SCD):    2.963ns
    Clock Pessimism Removal (CPR):    0.115ns
  Clock Uncertainty:      0.154ns  ((TSJ^2 + TIJ^2)^1/2 + DJ) / 2 + PE
    Total System Jitter     (TSJ):    0.071ns
    Total Input Jitter      (TIJ):    0.300ns
    Discrete Jitter          (DJ):    0.000ns
    Phase Error              (PE):    0.000ns

    Location             Delay type                Incr(ns)  Path(ns)    Netlist Resource(s)
  -------------------------------------------------------------------    -------------------
                         (clock clk_fpga_0 rise edge)
                                                      0.000     0.000 r  
    PS7_X0Y0             PS7                          0.000     0.000 r  design_1_i/processing_system7_0/inst/PS7_i/FCLKCLK[0]
                         net (fo=1, routed)           1.193     1.193    design_1_i/processing_system7_0/inst/FCLK_CLK_unbuffered[0]
    BUFGCTRL_X0Y16       BUFG (Prop_bufg_I_O)         0.101     1.294 r  design_1_i/processing_system7_0/inst/buffer_fclk_clk_0.FCLK_CLK_0_BUFG/O
                         net (fo=4149, routed)        1.669     2.963    design_1_wrapper/design_1/design_1_axi_mem_intercon_0/s00_couplers_imp_7HNO1D/design_1_axi_mem_intercon_imp_auto_pc_0/design_1_axi_mem_intercon_imp_auto_pc_0_axi_protocol_converter_v2_1_37_axi_protocol_converter/design_1_axi_mem_intercon_imp_auto_pc_0_axi_protocol_converter_v2_1_37_axi3_conv/design_1_axi_mem_intercon_imp_auto_pc_0_axi_protocol_converter_v2_1_37_a_axi3_conv/design_1_axi_mem_intercon_imp_auto_pc_0_axi_data_fifo_v2_1_36_axic_fifo/design_1_axi_mem_intercon_imp_auto_pc_0_axi_data_fifo_v2_1_36_fifo_gen_1/<hidden>/<hidden>/<hidden>/<hidden>/<hidden>
    SLICE_X45Y48         FDRE                                         r  design_1_wrapper/design_1/design_1_axi_mem_intercon_0/s00_couplers_imp_7HNO1D/design_1_axi_mem_intercon_imp_auto_pc_0/design_1_axi_mem_intercon_imp_auto_pc_0_axi_protocol_converter_v2_1_37_axi_protocol_converter/design_1_axi_mem_intercon_imp_auto_pc_0_axi_protocol_converter_v2_1_37_axi3_conv/design_1_axi_mem_intercon_imp_auto_pc_0_axi_protocol_converter_v2_1_37_a_axi3_conv/design_1_axi_mem_intercon_imp_auto_pc_0_axi_data_fifo_v2_1_36_axic_fifo/design_1_axi_mem_intercon_imp_auto_pc_0_axi_data_fifo_v2_1_36_fifo_gen_1/<hidden>/<hidden>/<hidden>/<hidden>/<hidden>
  -------------------------------------------------------------------    -------------------
    SLICE_X45Y48         FDRE (Prop_fdre_C_Q)         0.456     3.419 f  design_1_wrapper/design_1/design_1_axi_mem_intercon_0/s00_couplers_imp_7HNO1D/design_1_axi_mem_intercon_imp_auto_pc_0/design_1_axi_mem_intercon_imp_auto_pc_0_axi_protocol_converter_v2_1_37_axi_protocol_converter/design_1_axi_mem_intercon_imp_auto_pc_0_axi_protocol_converter_v2_1_37_axi3_conv/design_1_axi_mem_intercon_imp_auto_pc_0_axi_protocol_converter_v2_1_37_a_axi3_conv/design_1_axi_mem_intercon_imp_auto_pc_0_axi_data_fifo_v2_1_36_axic_fifo/design_1_axi_mem_intercon_imp_auto_pc_0_axi_data_fifo_v2_1_36_fifo_gen_1/<hidden>/<hidden>/<hidden>/<hidden>/<hidden>
                         net (fo=2, routed)           0.871     4.290    design_1_wrapper/design_1/design_1_axi_mem_intercon_0/s00_couplers_imp_7HNO1D/design_1_axi_mem_intercon_imp_auto_pc_0/design_1_axi_mem_intercon_imp_auto_pc_0_axi_protocol_converter_v2_1_37_axi_protocol_converter/design_1_axi_mem_intercon_imp_auto_pc_0_axi_protocol_converter_v2_1_37_axi3_conv/design_1_axi_mem_intercon_imp_auto_pc_0_axi_protocol_converter_v2_1_37_a_axi3_conv/design_1_axi_mem_intercon_imp_auto_pc_0_axi_data_fifo_v2_1_36_axic_fifo/design_1_axi_mem_intercon_imp_auto_pc_0_axi_data_fifo_v2_1_36_fifo_gen_1/<hidden>/<hidden>/<hidden>/<hidden>/<hidden>
    SLICE_X45Y48         LUT3 (Prop_lut3_I0_O)        0.124     4.414 f  design_1_wrapper/design_1/design_1_axi_mem_intercon_0/s00_couplers_imp_7HNO1D/design_1_axi_mem_intercon_imp_auto_pc_0/design_1_axi_mem_intercon_imp_auto_pc_0_axi_protocol_converter_v2_1_37_axi_protocol_converter/design_1_axi_mem_intercon_imp_auto_pc_0_axi_protocol_converter_v2_1_37_axi3_conv/design_1_axi_mem_intercon_imp_auto_pc_0_axi_protocol_converter_v2_1_37_a_axi3_conv/design_1_axi_mem_intercon_imp_auto_pc_0_axi_data_fifo_v2_1_36_axic_fifo/design_1_axi_mem_intercon_imp_auto_pc_0_axi_data_fifo_v2_1_36_fifo_gen_1/<hidden>/<hidden>/<hidden>/<hidden>/<hidden>
                         net (fo=32, routed)          1.342     5.757    design_1_wrapper/design_1/design_1_axi_mem_intercon_0/s00_couplers_imp_7HNO1D/design_1_axi_mem_intercon_imp_auto_pc_0/design_1_axi_mem_intercon_imp_auto_pc_0_axi_protocol_converter_v2_1_37_axi_protocol_converter/design_1_axi_mem_intercon_imp_auto_pc_0_axi_protocol_converter_v2_1_37_axi3_conv/design_1_axi_mem_intercon_imp_auto_pc_0_axi_protocol_converter_v2_1_37_a_axi3_conv/design_1_axi_mem_intercon_imp_auto_pc_0_axi_data_fifo_v2_1_36_axic_fifo/design_1_axi_mem_intercon_imp_auto_pc_0_axi_data_fifo_v2_1_36_fifo_gen_1/<hidden>/<hidden>/<hidden>/<hidden>/<hidden>/<hidden>
    SLICE_X44Y51         FDCE                                         f  design_1_wrapper/design_1/design_1_axi_mem_intercon_0/s00_couplers_imp_7HNO1D/design_1_axi_mem_intercon_imp_auto_pc_0/design_1_axi_mem_intercon_imp_auto_pc_0_axi_protocol_converter_v2_1_37_axi_protocol_converter/design_1_axi_mem_intercon_imp_auto_pc_0_axi_protocol_converter_v2_1_37_axi3_conv/design_1_axi_mem_intercon_imp_auto_pc_0_axi_protocol_converter_v2_1_37_a_axi3_conv/design_1_axi_mem_intercon_imp_auto_pc_0_axi_data_fifo_v2_1_36_axic_fifo/design_1_axi_mem_intercon_imp_auto_pc_0_axi_data_fifo_v2_1_36_fifo_gen_1/<hidden>/<hidden>/<hidden>/<hidden>/<hidden>/<hidden>
  -------------------------------------------------------------------    -------------------

                         (clock clk_fpga_0 rise edge)
                                                     10.000    10.000 r  
    PS7_X0Y0             PS7                          0.000    10.000 r  design_1_i/processing_system7_0/inst/PS7_i/FCLKCLK[0]
                         net (fo=1, routed)           1.088    11.088    design_1_i/processing_system7_0/inst/FCLK_CLK_unbuffered[0]
    BUFGCTRL_X0Y16       BUFG (Prop_bufg_I_O)         0.091    11.179 r  design_1_i/processing_system7_0/inst/buffer_fclk_clk_0.FCLK_CLK_0_BUFG/O
                         net (fo=4149, routed)        1.479    12.658    design_1_wrapper/design_1/design_1_axi_mem_intercon_0/s00_couplers_imp_7HNO1D/design_1_axi_mem_intercon_imp_auto_pc_0/design_1_axi_mem_intercon_imp_auto_pc_0_axi_protocol_converter_v2_1_37_axi_protocol_converter/design_1_axi_mem_intercon_imp_auto_pc_0_axi_protocol_converter_v2_1_37_axi3_conv/design_1_axi_mem_intercon_imp_auto_pc_0_axi_protocol_converter_v2_1_37_a_axi3_conv/design_1_axi_mem_intercon_imp_auto_pc_0_axi_data_fifo_v2_1_36_axic_fifo/design_1_axi_mem_intercon_imp_auto_pc_0_axi_data_fifo_v2_1_36_fifo_gen_1/<hidden>/<hidden>/<hidden>/<hidden>/<hidden>/<hidden>
    SLICE_X44Y51         FDCE                                         r  design_1_wrapper/design_1/design_1_axi_mem_intercon_0/s00_couplers_imp_7HNO1D/design_1_axi_mem_intercon_imp_auto_pc_0/design_1_axi_mem_intercon_imp_auto_pc_0_axi_protocol_converter_v2_1_37_axi_protocol_converter/design_1_axi_mem_intercon_imp_auto_pc_0_axi_protocol_converter_v2_1_37_axi3_conv/design_1_axi_mem_intercon_imp_auto_pc_0_axi_protocol_converter_v2_1_37_a_axi3_conv/design_1_axi_mem_intercon_imp_auto_pc_0_axi_data_fifo_v2_1_36_axic_fifo/design_1_axi_mem_intercon_imp_auto_pc_0_axi_data_fifo_v2_1_36_fifo_gen_1/<hidden>/<hidden>/<hidden>/<hidden>/<hidden>/<hidden>
                         clock pessimism              0.115    12.773    
                         clock uncertainty           -0.154    12.619    
    SLICE_X44Y51         FDCE (Recov_fdce_C_CLR)     -0.405    12.214    design_1_wrapper/design_1/design_1_axi_mem_intercon_0/s00_couplers_imp_7HNO1D/design_1_axi_mem_intercon_imp_auto_pc_0/design_1_axi_mem_intercon_imp_auto_pc_0_axi_protocol_converter_v2_1_37_axi_protocol_converter/design_1_axi_mem_intercon_imp_auto_pc_0_axi_protocol_converter_v2_1_37_axi3_conv/design_1_axi_mem_intercon_imp_auto_pc_0_axi_protocol_converter_v2_1_37_a_axi3_conv/design_1_axi_mem_intercon_imp_auto_pc_0_axi_data_fifo_v2_1_36_axic_fifo/design_1_axi_mem_intercon_imp_auto_pc_0_axi_data_fifo_v2_1_36_fifo_gen_1/<hidden>/<hidden>/<hidden>/<hidden>/<hidden>/<hidden>
  -------------------------------------------------------------------
                         required time                         12.214    
                         arrival time                          -5.757    
  -------------------------------------------------------------------
                         slack                                  6.457    

Slack (MET) :             6.457ns  (required time - arrival time)
  Source:                 design_1_wrapper/design_1/design_1_axi_mem_intercon_0/s00_couplers_imp_7HNO1D/design_1_axi_mem_intercon_imp_auto_pc_0/design_1_axi_mem_intercon_imp_auto_pc_0_axi_protocol_converter_v2_1_37_axi_protocol_converter/design_1_axi_mem_intercon_imp_auto_pc_0_axi_protocol_converter_v2_1_37_axi3_conv/design_1_axi_mem_intercon_imp_auto_pc_0_axi_protocol_converter_v2_1_37_a_axi3_conv/design_1_axi_mem_intercon_imp_auto_pc_0_axi_data_fifo_v2_1_36_axic_fifo/design_1_axi_mem_intercon_imp_auto_pc_0_axi_data_fifo_v2_1_36_fifo_gen_1/<hidden>/<hidden>/<hidden>/<hidden>/<hidden>
                            (rising edge-triggered cell FDRE clocked by clk_fpga_0  {rise@0.000ns fall@5.000ns period=10.000ns})
  Destination:            design_1_wrapper/design_1/design_1_axi_mem_intercon_0/s00_couplers_imp_7HNO1D/design_1_axi_mem_intercon_imp_auto_pc_0/design_1_axi_mem_intercon_imp_auto_pc_0_axi_protocol_converter_v2_1_37_axi_protocol_converter/design_1_axi_mem_intercon_imp_auto_pc_0_axi_protocol_converter_v2_1_37_axi3_conv/design_1_axi_mem_intercon_imp_auto_pc_0_axi_protocol_converter_v2_1_37_a_axi3_conv/design_1_axi_mem_intercon_imp_auto_pc_0_axi_data_fifo_v2_1_36_axic_fifo/design_1_axi_mem_intercon_imp_auto_pc_0_axi_data_fifo_v2_1_36_fifo_gen_1/<hidden>/<hidden>/<hidden>/<hidden>/<hidden>/<hidden>
                            (recovery check against rising-edge clock clk_fpga_0  {rise@0.000ns fall@5.000ns period=10.000ns})
  Path Group:             **async_default**
  Path Type:              Recovery (Max at Slow Process Corner)
  Requirement:            10.000ns  (clk_fpga_0 rise@10.000ns - clk_fpga_0 rise@0.000ns)
  Data Path Delay:        2.794ns  (logic 0.580ns (20.760%)  route 2.214ns (79.240%))
  Logic Levels:           1  (LUT3=1)
  Clock Path Skew:        -0.190ns (DCD - SCD + CPR)
    Destination Clock Delay (DCD):    2.658ns = ( 12.658 - 10.000 ) 
    Source Clock Delay      (SCD):    2.963ns
    Clock Pessimism Removal (CPR):    0.115ns
  Clock Uncertainty:      0.154ns  ((TSJ^2 + TIJ^2)^1/2 + DJ) / 2 + PE
    Total System Jitter     (TSJ):    0.071ns
    Total Input Jitter      (TIJ):    0.300ns
    Discrete Jitter          (DJ):    0.000ns
    Phase Error              (PE):    0.000ns

    Location             Delay type                Incr(ns)  Path(ns)    Netlist Resource(s)
  -------------------------------------------------------------------    -------------------
                         (clock clk_fpga_0 rise edge)
                                                      0.000     0.000 r  
    PS7_X0Y0             PS7                          0.000     0.000 r  design_1_i/processing_system7_0/inst/PS7_i/FCLKCLK[0]
                         net (fo=1, routed)           1.193     1.193    design_1_i/processing_system7_0/inst/FCLK_CLK_unbuffered[0]
    BUFGCTRL_X0Y16       BUFG (Prop_bufg_I_O)         0.101     1.294 r  design_1_i/processing_system7_0/inst/buffer_fclk_clk_0.FCLK_CLK_0_BUFG/O
                         net (fo=4149, routed)        1.669     2.963    design_1_wrapper/design_1/design_1_axi_mem_intercon_0/s00_couplers_imp_7HNO1D/design_1_axi_mem_intercon_imp_auto_pc_0/design_1_axi_mem_intercon_imp_auto_pc_0_axi_protocol_converter_v2_1_37_axi_protocol_converter/design_1_axi_mem_intercon_imp_auto_pc_0_axi_protocol_converter_v2_1_37_axi3_conv/design_1_axi_mem_intercon_imp_auto_pc_0_axi_protocol_converter_v2_1_37_a_axi3_conv/design_1_axi_mem_intercon_imp_auto_pc_0_axi_data_fifo_v2_1_36_axic_fifo/design_1_axi_mem_intercon_imp_auto_pc_0_axi_data_fifo_v2_1_36_fifo_gen_1/<hidden>/<hidden>/<hidden>/<hidden>/<hidden>
    SLICE_X45Y48         FDRE                                         r  design_1_wrapper/design_1/design_1_axi_mem_intercon_0/s00_couplers_imp_7HNO1D/design_1_axi_mem_intercon_imp_auto_pc_0/design_1_axi_mem_intercon_imp_auto_pc_0_axi_protocol_converter_v2_1_37_axi_protocol_converter/design_1_axi_mem_intercon_imp_auto_pc_0_axi_protocol_converter_v2_1_37_axi3_conv/design_1_axi_mem_intercon_imp_auto_pc_0_axi_protocol_converter_v2_1_37_a_axi3_conv/design_1_axi_mem_intercon_imp_auto_pc_0_axi_data_fifo_v2_1_36_axic_fifo/design_1_axi_mem_intercon_imp_auto_pc_0_axi_data_fifo_v2_1_36_fifo_gen_1/<hidden>/<hidden>/<hidden>/<hidden>/<hidden>
  -------------------------------------------------------------------    -------------------
    SLICE_X45Y48         FDRE (Prop_fdre_C_Q)         0.456     3.419 f  design_1_wrapper/design_1/design_1_axi_mem_intercon_0/s00_couplers_imp_7HNO1D/design_1_axi_mem_intercon_imp_auto_pc_0/design_1_axi_mem_intercon_imp_auto_pc_0_axi_protocol_converter_v2_1_37_axi_protocol_converter/design_1_axi_mem_intercon_imp_auto_pc_0_axi_protocol_converter_v2_1_37_axi3_conv/design_1_axi_mem_intercon_imp_auto_pc_0_axi_protocol_converter_v2_1_37_a_axi3_conv/design_1_axi_mem_intercon_imp_auto_pc_0_axi_data_fifo_v2_1_36_axic_fifo/design_1_axi_mem_intercon_imp_auto_pc_0_axi_data_fifo_v2_1_36_fifo_gen_1/<hidden>/<hidden>/<hidden>/<hidden>/<hidden>
                         net (fo=2, routed)           0.871     4.290    design_1_wrapper/design_1/design_1_axi_mem_intercon_0/s00_couplers_imp_7HNO1D/design_1_axi_mem_intercon_imp_auto_pc_0/design_1_axi_mem_intercon_imp_auto_pc_0_axi_protocol_converter_v2_1_37_axi_protocol_converter/design_1_axi_mem_intercon_imp_auto_pc_0_axi_protocol_converter_v2_1_37_axi3_conv/design_1_axi_mem_intercon_imp_auto_pc_0_axi_protocol_converter_v2_1_37_a_axi3_conv/design_1_axi_mem_intercon_imp_auto_pc_0_axi_data_fifo_v2_1_36_axic_fifo/design_1_axi_mem_intercon_imp_auto_pc_0_axi_data_fifo_v2_1_36_fifo_gen_1/<hidden>/<hidden>/<hidden>/<hidden>/<hidden>
    SLICE_X45Y48         LUT3 (Prop_lut3_I0_O)        0.124     4.414 f  design_1_wrapper/design_1/design_1_axi_mem_intercon_0/s00_couplers_imp_7HNO1D/design_1_axi_mem_intercon_imp_auto_pc_0/design_1_axi_mem_intercon_imp_auto_pc_0_axi_protocol_converter_v2_1_37_axi_protocol_converter/design_1_axi_mem_intercon_imp_auto_pc_0_axi_protocol_converter_v2_1_37_axi3_conv/design_1_axi_mem_intercon_imp_auto_pc_0_axi_protocol_converter_v2_1_37_a_axi3_conv/design_1_axi_mem_intercon_imp_auto_pc_0_axi_data_fifo_v2_1_36_axic_fifo/design_1_axi_mem_intercon_imp_auto_pc_0_axi_data_fifo_v2_1_36_fifo_gen_1/<hidden>/<hidden>/<hidden>/<hidden>/<hidden>
                         net (fo=32, routed)          1.342     5.757    design_1_wrapper/design_1/design_1_axi_mem_intercon_0/s00_couplers_imp_7HNO1D/design_1_axi_mem_intercon_imp_auto_pc_0/design_1_axi_mem_intercon_imp_auto_pc_0_axi_protocol_converter_v2_1_37_axi_protocol_converter/design_1_axi_mem_intercon_imp_auto_pc_0_axi_protocol_converter_v2_1_37_axi3_conv/design_1_axi_mem_intercon_imp_auto_pc_0_axi_protocol_converter_v2_1_37_a_axi3_conv/design_1_axi_mem_intercon_imp_auto_pc_0_axi_data_fifo_v2_1_36_axic_fifo/design_1_axi_mem_intercon_imp_auto_pc_0_axi_data_fifo_v2_1_36_fifo_gen_1/<hidden>/<hidden>/<hidden>/<hidden>/<hidden>/<hidden>
    SLICE_X44Y51         FDCE                                         f  design_1_wrapper/design_1/design_1_axi_mem_intercon_0/s00_couplers_imp_7HNO1D/design_1_axi_mem_intercon_imp_auto_pc_0/design_1_axi_mem_intercon_imp_auto_pc_0_axi_protocol_converter_v2_1_37_axi_protocol_converter/design_1_axi_mem_intercon_imp_auto_pc_0_axi_protocol_converter_v2_1_37_axi3_conv/design_1_axi_mem_intercon_imp_auto_pc_0_axi_protocol_converter_v2_1_37_a_axi3_conv/design_1_axi_mem_intercon_imp_auto_pc_0_axi_data_fifo_v2_1_36_axic_fifo/design_1_axi_mem_intercon_imp_auto_pc_0_axi_data_fifo_v2_1_36_fifo_gen_1/<hidden>/<hidden>/<hidden>/<hidden>/<hidden>/<hidden>
  -------------------------------------------------------------------    -------------------

                         (clock clk_fpga_0 rise edge)
                                                     10.000    10.000 r  
    PS7_X0Y0             PS7                          0.000    10.000 r  design_1_i/processing_system7_0/inst/PS7_i/FCLKCLK[0]
                         net (fo=1, routed)           1.088    11.088    design_1_i/processing_system7_0/inst/FCLK_CLK_unbuffered[0]
    BUFGCTRL_X0Y16       BUFG (Prop_bufg_I_O)         0.091    11.179 r  design_1_i/processing_system7_0/inst/buffer_fclk_clk_0.FCLK_CLK_0_BUFG/O
                         net (fo=4149, routed)        1.479    12.658    design_1_wrapper/design_1/design_1_axi_mem_intercon_0/s00_couplers_imp_7HNO1D/design_1_axi_mem_intercon_imp_auto_pc_0/design_1_axi_mem_intercon_imp_auto_pc_0_axi_protocol_converter_v2_1_37_axi_protocol_converter/design_1_axi_mem_intercon_imp_auto_pc_0_axi_protocol_converter_v2_1_37_axi3_conv/design_1_axi_mem_intercon_imp_auto_pc_0_axi_protocol_converter_v2_1_37_a_axi3_conv/design_1_axi_mem_intercon_imp_auto_pc_0_axi_data_fifo_v2_1_36_axic_fifo/design_1_axi_mem_intercon_imp_auto_pc_0_axi_data_fifo_v2_1_36_fifo_gen_1/<hidden>/<hidden>/<hidden>/<hidden>/<hidden>/<hidden>
    SLICE_X44Y51         FDCE                                         r  design_1_wrapper/design_1/design_1_axi_mem_intercon_0/s00_couplers_imp_7HNO1D/design_1_axi_mem_intercon_imp_auto_pc_0/design_1_axi_mem_intercon_imp_auto_pc_0_axi_protocol_converter_v2_1_37_axi_protocol_converter/design_1_axi_mem_intercon_imp_auto_pc_0_axi_protocol_converter_v2_1_37_axi3_conv/design_1_axi_mem_intercon_imp_auto_pc_0_axi_protocol_converter_v2_1_37_a_axi3_conv/design_1_axi_mem_intercon_imp_auto_pc_0_axi_data_fifo_v2_1_36_axic_fifo/design_1_axi_mem_intercon_imp_auto_pc_0_axi_data_fifo_v2_1_36_fifo_gen_1/<hidden>/<hidden>/<hidden>/<hidden>/<hidden>/<hidden>
                         clock pessimism              0.115    12.773    
                         clock uncertainty           -0.154    12.619    
    SLICE_X44Y51         FDCE (Recov_fdce_C_CLR)     -0.405    12.214    design_1_wrapper/design_1/design_1_axi_mem_intercon_0/s00_couplers_imp_7HNO1D/design_1_axi_mem_intercon_imp_auto_pc_0/design_1_axi_mem_intercon_imp_auto_pc_0_axi_protocol_converter_v2_1_37_axi_protocol_converter/design_1_axi_mem_intercon_imp_auto_pc_0_axi_protocol_converter_v2_1_37_axi3_conv/design_1_axi_mem_intercon_imp_auto_pc_0_axi_protocol_converter_v2_1_37_a_axi3_conv/design_1_axi_mem_intercon_imp_auto_pc_0_axi_data_fifo_v2_1_36_axic_fifo/design_1_axi_mem_intercon_imp_auto_pc_0_axi_data_fifo_v2_1_36_fifo_gen_1/<hidden>/<hidden>/<hidden>/<hidden>/<hidden>/<hidden>
  -------------------------------------------------------------------
                         required time                         12.214    
                         arrival time                          -5.757    
  -------------------------------------------------------------------
                         slack                                  6.457    

Slack (MET) :             6.461ns  (required time - arrival time)
  Source:                 design_1_wrapper/design_1/design_1_axi_mem_intercon_0/s00_couplers_imp_7HNO1D/design_1_axi_mem_intercon_imp_auto_pc_0/design_1_axi_mem_intercon_imp_auto_pc_0_axi_protocol_converter_v2_1_37_axi_protocol_converter/design_1_axi_mem_intercon_imp_auto_pc_0_axi_protocol_converter_v2_1_37_axi3_conv/design_1_axi_mem_intercon_imp_auto_pc_0_axi_protocol_converter_v2_1_37_a_axi3_conv/design_1_axi_mem_intercon_imp_auto_pc_0_axi_data_fifo_v2_1_36_axic_fifo/design_1_axi_mem_intercon_imp_auto_pc_0_axi_data_fifo_v2_1_36_fifo_gen_1/<hidden>/<hidden>/<hidden>/<hidden>/<hidden>
                            (rising edge-triggered cell FDRE clocked by clk_fpga_0  {rise@0.000ns fall@5.000ns period=10.000ns})
  Destination:            design_1_wrapper/design_1/design_1_axi_mem_intercon_0/s00_couplers_imp_7HNO1D/design_1_axi_mem_intercon_imp_auto_pc_0/design_1_axi_mem_intercon_imp_auto_pc_0_axi_protocol_converter_v2_1_37_axi_protocol_converter/design_1_axi_mem_intercon_imp_auto_pc_0_axi_protocol_converter_v2_1_37_axi3_conv/design_1_axi_mem_intercon_imp_auto_pc_0_axi_protocol_converter_v2_1_37_a_axi3_conv/design_1_axi_mem_intercon_imp_auto_pc_0_axi_data_fifo_v2_1_36_axic_fifo/design_1_axi_mem_intercon_imp_auto_pc_0_axi_data_fifo_v2_1_36_fifo_gen_1/<hidden>/<hidden>/<hidden>/<hidden>/<hidden>/<hidden>
                            (recovery check against rising-edge clock clk_fpga_0  {rise@0.000ns fall@5.000ns period=10.000ns})
  Path Group:             **async_default**
  Path Type:              Recovery (Max at Slow Process Corner)
  Requirement:            10.000ns  (clk_fpga_0 rise@10.000ns - clk_fpga_0 rise@0.000ns)
  Data Path Delay:        2.789ns  (logic 0.580ns (20.792%)  route 2.209ns (79.208%))
  Logic Levels:           1  (LUT3=1)
  Clock Path Skew:        -0.190ns (DCD - SCD + CPR)
    Destination Clock Delay (DCD):    2.658ns = ( 12.658 - 10.000 ) 
    Source Clock Delay      (SCD):    2.963ns
    Clock Pessimism Removal (CPR):    0.115ns
  Clock Uncertainty:      0.154ns  ((TSJ^2 + TIJ^2)^1/2 + DJ) / 2 + PE
    Total System Jitter     (TSJ):    0.071ns
    Total Input Jitter      (TIJ):    0.300ns
    Discrete Jitter          (DJ):    0.000ns
    Phase Error              (PE):    0.000ns

    Location             Delay type                Incr(ns)  Path(ns)    Netlist Resource(s)
  -------------------------------------------------------------------    -------------------
                         (clock clk_fpga_0 rise edge)
                                                      0.000     0.000 r  
    PS7_X0Y0             PS7                          0.000     0.000 r  design_1_i/processing_system7_0/inst/PS7_i/FCLKCLK[0]
                         net (fo=1, routed)           1.193     1.193    design_1_i/processing_system7_0/inst/FCLK_CLK_unbuffered[0]
    BUFGCTRL_X0Y16       BUFG (Prop_bufg_I_O)         0.101     1.294 r  design_1_i/processing_system7_0/inst/buffer_fclk_clk_0.FCLK_CLK_0_BUFG/O
                         net (fo=4149, routed)        1.669     2.963    design_1_wrapper/design_1/design_1_axi_mem_intercon_0/s00_couplers_imp_7HNO1D/design_1_axi_mem_intercon_imp_auto_pc_0/design_1_axi_mem_intercon_imp_auto_pc_0_axi_protocol_converter_v2_1_37_axi_protocol_converter/design_1_axi_mem_intercon_imp_auto_pc_0_axi_protocol_converter_v2_1_37_axi3_conv/design_1_axi_mem_intercon_imp_auto_pc_0_axi_protocol_converter_v2_1_37_a_axi3_conv/design_1_axi_mem_intercon_imp_auto_pc_0_axi_data_fifo_v2_1_36_axic_fifo/design_1_axi_mem_intercon_imp_auto_pc_0_axi_data_fifo_v2_1_36_fifo_gen_1/<hidden>/<hidden>/<hidden>/<hidden>/<hidden>
    SLICE_X45Y48         FDRE                                         r  design_1_wrapper/design_1/design_1_axi_mem_intercon_0/s00_couplers_imp_7HNO1D/design_1_axi_mem_intercon_imp_auto_pc_0/design_1_axi_mem_intercon_imp_auto_pc_0_axi_protocol_converter_v2_1_37_axi_protocol_converter/design_1_axi_mem_intercon_imp_auto_pc_0_axi_protocol_converter_v2_1_37_axi3_conv/design_1_axi_mem_intercon_imp_auto_pc_0_axi_protocol_converter_v2_1_37_a_axi3_conv/design_1_axi_mem_intercon_imp_auto_pc_0_axi_data_fifo_v2_1_36_axic_fifo/design_1_axi_mem_intercon_imp_auto_pc_0_axi_data_fifo_v2_1_36_fifo_gen_1/<hidden>/<hidden>/<hidden>/<hidden>/<hidden>
  -------------------------------------------------------------------    -------------------
    SLICE_X45Y48         FDRE (Prop_fdre_C_Q)         0.456     3.419 f  design_1_wrapper/design_1/design_1_axi_mem_intercon_0/s00_couplers_imp_7HNO1D/design_1_axi_mem_intercon_imp_auto_pc_0/design_1_axi_mem_intercon_imp_auto_pc_0_axi_protocol_converter_v2_1_37_axi_protocol_converter/design_1_axi_mem_intercon_imp_auto_pc_0_axi_protocol_converter_v2_1_37_axi3_conv/design_1_axi_mem_intercon_imp_auto_pc_0_axi_protocol_converter_v2_1_37_a_axi3_conv/design_1_axi_mem_intercon_imp_auto_pc_0_axi_data_fifo_v2_1_36_axic_fifo/design_1_axi_mem_intercon_imp_auto_pc_0_axi_data_fifo_v2_1_36_fifo_gen_1/<hidden>/<hidden>/<hidden>/<hidden>/<hidden>
                         net (fo=2, routed)           0.871     4.290    design_1_wrapper/design_1/design_1_axi_mem_intercon_0/s00_couplers_imp_7HNO1D/design_1_axi_mem_intercon_imp_auto_pc_0/design_1_axi_mem_intercon_imp_auto_pc_0_axi_protocol_converter_v2_1_37_axi_protocol_converter/design_1_axi_mem_intercon_imp_auto_pc_0_axi_protocol_converter_v2_1_37_axi3_conv/design_1_axi_mem_intercon_imp_auto_pc_0_axi_protocol_converter_v2_1_37_a_axi3_conv/design_1_axi_mem_intercon_imp_auto_pc_0_axi_data_fifo_v2_1_36_axic_fifo/design_1_axi_mem_intercon_imp_auto_pc_0_axi_data_fifo_v2_1_36_fifo_gen_1/<hidden>/<hidden>/<hidden>/<hidden>/<hidden>
    SLICE_X45Y48         LUT3 (Prop_lut3_I0_O)        0.124     4.414 f  design_1_wrapper/design_1/design_1_axi_mem_intercon_0/s00_couplers_imp_7HNO1D/design_1_axi_mem_intercon_imp_auto_pc_0/design_1_axi_mem_intercon_imp_auto_pc_0_axi_protocol_converter_v2_1_37_axi_protocol_converter/design_1_axi_mem_intercon_imp_auto_pc_0_axi_protocol_converter_v2_1_37_axi3_conv/design_1_axi_mem_intercon_imp_auto_pc_0_axi_protocol_converter_v2_1_37_a_axi3_conv/design_1_axi_mem_intercon_imp_auto_pc_0_axi_data_fifo_v2_1_36_axic_fifo/design_1_axi_mem_intercon_imp_auto_pc_0_axi_data_fifo_v2_1_36_fifo_gen_1/<hidden>/<hidden>/<hidden>/<hidden>/<hidden>
                         net (fo=32, routed)          1.338     5.752    design_1_wrapper/design_1/design_1_axi_mem_intercon_0/s00_couplers_imp_7HNO1D/design_1_axi_mem_intercon_imp_auto_pc_0/design_1_axi_mem_intercon_imp_auto_pc_0_axi_protocol_converter_v2_1_37_axi_protocol_converter/design_1_axi_mem_intercon_imp_auto_pc_0_axi_protocol_converter_v2_1_37_axi3_conv/design_1_axi_mem_intercon_imp_auto_pc_0_axi_protocol_converter_v2_1_37_a_axi3_conv/design_1_axi_mem_intercon_imp_auto_pc_0_axi_data_fifo_v2_1_36_axic_fifo/design_1_axi_mem_intercon_imp_auto_pc_0_axi_data_fifo_v2_1_36_fifo_gen_1/<hidden>/<hidden>/<hidden>/<hidden>/<hidden>/<hidden>
    SLICE_X45Y51         FDCE                                         f  design_1_wrapper/design_1/design_1_axi_mem_intercon_0/s00_couplers_imp_7HNO1D/design_1_axi_mem_intercon_imp_auto_pc_0/design_1_axi_mem_intercon_imp_auto_pc_0_axi_protocol_converter_v2_1_37_axi_protocol_converter/design_1_axi_mem_intercon_imp_auto_pc_0_axi_protocol_converter_v2_1_37_axi3_conv/design_1_axi_mem_intercon_imp_auto_pc_0_axi_protocol_converter_v2_1_37_a_axi3_conv/design_1_axi_mem_intercon_imp_auto_pc_0_axi_data_fifo_v2_1_36_axic_fifo/design_1_axi_mem_intercon_imp_auto_pc_0_axi_data_fifo_v2_1_36_fifo_gen_1/<hidden>/<hidden>/<hidden>/<hidden>/<hidden>/<hidden>
  -------------------------------------------------------------------    -------------------

                         (clock clk_fpga_0 rise edge)
                                                     10.000    10.000 r  
    PS7_X0Y0             PS7                          0.000    10.000 r  design_1_i/processing_system7_0/inst/PS7_i/FCLKCLK[0]
                         net (fo=1, routed)           1.088    11.088    design_1_i/processing_system7_0/inst/FCLK_CLK_unbuffered[0]
    BUFGCTRL_X0Y16       BUFG (Prop_bufg_I_O)         0.091    11.179 r  design_1_i/processing_system7_0/inst/buffer_fclk_clk_0.FCLK_CLK_0_BUFG/O
                         net (fo=4149, routed)        1.479    12.658    design_1_wrapper/design_1/design_1_axi_mem_intercon_0/s00_couplers_imp_7HNO1D/design_1_axi_mem_intercon_imp_auto_pc_0/design_1_axi_mem_intercon_imp_auto_pc_0_axi_protocol_converter_v2_1_37_axi_protocol_converter/design_1_axi_mem_intercon_imp_auto_pc_0_axi_protocol_converter_v2_1_37_axi3_conv/design_1_axi_mem_intercon_imp_auto_pc_0_axi_protocol_converter_v2_1_37_a_axi3_conv/design_1_axi_mem_intercon_imp_auto_pc_0_axi_data_fifo_v2_1_36_axic_fifo/design_1_axi_mem_intercon_imp_auto_pc_0_axi_data_fifo_v2_1_36_fifo_gen_1/<hidden>/<hidden>/<hidden>/<hidden>/<hidden>/<hidden>
    SLICE_X45Y51         FDCE                                         r  design_1_wrapper/design_1/design_1_axi_mem_intercon_0/s00_couplers_imp_7HNO1D/design_1_axi_mem_intercon_imp_auto_pc_0/design_1_axi_mem_intercon_imp_auto_pc_0_axi_protocol_converter_v2_1_37_axi_protocol_converter/design_1_axi_mem_intercon_imp_auto_pc_0_axi_protocol_converter_v2_1_37_axi3_conv/design_1_axi_mem_intercon_imp_auto_pc_0_axi_protocol_converter_v2_1_37_a_axi3_conv/design_1_axi_mem_intercon_imp_auto_pc_0_axi_data_fifo_v2_1_36_axic_fifo/design_1_axi_mem_intercon_imp_auto_pc_0_axi_data_fifo_v2_1_36_fifo_gen_1/<hidden>/<hidden>/<hidden>/<hidden>/<hidden>/<hidden>
                         clock pessimism              0.115    12.773    
                         clock uncertainty           -0.154    12.619    
    SLICE_X45Y51         FDCE (Recov_fdce_C_CLR)     -0.405    12.214    design_1_wrapper/design_1/design_1_axi_mem_intercon_0/s00_couplers_imp_7HNO1D/design_1_axi_mem_intercon_imp_auto_pc_0/design_1_axi_mem_intercon_imp_auto_pc_0_axi_protocol_converter_v2_1_37_axi_protocol_converter/design_1_axi_mem_intercon_imp_auto_pc_0_axi_protocol_converter_v2_1_37_axi3_conv/design_1_axi_mem_intercon_imp_auto_pc_0_axi_protocol_converter_v2_1_37_a_axi3_conv/design_1_axi_mem_intercon_imp_auto_pc_0_axi_data_fifo_v2_1_36_axic_fifo/design_1_axi_mem_intercon_imp_auto_pc_0_axi_data_fifo_v2_1_36_fifo_gen_1/<hidden>/<hidden>/<hidden>/<hidden>/<hidden>/<hidden>
  -------------------------------------------------------------------
                         required time                         12.214    
                         arrival time                          -5.752    
  -------------------------------------------------------------------
                         slack                                  6.461    

Slack (MET) :             6.461ns  (required time - arrival time)
  Source:                 design_1_wrapper/design_1/design_1_axi_mem_intercon_0/s00_couplers_imp_7HNO1D/design_1_axi_mem_intercon_imp_auto_pc_0/design_1_axi_mem_intercon_imp_auto_pc_0_axi_protocol_converter_v2_1_37_axi_protocol_converter/design_1_axi_mem_intercon_imp_auto_pc_0_axi_protocol_converter_v2_1_37_axi3_conv/design_1_axi_mem_intercon_imp_auto_pc_0_axi_protocol_converter_v2_1_37_a_axi3_conv/design_1_axi_mem_intercon_imp_auto_pc_0_axi_data_fifo_v2_1_36_axic_fifo/design_1_axi_mem_intercon_imp_auto_pc_0_axi_data_fifo_v2_1_36_fifo_gen_1/<hidden>/<hidden>/<hidden>/<hidden>/<hidden>
                            (rising edge-triggered cell FDRE clocked by clk_fpga_0  {rise@0.000ns fall@5.000ns period=10.000ns})
  Destination:            design_1_wrapper/design_1/design_1_axi_mem_intercon_0/s00_couplers_imp_7HNO1D/design_1_axi_mem_intercon_imp_auto_pc_0/design_1_axi_mem_intercon_imp_auto_pc_0_axi_protocol_converter_v2_1_37_axi_protocol_converter/design_1_axi_mem_intercon_imp_auto_pc_0_axi_protocol_converter_v2_1_37_axi3_conv/design_1_axi_mem_intercon_imp_auto_pc_0_axi_protocol_converter_v2_1_37_a_axi3_conv/design_1_axi_mem_intercon_imp_auto_pc_0_axi_data_fifo_v2_1_36_axic_fifo/design_1_axi_mem_intercon_imp_auto_pc_0_axi_data_fifo_v2_1_36_fifo_gen_1/<hidden>/<hidden>/<hidden>/<hidden>/<hidden>/<hidden>
                            (recovery check against rising-edge clock clk_fpga_0  {rise@0.000ns fall@5.000ns period=10.000ns})
  Path Group:             **async_default**
  Path Type:              Recovery (Max at Slow Process Corner)
  Requirement:            10.000ns  (clk_fpga_0 rise@10.000ns - clk_fpga_0 rise@0.000ns)
  Data Path Delay:        2.789ns  (logic 0.580ns (20.792%)  route 2.209ns (79.208%))
  Logic Levels:           1  (LUT3=1)
  Clock Path Skew:        -0.190ns (DCD - SCD + CPR)
    Destination Clock Delay (DCD):    2.658ns = ( 12.658 - 10.000 ) 
    Source Clock Delay      (SCD):    2.963ns
    Clock Pessimism Removal (CPR):    0.115ns
  Clock Uncertainty:      0.154ns  ((TSJ^2 + TIJ^2)^1/2 + DJ) / 2 + PE
    Total System Jitter     (TSJ):    0.071ns
    Total Input Jitter      (TIJ):    0.300ns
    Discrete Jitter          (DJ):    0.000ns
    Phase Error              (PE):    0.000ns

    Location             Delay type                Incr(ns)  Path(ns)    Netlist Resource(s)
  -------------------------------------------------------------------    -------------------
                         (clock clk_fpga_0 rise edge)
                                                      0.000     0.000 r  
    PS7_X0Y0             PS7                          0.000     0.000 r  design_1_i/processing_system7_0/inst/PS7_i/FCLKCLK[0]
                         net (fo=1, routed)           1.193     1.193    design_1_i/processing_system7_0/inst/FCLK_CLK_unbuffered[0]
    BUFGCTRL_X0Y16       BUFG (Prop_bufg_I_O)         0.101     1.294 r  design_1_i/processing_system7_0/inst/buffer_fclk_clk_0.FCLK_CLK_0_BUFG/O
                         net (fo=4149, routed)        1.669     2.963    design_1_wrapper/design_1/design_1_axi_mem_intercon_0/s00_couplers_imp_7HNO1D/design_1_axi_mem_intercon_imp_auto_pc_0/design_1_axi_mem_intercon_imp_auto_pc_0_axi_protocol_converter_v2_1_37_axi_protocol_converter/design_1_axi_mem_intercon_imp_auto_pc_0_axi_protocol_converter_v2_1_37_axi3_conv/design_1_axi_mem_intercon_imp_auto_pc_0_axi_protocol_converter_v2_1_37_a_axi3_conv/design_1_axi_mem_intercon_imp_auto_pc_0_axi_data_fifo_v2_1_36_axic_fifo/design_1_axi_mem_intercon_imp_auto_pc_0_axi_data_fifo_v2_1_36_fifo_gen_1/<hidden>/<hidden>/<hidden>/<hidden>/<hidden>
    SLICE_X45Y48         FDRE                                         r  design_1_wrapper/design_1/design_1_axi_mem_intercon_0/s00_couplers_imp_7HNO1D/design_1_axi_mem_intercon_imp_auto_pc_0/design_1_axi_mem_intercon_imp_auto_pc_0_axi_protocol_converter_v2_1_37_axi_protocol_converter/design_1_axi_mem_intercon_imp_auto_pc_0_axi_protocol_converter_v2_1_37_axi3_conv/design_1_axi_mem_intercon_imp_auto_pc_0_axi_protocol_converter_v2_1_37_a_axi3_conv/design_1_axi_mem_intercon_imp_auto_pc_0_axi_data_fifo_v2_1_36_axic_fifo/design_1_axi_mem_intercon_imp_auto_pc_0_axi_data_fifo_v2_1_36_fifo_gen_1/<hidden>/<hidden>/<hidden>/<hidden>/<hidden>
  -------------------------------------------------------------------    -------------------
    SLICE_X45Y48         FDRE (Prop_fdre_C_Q)         0.456     3.419 f  design_1_wrapper/design_1/design_1_axi_mem_intercon_0/s00_couplers_imp_7HNO1D/design_1_axi_mem_intercon_imp_auto_pc_0/design_1_axi_mem_intercon_imp_auto_pc_0_axi_protocol_converter_v2_1_37_axi_protocol_converter/design_1_axi_mem_intercon_imp_auto_pc_0_axi_protocol_converter_v2_1_37_axi3_conv/design_1_axi_mem_intercon_imp_auto_pc_0_axi_protocol_converter_v2_1_37_a_axi3_conv/design_1_axi_mem_intercon_imp_auto_pc_0_axi_data_fifo_v2_1_36_axic_fifo/design_1_axi_mem_intercon_imp_auto_pc_0_axi_data_fifo_v2_1_36_fifo_gen_1/<hidden>/<hidden>/<hidden>/<hidden>/<hidden>
                         net (fo=2, routed)           0.871     4.290    design_1_wrapper/design_1/design_1_axi_mem_intercon_0/s00_couplers_imp_7HNO1D/design_1_axi_mem_intercon_imp_auto_pc_0/design_1_axi_mem_intercon_imp_auto_pc_0_axi_protocol_converter_v2_1_37_axi_protocol_converter/design_1_axi_mem_intercon_imp_auto_pc_0_axi_protocol_converter_v2_1_37_axi3_conv/design_1_axi_mem_intercon_imp_auto_pc_0_axi_protocol_converter_v2_1_37_a_axi3_conv/design_1_axi_mem_intercon_imp_auto_pc_0_axi_data_fifo_v2_1_36_axic_fifo/design_1_axi_mem_intercon_imp_auto_pc_0_axi_data_fifo_v2_1_36_fifo_gen_1/<hidden>/<hidden>/<hidden>/<hidden>/<hidden>
    SLICE_X45Y48         LUT3 (Prop_lut3_I0_O)        0.124     4.414 f  design_1_wrapper/design_1/design_1_axi_mem_intercon_0/s00_couplers_imp_7HNO1D/design_1_axi_mem_intercon_imp_auto_pc_0/design_1_axi_mem_intercon_imp_auto_pc_0_axi_protocol_converter_v2_1_37_axi_protocol_converter/design_1_axi_mem_intercon_imp_auto_pc_0_axi_protocol_converter_v2_1_37_axi3_conv/design_1_axi_mem_intercon_imp_auto_pc_0_axi_protocol_converter_v2_1_37_a_axi3_conv/design_1_axi_mem_intercon_imp_auto_pc_0_axi_data_fifo_v2_1_36_axic_fifo/design_1_axi_mem_intercon_imp_auto_pc_0_axi_data_fifo_v2_1_36_fifo_gen_1/<hidden>/<hidden>/<hidden>/<hidden>/<hidden>
                         net (fo=32, routed)          1.338     5.752    design_1_wrapper/design_1/design_1_axi_mem_intercon_0/s00_couplers_imp_7HNO1D/design_1_axi_mem_intercon_imp_auto_pc_0/design_1_axi_mem_intercon_imp_auto_pc_0_axi_protocol_converter_v2_1_37_axi_protocol_converter/design_1_axi_mem_intercon_imp_auto_pc_0_axi_protocol_converter_v2_1_37_axi3_conv/design_1_axi_mem_intercon_imp_auto_pc_0_axi_protocol_converter_v2_1_37_a_axi3_conv/design_1_axi_mem_intercon_imp_auto_pc_0_axi_data_fifo_v2_1_36_axic_fifo/design_1_axi_mem_intercon_imp_auto_pc_0_axi_data_fifo_v2_1_36_fifo_gen_1/<hidden>/<hidden>/<hidden>/<hidden>/<hidden>/<hidden>
    SLICE_X45Y51         FDCE                                         f  design_1_wrapper/design_1/design_1_axi_mem_intercon_0/s00_couplers_imp_7HNO1D/design_1_axi_mem_intercon_imp_auto_pc_0/design_1_axi_mem_intercon_imp_auto_pc_0_axi_protocol_converter_v2_1_37_axi_protocol_converter/design_1_axi_mem_intercon_imp_auto_pc_0_axi_protocol_converter_v2_1_37_axi3_conv/design_1_axi_mem_intercon_imp_auto_pc_0_axi_protocol_converter_v2_1_37_a_axi3_conv/design_1_axi_mem_intercon_imp_auto_pc_0_axi_data_fifo_v2_1_36_axic_fifo/design_1_axi_mem_intercon_imp_auto_pc_0_axi_data_fifo_v2_1_36_fifo_gen_1/<hidden>/<hidden>/<hidden>/<hidden>/<hidden>/<hidden>
  -------------------------------------------------------------------    -------------------

                         (clock clk_fpga_0 rise edge)
                                                     10.000    10.000 r  
    PS7_X0Y0             PS7                          0.000    10.000 r  design_1_i/processing_system7_0/inst/PS7_i/FCLKCLK[0]
                         net (fo=1, routed)           1.088    11.088    design_1_i/processing_system7_0/inst/FCLK_CLK_unbuffered[0]
    BUFGCTRL_X0Y16       BUFG (Prop_bufg_I_O)         0.091    11.179 r  design_1_i/processing_system7_0/inst/buffer_fclk_clk_0.FCLK_CLK_0_BUFG/O
                         net (fo=4149, routed)        1.479    12.658    design_1_wrapper/design_1/design_1_axi_mem_intercon_0/s00_couplers_imp_7HNO1D/design_1_axi_mem_intercon_imp_auto_pc_0/design_1_axi_mem_intercon_imp_auto_pc_0_axi_protocol_converter_v2_1_37_axi_protocol_converter/design_1_axi_mem_intercon_imp_auto_pc_0_axi_protocol_converter_v2_1_37_axi3_conv/design_1_axi_mem_intercon_imp_auto_pc_0_axi_protocol_converter_v2_1_37_a_axi3_conv/design_1_axi_mem_intercon_imp_auto_pc_0_axi_data_fifo_v2_1_36_axic_fifo/design_1_axi_mem_intercon_imp_auto_pc_0_axi_data_fifo_v2_1_36_fifo_gen_1/<hidden>/<hidden>/<hidden>/<hidden>/<hidden>/<hidden>
    SLICE_X45Y51         FDCE                                         r  design_1_wrapper/design_1/design_1_axi_mem_intercon_0/s00_couplers_imp_7HNO1D/design_1_axi_mem_intercon_imp_auto_pc_0/design_1_axi_mem_intercon_imp_auto_pc_0_axi_protocol_converter_v2_1_37_axi_protocol_converter/design_1_axi_mem_intercon_imp_auto_pc_0_axi_protocol_converter_v2_1_37_axi3_conv/design_1_axi_mem_intercon_imp_auto_pc_0_axi_protocol_converter_v2_1_37_a_axi3_conv/design_1_axi_mem_intercon_imp_auto_pc_0_axi_data_fifo_v2_1_36_axic_fifo/design_1_axi_mem_intercon_imp_auto_pc_0_axi_data_fifo_v2_1_36_fifo_gen_1/<hidden>/<hidden>/<hidden>/<hidden>/<hidden>/<hidden>
                         clock pessimism              0.115    12.773    
                         clock uncertainty           -0.154    12.619    
    SLICE_X45Y51         FDCE (Recov_fdce_C_CLR)     -0.405    12.214    design_1_wrapper/design_1/design_1_axi_mem_intercon_0/s00_couplers_imp_7HNO1D/design_1_axi_mem_intercon_imp_auto_pc_0/design_1_axi_mem_intercon_imp_auto_pc_0_axi_protocol_converter_v2_1_37_axi_protocol_converter/design_1_axi_mem_intercon_imp_auto_pc_0_axi_protocol_converter_v2_1_37_axi3_conv/design_1_axi_mem_intercon_imp_auto_pc_0_axi_protocol_converter_v2_1_37_a_axi3_conv/design_1_axi_mem_intercon_imp_auto_pc_0_axi_data_fifo_v2_1_36_axic_fifo/design_1_axi_mem_intercon_imp_auto_pc_0_axi_data_fifo_v2_1_36_fifo_gen_1/<hidden>/<hidden>/<hidden>/<hidden>/<hidden>/<hidden>
  -------------------------------------------------------------------
                         required time                         12.214    
                         arrival time                          -5.752    
  -------------------------------------------------------------------
                         slack                                  6.461    

Slack (MET) :             6.461ns  (required time - arrival time)
  Source:                 design_1_wrapper/design_1/design_1_axi_mem_intercon_0/s00_couplers_imp_7HNO1D/design_1_axi_mem_intercon_imp_auto_pc_0/design_1_axi_mem_intercon_imp_auto_pc_0_axi_protocol_converter_v2_1_37_axi_protocol_converter/design_1_axi_mem_intercon_imp_auto_pc_0_axi_protocol_converter_v2_1_37_axi3_conv/design_1_axi_mem_intercon_imp_auto_pc_0_axi_protocol_converter_v2_1_37_a_axi3_conv/design_1_axi_mem_intercon_imp_auto_pc_0_axi_data_fifo_v2_1_36_axic_fifo/design_1_axi_mem_intercon_imp_auto_pc_0_axi_data_fifo_v2_1_36_fifo_gen_1/<hidden>/<hidden>/<hidden>/<hidden>/<hidden>
                            (rising edge-triggered cell FDRE clocked by clk_fpga_0  {rise@0.000ns fall@5.000ns period=10.000ns})
  Destination:            design_1_wrapper/design_1/design_1_axi_mem_intercon_0/s00_couplers_imp_7HNO1D/design_1_axi_mem_intercon_imp_auto_pc_0/design_1_axi_mem_intercon_imp_auto_pc_0_axi_protocol_converter_v2_1_37_axi_protocol_converter/design_1_axi_mem_intercon_imp_auto_pc_0_axi_protocol_converter_v2_1_37_axi3_conv/design_1_axi_mem_intercon_imp_auto_pc_0_axi_protocol_converter_v2_1_37_a_axi3_conv/design_1_axi_mem_intercon_imp_auto_pc_0_axi_data_fifo_v2_1_36_axic_fifo/design_1_axi_mem_intercon_imp_auto_pc_0_axi_data_fifo_v2_1_36_fifo_gen_1/<hidden>/<hidden>/<hidden>/<hidden>/<hidden>/<hidden>
                            (recovery check against rising-edge clock clk_fpga_0  {rise@0.000ns fall@5.000ns period=10.000ns})
  Path Group:             **async_default**
  Path Type:              Recovery (Max at Slow Process Corner)
  Requirement:            10.000ns  (clk_fpga_0 rise@10.000ns - clk_fpga_0 rise@0.000ns)
  Data Path Delay:        2.789ns  (logic 0.580ns (20.792%)  route 2.209ns (79.208%))
  Logic Levels:           1  (LUT3=1)
  Clock Path Skew:        -0.190ns (DCD - SCD + CPR)
    Destination Clock Delay (DCD):    2.658ns = ( 12.658 - 10.000 ) 
    Source Clock Delay      (SCD):    2.963ns
    Clock Pessimism Removal (CPR):    0.115ns
  Clock Uncertainty:      0.154ns  ((TSJ^2 + TIJ^2)^1/2 + DJ) / 2 + PE
    Total System Jitter     (TSJ):    0.071ns
    Total Input Jitter      (TIJ):    0.300ns
    Discrete Jitter          (DJ):    0.000ns
    Phase Error              (PE):    0.000ns

    Location             Delay type                Incr(ns)  Path(ns)    Netlist Resource(s)
  -------------------------------------------------------------------    -------------------
                         (clock clk_fpga_0 rise edge)
                                                      0.000     0.000 r  
    PS7_X0Y0             PS7                          0.000     0.000 r  design_1_i/processing_system7_0/inst/PS7_i/FCLKCLK[0]
                         net (fo=1, routed)           1.193     1.193    design_1_i/processing_system7_0/inst/FCLK_CLK_unbuffered[0]
    BUFGCTRL_X0Y16       BUFG (Prop_bufg_I_O)         0.101     1.294 r  design_1_i/processing_system7_0/inst/buffer_fclk_clk_0.FCLK_CLK_0_BUFG/O
                         net (fo=4149, routed)        1.669     2.963    design_1_wrapper/design_1/design_1_axi_mem_intercon_0/s00_couplers_imp_7HNO1D/design_1_axi_mem_intercon_imp_auto_pc_0/design_1_axi_mem_intercon_imp_auto_pc_0_axi_protocol_converter_v2_1_37_axi_protocol_converter/design_1_axi_mem_intercon_imp_auto_pc_0_axi_protocol_converter_v2_1_37_axi3_conv/design_1_axi_mem_intercon_imp_auto_pc_0_axi_protocol_converter_v2_1_37_a_axi3_conv/design_1_axi_mem_intercon_imp_auto_pc_0_axi_data_fifo_v2_1_36_axic_fifo/design_1_axi_mem_intercon_imp_auto_pc_0_axi_data_fifo_v2_1_36_fifo_gen_1/<hidden>/<hidden>/<hidden>/<hidden>/<hidden>
    SLICE_X45Y48         FDRE                                         r  design_1_wrapper/design_1/design_1_axi_mem_intercon_0/s00_couplers_imp_7HNO1D/design_1_axi_mem_intercon_imp_auto_pc_0/design_1_axi_mem_intercon_imp_auto_pc_0_axi_protocol_converter_v2_1_37_axi_protocol_converter/design_1_axi_mem_intercon_imp_auto_pc_0_axi_protocol_converter_v2_1_37_axi3_conv/design_1_axi_mem_intercon_imp_auto_pc_0_axi_protocol_converter_v2_1_37_a_axi3_conv/design_1_axi_mem_intercon_imp_auto_pc_0_axi_data_fifo_v2_1_36_axic_fifo/design_1_axi_mem_intercon_imp_auto_pc_0_axi_data_fifo_v2_1_36_fifo_gen_1/<hidden>/<hidden>/<hidden>/<hidden>/<hidden>
  -------------------------------------------------------------------    -------------------
    SLICE_X45Y48         FDRE (Prop_fdre_C_Q)         0.456     3.419 f  design_1_wrapper/design_1/design_1_axi_mem_intercon_0/s00_couplers_imp_7HNO1D/design_1_axi_mem_intercon_imp_auto_pc_0/design_1_axi_mem_intercon_imp_auto_pc_0_axi_protocol_converter_v2_1_37_axi_protocol_converter/design_1_axi_mem_intercon_imp_auto_pc_0_axi_protocol_converter_v2_1_37_axi3_conv/design_1_axi_mem_intercon_imp_auto_pc_0_axi_protocol_converter_v2_1_37_a_axi3_conv/design_1_axi_mem_intercon_imp_auto_pc_0_axi_data_fifo_v2_1_36_axic_fifo/design_1_axi_mem_intercon_imp_auto_pc_0_axi_data_fifo_v2_1_36_fifo_gen_1/<hidden>/<hidden>/<hidden>/<hidden>/<hidden>
                         net (fo=2, routed)           0.871     4.290    design_1_wrapper/design_1/design_1_axi_mem_intercon_0/s00_couplers_imp_7HNO1D/design_1_axi_mem_intercon_imp_auto_pc_0/design_1_axi_mem_intercon_imp_auto_pc_0_axi_protocol_converter_v2_1_37_axi_protocol_converter/design_1_axi_mem_intercon_imp_auto_pc_0_axi_protocol_converter_v2_1_37_axi3_conv/design_1_axi_mem_intercon_imp_auto_pc_0_axi_protocol_converter_v2_1_37_a_axi3_conv/design_1_axi_mem_intercon_imp_auto_pc_0_axi_data_fifo_v2_1_36_axic_fifo/design_1_axi_mem_intercon_imp_auto_pc_0_axi_data_fifo_v2_1_36_fifo_gen_1/<hidden>/<hidden>/<hidden>/<hidden>/<hidden>
    SLICE_X45Y48         LUT3 (Prop_lut3_I0_O)        0.124     4.414 f  design_1_wrapper/design_1/design_1_axi_mem_intercon_0/s00_couplers_imp_7HNO1D/design_1_axi_mem_intercon_imp_auto_pc_0/design_1_axi_mem_intercon_imp_auto_pc_0_axi_protocol_converter_v2_1_37_axi_protocol_converter/design_1_axi_mem_intercon_imp_auto_pc_0_axi_protocol_converter_v2_1_37_axi3_conv/design_1_axi_mem_intercon_imp_auto_pc_0_axi_protocol_converter_v2_1_37_a_axi3_conv/design_1_axi_mem_intercon_imp_auto_pc_0_axi_data_fifo_v2_1_36_axic_fifo/design_1_axi_mem_intercon_imp_auto_pc_0_axi_data_fifo_v2_1_36_fifo_gen_1/<hidden>/<hidden>/<hidden>/<hidden>/<hidden>
                         net (fo=32, routed)          1.338     5.752    design_1_wrapper/design_1/design_1_axi_mem_intercon_0/s00_couplers_imp_7HNO1D/design_1_axi_mem_intercon_imp_auto_pc_0/design_1_axi_mem_intercon_imp_auto_pc_0_axi_protocol_converter_v2_1_37_axi_protocol_converter/design_1_axi_mem_intercon_imp_auto_pc_0_axi_protocol_converter_v2_1_37_axi3_conv/design_1_axi_mem_intercon_imp_auto_pc_0_axi_protocol_converter_v2_1_37_a_axi3_conv/design_1_axi_mem_intercon_imp_auto_pc_0_axi_data_fifo_v2_1_36_axic_fifo/design_1_axi_mem_intercon_imp_auto_pc_0_axi_data_fifo_v2_1_36_fifo_gen_1/<hidden>/<hidden>/<hidden>/<hidden>/<hidden>/<hidden>
    SLICE_X45Y51         FDCE                                         f  design_1_wrapper/design_1/design_1_axi_mem_intercon_0/s00_couplers_imp_7HNO1D/design_1_axi_mem_intercon_imp_auto_pc_0/design_1_axi_mem_intercon_imp_auto_pc_0_axi_protocol_converter_v2_1_37_axi_protocol_converter/design_1_axi_mem_intercon_imp_auto_pc_0_axi_protocol_converter_v2_1_37_axi3_conv/design_1_axi_mem_intercon_imp_auto_pc_0_axi_protocol_converter_v2_1_37_a_axi3_conv/design_1_axi_mem_intercon_imp_auto_pc_0_axi_data_fifo_v2_1_36_axic_fifo/design_1_axi_mem_intercon_imp_auto_pc_0_axi_data_fifo_v2_1_36_fifo_gen_1/<hidden>/<hidden>/<hidden>/<hidden>/<hidden>/<hidden>
  -------------------------------------------------------------------    -------------------

                         (clock clk_fpga_0 rise edge)
                                                     10.000    10.000 r  
    PS7_X0Y0             PS7                          0.000    10.000 r  design_1_i/processing_system7_0/inst/PS7_i/FCLKCLK[0]
                         net (fo=1, routed)           1.088    11.088    design_1_i/processing_system7_0/inst/FCLK_CLK_unbuffered[0]
    BUFGCTRL_X0Y16       BUFG (Prop_bufg_I_O)         0.091    11.179 r  design_1_i/processing_system7_0/inst/buffer_fclk_clk_0.FCLK_CLK_0_BUFG/O
                         net (fo=4149, routed)        1.479    12.658    design_1_wrapper/design_1/design_1_axi_mem_intercon_0/s00_couplers_imp_7HNO1D/design_1_axi_mem_intercon_imp_auto_pc_0/design_1_axi_mem_intercon_imp_auto_pc_0_axi_protocol_converter_v2_1_37_axi_protocol_converter/design_1_axi_mem_intercon_imp_auto_pc_0_axi_protocol_converter_v2_1_37_axi3_conv/design_1_axi_mem_intercon_imp_auto_pc_0_axi_protocol_converter_v2_1_37_a_axi3_conv/design_1_axi_mem_intercon_imp_auto_pc_0_axi_data_fifo_v2_1_36_axic_fifo/design_1_axi_mem_intercon_imp_auto_pc_0_axi_data_fifo_v2_1_36_fifo_gen_1/<hidden>/<hidden>/<hidden>/<hidden>/<hidden>/<hidden>
    SLICE_X45Y51         FDCE                                         r  design_1_wrapper/design_1/design_1_axi_mem_intercon_0/s00_couplers_imp_7HNO1D/design_1_axi_mem_intercon_imp_auto_pc_0/design_1_axi_mem_intercon_imp_auto_pc_0_axi_protocol_converter_v2_1_37_axi_protocol_converter/design_1_axi_mem_intercon_imp_auto_pc_0_axi_protocol_converter_v2_1_37_axi3_conv/design_1_axi_mem_intercon_imp_auto_pc_0_axi_protocol_converter_v2_1_37_a_axi3_conv/design_1_axi_mem_intercon_imp_auto_pc_0_axi_data_fifo_v2_1_36_axic_fifo/design_1_axi_mem_intercon_imp_auto_pc_0_axi_data_fifo_v2_1_36_fifo_gen_1/<hidden>/<hidden>/<hidden>/<hidden>/<hidden>/<hidden>
                         clock pessimism              0.115    12.773    
                         clock uncertainty           -0.154    12.619    
    SLICE_X45Y51         FDCE (Recov_fdce_C_CLR)     -0.405    12.214    design_1_wrapper/design_1/design_1_axi_mem_intercon_0/s00_couplers_imp_7HNO1D/design_1_axi_mem_intercon_imp_auto_pc_0/design_1_axi_mem_intercon_imp_auto_pc_0_axi_protocol_converter_v2_1_37_axi_protocol_converter/design_1_axi_mem_intercon_imp_auto_pc_0_axi_protocol_converter_v2_1_37_axi3_conv/design_1_axi_mem_intercon_imp_auto_pc_0_axi_protocol_converter_v2_1_37_a_axi3_conv/design_1_axi_mem_intercon_imp_auto_pc_0_axi_data_fifo_v2_1_36_axic_fifo/design_1_axi_mem_intercon_imp_auto_pc_0_axi_data_fifo_v2_1_36_fifo_gen_1/<hidden>/<hidden>/<hidden>/<hidden>/<hidden>/<hidden>
  -------------------------------------------------------------------
                         required time                         12.214    
                         arrival time                          -5.752    
  -------------------------------------------------------------------
                         slack                                  6.461    

Slack (MET) :             6.461ns  (required time - arrival time)
  Source:                 design_1_wrapper/design_1/design_1_axi_mem_intercon_0/s00_couplers_imp_7HNO1D/design_1_axi_mem_intercon_imp_auto_pc_0/design_1_axi_mem_intercon_imp_auto_pc_0_axi_protocol_converter_v2_1_37_axi_protocol_converter/design_1_axi_mem_intercon_imp_auto_pc_0_axi_protocol_converter_v2_1_37_axi3_conv/design_1_axi_mem_intercon_imp_auto_pc_0_axi_protocol_converter_v2_1_37_a_axi3_conv/design_1_axi_mem_intercon_imp_auto_pc_0_axi_data_fifo_v2_1_36_axic_fifo/design_1_axi_mem_intercon_imp_auto_pc_0_axi_data_fifo_v2_1_36_fifo_gen_1/<hidden>/<hidden>/<hidden>/<hidden>/<hidden>
                            (rising edge-triggered cell FDRE clocked by clk_fpga_0  {rise@0.000ns fall@5.000ns period=10.000ns})
  Destination:            design_1_wrapper/design_1/design_1_axi_mem_intercon_0/s00_couplers_imp_7HNO1D/design_1_axi_mem_intercon_imp_auto_pc_0/design_1_axi_mem_intercon_imp_auto_pc_0_axi_protocol_converter_v2_1_37_axi_protocol_converter/design_1_axi_mem_intercon_imp_auto_pc_0_axi_protocol_converter_v2_1_37_axi3_conv/design_1_axi_mem_intercon_imp_auto_pc_0_axi_protocol_converter_v2_1_37_a_axi3_conv/design_1_axi_mem_intercon_imp_auto_pc_0_axi_data_fifo_v2_1_36_axic_fifo/design_1_axi_mem_intercon_imp_auto_pc_0_axi_data_fifo_v2_1_36_fifo_gen_1/<hidden>/<hidden>/<hidden>/<hidden>/<hidden>/<hidden>
                            (recovery check against rising-edge clock clk_fpga_0  {rise@0.000ns fall@5.000ns period=10.000ns})
  Path Group:             **async_default**
  Path Type:              Recovery (Max at Slow Process Corner)
  Requirement:            10.000ns  (clk_fpga_0 rise@10.000ns - clk_fpga_0 rise@0.000ns)
  Data Path Delay:        2.789ns  (logic 0.580ns (20.792%)  route 2.209ns (79.208%))
  Logic Levels:           1  (LUT3=1)
  Clock Path Skew:        -0.190ns (DCD - SCD + CPR)
    Destination Clock Delay (DCD):    2.658ns = ( 12.658 - 10.000 ) 
    Source Clock Delay      (SCD):    2.963ns
    Clock Pessimism Removal (CPR):    0.115ns
  Clock Uncertainty:      0.154ns  ((TSJ^2 + TIJ^2)^1/2 + DJ) / 2 + PE
    Total System Jitter     (TSJ):    0.071ns
    Total Input Jitter      (TIJ):    0.300ns
    Discrete Jitter          (DJ):    0.000ns
    Phase Error              (PE):    0.000ns

    Location             Delay type                Incr(ns)  Path(ns)    Netlist Resource(s)
  -------------------------------------------------------------------    -------------------
                         (clock clk_fpga_0 rise edge)
                                                      0.000     0.000 r  
    PS7_X0Y0             PS7                          0.000     0.000 r  design_1_i/processing_system7_0/inst/PS7_i/FCLKCLK[0]
                         net (fo=1, routed)           1.193     1.193    design_1_i/processing_system7_0/inst/FCLK_CLK_unbuffered[0]
    BUFGCTRL_X0Y16       BUFG (Prop_bufg_I_O)         0.101     1.294 r  design_1_i/processing_system7_0/inst/buffer_fclk_clk_0.FCLK_CLK_0_BUFG/O
                         net (fo=4149, routed)        1.669     2.963    design_1_wrapper/design_1/design_1_axi_mem_intercon_0/s00_couplers_imp_7HNO1D/design_1_axi_mem_intercon_imp_auto_pc_0/design_1_axi_mem_intercon_imp_auto_pc_0_axi_protocol_converter_v2_1_37_axi_protocol_converter/design_1_axi_mem_intercon_imp_auto_pc_0_axi_protocol_converter_v2_1_37_axi3_conv/design_1_axi_mem_intercon_imp_auto_pc_0_axi_protocol_converter_v2_1_37_a_axi3_conv/design_1_axi_mem_intercon_imp_auto_pc_0_axi_data_fifo_v2_1_36_axic_fifo/design_1_axi_mem_intercon_imp_auto_pc_0_axi_data_fifo_v2_1_36_fifo_gen_1/<hidden>/<hidden>/<hidden>/<hidden>/<hidden>
    SLICE_X45Y48         FDRE                                         r  design_1_wrapper/design_1/design_1_axi_mem_intercon_0/s00_couplers_imp_7HNO1D/design_1_axi_mem_intercon_imp_auto_pc_0/design_1_axi_mem_intercon_imp_auto_pc_0_axi_protocol_converter_v2_1_37_axi_protocol_converter/design_1_axi_mem_intercon_imp_auto_pc_0_axi_protocol_converter_v2_1_37_axi3_conv/design_1_axi_mem_intercon_imp_auto_pc_0_axi_protocol_converter_v2_1_37_a_axi3_conv/design_1_axi_mem_intercon_imp_auto_pc_0_axi_data_fifo_v2_1_36_axic_fifo/design_1_axi_mem_intercon_imp_auto_pc_0_axi_data_fifo_v2_1_36_fifo_gen_1/<hidden>/<hidden>/<hidden>/<hidden>/<hidden>
  -------------------------------------------------------------------    -------------------
    SLICE_X45Y48         FDRE (Prop_fdre_C_Q)         0.456     3.419 f  design_1_wrapper/design_1/design_1_axi_mem_intercon_0/s00_couplers_imp_7HNO1D/design_1_axi_mem_intercon_imp_auto_pc_0/design_1_axi_mem_intercon_imp_auto_pc_0_axi_protocol_converter_v2_1_37_axi_protocol_converter/design_1_axi_mem_intercon_imp_auto_pc_0_axi_protocol_converter_v2_1_37_axi3_conv/design_1_axi_mem_intercon_imp_auto_pc_0_axi_protocol_converter_v2_1_37_a_axi3_conv/design_1_axi_mem_intercon_imp_auto_pc_0_axi_data_fifo_v2_1_36_axic_fifo/design_1_axi_mem_intercon_imp_auto_pc_0_axi_data_fifo_v2_1_36_fifo_gen_1/<hidden>/<hidden>/<hidden>/<hidden>/<hidden>
                         net (fo=2, routed)           0.871     4.290    design_1_wrapper/design_1/design_1_axi_mem_intercon_0/s00_couplers_imp_7HNO1D/design_1_axi_mem_intercon_imp_auto_pc_0/design_1_axi_mem_intercon_imp_auto_pc_0_axi_protocol_converter_v2_1_37_axi_protocol_converter/design_1_axi_mem_intercon_imp_auto_pc_0_axi_protocol_converter_v2_1_37_axi3_conv/design_1_axi_mem_intercon_imp_auto_pc_0_axi_protocol_converter_v2_1_37_a_axi3_conv/design_1_axi_mem_intercon_imp_auto_pc_0_axi_data_fifo_v2_1_36_axic_fifo/design_1_axi_mem_intercon_imp_auto_pc_0_axi_data_fifo_v2_1_36_fifo_gen_1/<hidden>/<hidden>/<hidden>/<hidden>/<hidden>
    SLICE_X45Y48         LUT3 (Prop_lut3_I0_O)        0.124     4.414 f  design_1_wrapper/design_1/design_1_axi_mem_intercon_0/s00_couplers_imp_7HNO1D/design_1_axi_mem_intercon_imp_auto_pc_0/design_1_axi_mem_intercon_imp_auto_pc_0_axi_protocol_converter_v2_1_37_axi_protocol_converter/design_1_axi_mem_intercon_imp_auto_pc_0_axi_protocol_converter_v2_1_37_axi3_conv/design_1_axi_mem_intercon_imp_auto_pc_0_axi_protocol_converter_v2_1_37_a_axi3_conv/design_1_axi_mem_intercon_imp_auto_pc_0_axi_data_fifo_v2_1_36_axic_fifo/design_1_axi_mem_intercon_imp_auto_pc_0_axi_data_fifo_v2_1_36_fifo_gen_1/<hidden>/<hidden>/<hidden>/<hidden>/<hidden>
                         net (fo=32, routed)          1.338     5.752    design_1_wrapper/design_1/design_1_axi_mem_intercon_0/s00_couplers_imp_7HNO1D/design_1_axi_mem_intercon_imp_auto_pc_0/design_1_axi_mem_intercon_imp_auto_pc_0_axi_protocol_converter_v2_1_37_axi_protocol_converter/design_1_axi_mem_intercon_imp_auto_pc_0_axi_protocol_converter_v2_1_37_axi3_conv/design_1_axi_mem_intercon_imp_auto_pc_0_axi_protocol_converter_v2_1_37_a_axi3_conv/design_1_axi_mem_intercon_imp_auto_pc_0_axi_data_fifo_v2_1_36_axic_fifo/design_1_axi_mem_intercon_imp_auto_pc_0_axi_data_fifo_v2_1_36_fifo_gen_1/<hidden>/<hidden>/<hidden>/<hidden>/<hidden>/<hidden>
    SLICE_X45Y51         FDCE                                         f  design_1_wrapper/design_1/design_1_axi_mem_intercon_0/s00_couplers_imp_7HNO1D/design_1_axi_mem_intercon_imp_auto_pc_0/design_1_axi_mem_intercon_imp_auto_pc_0_axi_protocol_converter_v2_1_37_axi_protocol_converter/design_1_axi_mem_intercon_imp_auto_pc_0_axi_protocol_converter_v2_1_37_axi3_conv/design_1_axi_mem_intercon_imp_auto_pc_0_axi_protocol_converter_v2_1_37_a_axi3_conv/design_1_axi_mem_intercon_imp_auto_pc_0_axi_data_fifo_v2_1_36_axic_fifo/design_1_axi_mem_intercon_imp_auto_pc_0_axi_data_fifo_v2_1_36_fifo_gen_1/<hidden>/<hidden>/<hidden>/<hidden>/<hidden>/<hidden>
  -------------------------------------------------------------------    -------------------

                         (clock clk_fpga_0 rise edge)
                                                     10.000    10.000 r  
    PS7_X0Y0             PS7                          0.000    10.000 r  design_1_i/processing_system7_0/inst/PS7_i/FCLKCLK[0]
                         net (fo=1, routed)           1.088    11.088    design_1_i/processing_system7_0/inst/FCLK_CLK_unbuffered[0]
    BUFGCTRL_X0Y16       BUFG (Prop_bufg_I_O)         0.091    11.179 r  design_1_i/processing_system7_0/inst/buffer_fclk_clk_0.FCLK_CLK_0_BUFG/O
                         net (fo=4149, routed)        1.479    12.658    design_1_wrapper/design_1/design_1_axi_mem_intercon_0/s00_couplers_imp_7HNO1D/design_1_axi_mem_intercon_imp_auto_pc_0/design_1_axi_mem_intercon_imp_auto_pc_0_axi_protocol_converter_v2_1_37_axi_protocol_converter/design_1_axi_mem_intercon_imp_auto_pc_0_axi_protocol_converter_v2_1_37_axi3_conv/design_1_axi_mem_intercon_imp_auto_pc_0_axi_protocol_converter_v2_1_37_a_axi3_conv/design_1_axi_mem_intercon_imp_auto_pc_0_axi_data_fifo_v2_1_36_axic_fifo/design_1_axi_mem_intercon_imp_auto_pc_0_axi_data_fifo_v2_1_36_fifo_gen_1/<hidden>/<hidden>/<hidden>/<hidden>/<hidden>/<hidden>
    SLICE_X45Y51         FDCE                                         r  design_1_wrapper/design_1/design_1_axi_mem_intercon_0/s00_couplers_imp_7HNO1D/design_1_axi_mem_intercon_imp_auto_pc_0/design_1_axi_mem_intercon_imp_auto_pc_0_axi_protocol_converter_v2_1_37_axi_protocol_converter/design_1_axi_mem_intercon_imp_auto_pc_0_axi_protocol_converter_v2_1_37_axi3_conv/design_1_axi_mem_intercon_imp_auto_pc_0_axi_protocol_converter_v2_1_37_a_axi3_conv/design_1_axi_mem_intercon_imp_auto_pc_0_axi_data_fifo_v2_1_36_axic_fifo/design_1_axi_mem_intercon_imp_auto_pc_0_axi_data_fifo_v2_1_36_fifo_gen_1/<hidden>/<hidden>/<hidden>/<hidden>/<hidden>/<hidden>
                         clock pessimism              0.115    12.773    
                         clock uncertainty           -0.154    12.619    
    SLICE_X45Y51         FDCE (Recov_fdce_C_CLR)     -0.405    12.214    design_1_wrapper/design_1/design_1_axi_mem_intercon_0/s00_couplers_imp_7HNO1D/design_1_axi_mem_intercon_imp_auto_pc_0/design_1_axi_mem_intercon_imp_auto_pc_0_axi_protocol_converter_v2_1_37_axi_protocol_converter/design_1_axi_mem_intercon_imp_auto_pc_0_axi_protocol_converter_v2_1_37_axi3_conv/design_1_axi_mem_intercon_imp_auto_pc_0_axi_protocol_converter_v2_1_37_a_axi3_conv/design_1_axi_mem_intercon_imp_auto_pc_0_axi_data_fifo_v2_1_36_axic_fifo/design_1_axi_mem_intercon_imp_auto_pc_0_axi_data_fifo_v2_1_36_fifo_gen_1/<hidden>/<hidden>/<hidden>/<hidden>/<hidden>/<hidden>
  -------------------------------------------------------------------
                         required time                         12.214    
                         arrival time                          -5.752    
  -------------------------------------------------------------------
                         slack                                  6.461    

Slack (MET) :             6.461ns  (required time - arrival time)
  Source:                 design_1_wrapper/design_1/design_1_axi_mem_intercon_0/s00_couplers_imp_7HNO1D/design_1_axi_mem_intercon_imp_auto_pc_0/design_1_axi_mem_intercon_imp_auto_pc_0_axi_protocol_converter_v2_1_37_axi_protocol_converter/design_1_axi_mem_intercon_imp_auto_pc_0_axi_protocol_converter_v2_1_37_axi3_conv/design_1_axi_mem_intercon_imp_auto_pc_0_axi_protocol_converter_v2_1_37_a_axi3_conv/design_1_axi_mem_intercon_imp_auto_pc_0_axi_data_fifo_v2_1_36_axic_fifo/design_1_axi_mem_intercon_imp_auto_pc_0_axi_data_fifo_v2_1_36_fifo_gen_1/<hidden>/<hidden>/<hidden>/<hidden>/<hidden>
                            (rising edge-triggered cell FDRE clocked by clk_fpga_0  {rise@0.000ns fall@5.000ns period=10.000ns})
  Destination:            design_1_wrapper/design_1/design_1_axi_mem_intercon_0/s00_couplers_imp_7HNO1D/design_1_axi_mem_intercon_imp_auto_pc_0/design_1_axi_mem_intercon_imp_auto_pc_0_axi_protocol_converter_v2_1_37_axi_protocol_converter/design_1_axi_mem_intercon_imp_auto_pc_0_axi_protocol_converter_v2_1_37_axi3_conv/design_1_axi_mem_intercon_imp_auto_pc_0_axi_protocol_converter_v2_1_37_a_axi3_conv/design_1_axi_mem_intercon_imp_auto_pc_0_axi_data_fifo_v2_1_36_axic_fifo/design_1_axi_mem_intercon_imp_auto_pc_0_axi_data_fifo_v2_1_36_fifo_gen_1/<hidden>/<hidden>/<hidden>/<hidden>/<hidden>/<hidden>
                            (recovery check against rising-edge clock clk_fpga_0  {rise@0.000ns fall@5.000ns period=10.000ns})
  Path Group:             **async_default**
  Path Type:              Recovery (Max at Slow Process Corner)
  Requirement:            10.000ns  (clk_fpga_0 rise@10.000ns - clk_fpga_0 rise@0.000ns)
  Data Path Delay:        2.789ns  (logic 0.580ns (20.792%)  route 2.209ns (79.208%))
  Logic Levels:           1  (LUT3=1)
  Clock Path Skew:        -0.190ns (DCD - SCD + CPR)
    Destination Clock Delay (DCD):    2.658ns = ( 12.658 - 10.000 ) 
    Source Clock Delay      (SCD):    2.963ns
    Clock Pessimism Removal (CPR):    0.115ns
  Clock Uncertainty:      0.154ns  ((TSJ^2 + TIJ^2)^1/2 + DJ) / 2 + PE
    Total System Jitter     (TSJ):    0.071ns
    Total Input Jitter      (TIJ):    0.300ns
    Discrete Jitter          (DJ):    0.000ns
    Phase Error              (PE):    0.000ns

    Location             Delay type                Incr(ns)  Path(ns)    Netlist Resource(s)
  -------------------------------------------------------------------    -------------------
                         (clock clk_fpga_0 rise edge)
                                                      0.000     0.000 r  
    PS7_X0Y0             PS7                          0.000     0.000 r  design_1_i/processing_system7_0/inst/PS7_i/FCLKCLK[0]
                         net (fo=1, routed)           1.193     1.193    design_1_i/processing_system7_0/inst/FCLK_CLK_unbuffered[0]
    BUFGCTRL_X0Y16       BUFG (Prop_bufg_I_O)         0.101     1.294 r  design_1_i/processing_system7_0/inst/buffer_fclk_clk_0.FCLK_CLK_0_BUFG/O
                         net (fo=4149, routed)        1.669     2.963    design_1_wrapper/design_1/design_1_axi_mem_intercon_0/s00_couplers_imp_7HNO1D/design_1_axi_mem_intercon_imp_auto_pc_0/design_1_axi_mem_intercon_imp_auto_pc_0_axi_protocol_converter_v2_1_37_axi_protocol_converter/design_1_axi_mem_intercon_imp_auto_pc_0_axi_protocol_converter_v2_1_37_axi3_conv/design_1_axi_mem_intercon_imp_auto_pc_0_axi_protocol_converter_v2_1_37_a_axi3_conv/design_1_axi_mem_intercon_imp_auto_pc_0_axi_data_fifo_v2_1_36_axic_fifo/design_1_axi_mem_intercon_imp_auto_pc_0_axi_data_fifo_v2_1_36_fifo_gen_1/<hidden>/<hidden>/<hidden>/<hidden>/<hidden>
    SLICE_X45Y48         FDRE                                         r  design_1_wrapper/design_1/design_1_axi_mem_intercon_0/s00_couplers_imp_7HNO1D/design_1_axi_mem_intercon_imp_auto_pc_0/design_1_axi_mem_intercon_imp_auto_pc_0_axi_protocol_converter_v2_1_37_axi_protocol_converter/design_1_axi_mem_intercon_imp_auto_pc_0_axi_protocol_converter_v2_1_37_axi3_conv/design_1_axi_mem_intercon_imp_auto_pc_0_axi_protocol_converter_v2_1_37_a_axi3_conv/design_1_axi_mem_intercon_imp_auto_pc_0_axi_data_fifo_v2_1_36_axic_fifo/design_1_axi_mem_intercon_imp_auto_pc_0_axi_data_fifo_v2_1_36_fifo_gen_1/<hidden>/<hidden>/<hidden>/<hidden>/<hidden>
  -------------------------------------------------------------------    -------------------
    SLICE_X45Y48         FDRE (Prop_fdre_C_Q)         0.456     3.419 f  design_1_wrapper/design_1/design_1_axi_mem_intercon_0/s00_couplers_imp_7HNO1D/design_1_axi_mem_intercon_imp_auto_pc_0/design_1_axi_mem_intercon_imp_auto_pc_0_axi_protocol_converter_v2_1_37_axi_protocol_converter/design_1_axi_mem_intercon_imp_auto_pc_0_axi_protocol_converter_v2_1_37_axi3_conv/design_1_axi_mem_intercon_imp_auto_pc_0_axi_protocol_converter_v2_1_37_a_axi3_conv/design_1_axi_mem_intercon_imp_auto_pc_0_axi_data_fifo_v2_1_36_axic_fifo/design_1_axi_mem_intercon_imp_auto_pc_0_axi_data_fifo_v2_1_36_fifo_gen_1/<hidden>/<hidden>/<hidden>/<hidden>/<hidden>
                         net (fo=2, routed)           0.871     4.290    design_1_wrapper/design_1/design_1_axi_mem_intercon_0/s00_couplers_imp_7HNO1D/design_1_axi_mem_intercon_imp_auto_pc_0/design_1_axi_mem_intercon_imp_auto_pc_0_axi_protocol_converter_v2_1_37_axi_protocol_converter/design_1_axi_mem_intercon_imp_auto_pc_0_axi_protocol_converter_v2_1_37_axi3_conv/design_1_axi_mem_intercon_imp_auto_pc_0_axi_protocol_converter_v2_1_37_a_axi3_conv/design_1_axi_mem_intercon_imp_auto_pc_0_axi_data_fifo_v2_1_36_axic_fifo/design_1_axi_mem_intercon_imp_auto_pc_0_axi_data_fifo_v2_1_36_fifo_gen_1/<hidden>/<hidden>/<hidden>/<hidden>/<hidden>
    SLICE_X45Y48         LUT3 (Prop_lut3_I0_O)        0.124     4.414 f  design_1_wrapper/design_1/design_1_axi_mem_intercon_0/s00_couplers_imp_7HNO1D/design_1_axi_mem_intercon_imp_auto_pc_0/design_1_axi_mem_intercon_imp_auto_pc_0_axi_protocol_converter_v2_1_37_axi_protocol_converter/design_1_axi_mem_intercon_imp_auto_pc_0_axi_protocol_converter_v2_1_37_axi3_conv/design_1_axi_mem_intercon_imp_auto_pc_0_axi_protocol_converter_v2_1_37_a_axi3_conv/design_1_axi_mem_intercon_imp_auto_pc_0_axi_data_fifo_v2_1_36_axic_fifo/design_1_axi_mem_intercon_imp_auto_pc_0_axi_data_fifo_v2_1_36_fifo_gen_1/<hidden>/<hidden>/<hidden>/<hidden>/<hidden>
                         net (fo=32, routed)          1.338     5.752    design_1_wrapper/design_1/design_1_axi_mem_intercon_0/s00_couplers_imp_7HNO1D/design_1_axi_mem_intercon_imp_auto_pc_0/design_1_axi_mem_intercon_imp_auto_pc_0_axi_protocol_converter_v2_1_37_axi_protocol_converter/design_1_axi_mem_intercon_imp_auto_pc_0_axi_protocol_converter_v2_1_37_axi3_conv/design_1_axi_mem_intercon_imp_auto_pc_0_axi_protocol_converter_v2_1_37_a_axi3_conv/design_1_axi_mem_intercon_imp_auto_pc_0_axi_data_fifo_v2_1_36_axic_fifo/design_1_axi_mem_intercon_imp_auto_pc_0_axi_data_fifo_v2_1_36_fifo_gen_1/<hidden>/<hidden>/<hidden>/<hidden>/<hidden>/<hidden>
    SLICE_X45Y51         FDCE                                         f  design_1_wrapper/design_1/design_1_axi_mem_intercon_0/s00_couplers_imp_7HNO1D/design_1_axi_mem_intercon_imp_auto_pc_0/design_1_axi_mem_intercon_imp_auto_pc_0_axi_protocol_converter_v2_1_37_axi_protocol_converter/design_1_axi_mem_intercon_imp_auto_pc_0_axi_protocol_converter_v2_1_37_axi3_conv/design_1_axi_mem_intercon_imp_auto_pc_0_axi_protocol_converter_v2_1_37_a_axi3_conv/design_1_axi_mem_intercon_imp_auto_pc_0_axi_data_fifo_v2_1_36_axic_fifo/design_1_axi_mem_intercon_imp_auto_pc_0_axi_data_fifo_v2_1_36_fifo_gen_1/<hidden>/<hidden>/<hidden>/<hidden>/<hidden>/<hidden>
  -------------------------------------------------------------------    -------------------

                         (clock clk_fpga_0 rise edge)
                                                     10.000    10.000 r  
    PS7_X0Y0             PS7                          0.000    10.000 r  design_1_i/processing_system7_0/inst/PS7_i/FCLKCLK[0]
                         net (fo=1, routed)           1.088    11.088    design_1_i/processing_system7_0/inst/FCLK_CLK_unbuffered[0]
    BUFGCTRL_X0Y16       BUFG (Prop_bufg_I_O)         0.091    11.179 r  design_1_i/processing_system7_0/inst/buffer_fclk_clk_0.FCLK_CLK_0_BUFG/O
                         net (fo=4149, routed)        1.479    12.658    design_1_wrapper/design_1/design_1_axi_mem_intercon_0/s00_couplers_imp_7HNO1D/design_1_axi_mem_intercon_imp_auto_pc_0/design_1_axi_mem_intercon_imp_auto_pc_0_axi_protocol_converter_v2_1_37_axi_protocol_converter/design_1_axi_mem_intercon_imp_auto_pc_0_axi_protocol_converter_v2_1_37_axi3_conv/design_1_axi_mem_intercon_imp_auto_pc_0_axi_protocol_converter_v2_1_37_a_axi3_conv/design_1_axi_mem_intercon_imp_auto_pc_0_axi_data_fifo_v2_1_36_axic_fifo/design_1_axi_mem_intercon_imp_auto_pc_0_axi_data_fifo_v2_1_36_fifo_gen_1/<hidden>/<hidden>/<hidden>/<hidden>/<hidden>/<hidden>
    SLICE_X45Y51         FDCE                                         r  design_1_wrapper/design_1/design_1_axi_mem_intercon_0/s00_couplers_imp_7HNO1D/design_1_axi_mem_intercon_imp_auto_pc_0/design_1_axi_mem_intercon_imp_auto_pc_0_axi_protocol_converter_v2_1_37_axi_protocol_converter/design_1_axi_mem_intercon_imp_auto_pc_0_axi_protocol_converter_v2_1_37_axi3_conv/design_1_axi_mem_intercon_imp_auto_pc_0_axi_protocol_converter_v2_1_37_a_axi3_conv/design_1_axi_mem_intercon_imp_auto_pc_0_axi_data_fifo_v2_1_36_axic_fifo/design_1_axi_mem_intercon_imp_auto_pc_0_axi_data_fifo_v2_1_36_fifo_gen_1/<hidden>/<hidden>/<hidden>/<hidden>/<hidden>/<hidden>
                         clock pessimism              0.115    12.773    
                         clock uncertainty           -0.154    12.619    
    SLICE_X45Y51         FDCE (Recov_fdce_C_CLR)     -0.405    12.214    design_1_wrapper/design_1/design_1_axi_mem_intercon_0/s00_couplers_imp_7HNO1D/design_1_axi_mem_intercon_imp_auto_pc_0/design_1_axi_mem_intercon_imp_auto_pc_0_axi_protocol_converter_v2_1_37_axi_protocol_converter/design_1_axi_mem_intercon_imp_auto_pc_0_axi_protocol_converter_v2_1_37_axi3_conv/design_1_axi_mem_intercon_imp_auto_pc_0_axi_protocol_converter_v2_1_37_a_axi3_conv/design_1_axi_mem_intercon_imp_auto_pc_0_axi_data_fifo_v2_1_36_axic_fifo/design_1_axi_mem_intercon_imp_auto_pc_0_axi_data_fifo_v2_1_36_fifo_gen_1/<hidden>/<hidden>/<hidden>/<hidden>/<hidden>/<hidden>
  -------------------------------------------------------------------
                         required time                         12.214    
                         arrival time                          -5.752    
  -------------------------------------------------------------------
                         slack                                  6.461    

Slack (MET) :             6.503ns  (required time - arrival time)
  Source:                 design_1_wrapper/design_1/design_1_axi_mem_intercon_0/s00_couplers_imp_7HNO1D/design_1_axi_mem_intercon_imp_auto_pc_0/design_1_axi_mem_intercon_imp_auto_pc_0_axi_protocol_converter_v2_1_37_axi_protocol_converter/design_1_axi_mem_intercon_imp_auto_pc_0_axi_protocol_converter_v2_1_37_axi3_conv/design_1_axi_mem_intercon_imp_auto_pc_0_axi_protocol_converter_v2_1_37_a_axi3_conv/design_1_axi_mem_intercon_imp_auto_pc_0_axi_data_fifo_v2_1_36_axic_fifo/design_1_axi_mem_intercon_imp_auto_pc_0_axi_data_fifo_v2_1_36_fifo_gen_1/<hidden>/<hidden>/<hidden>/<hidden>/<hidden>
                            (rising edge-triggered cell FDRE clocked by clk_fpga_0  {rise@0.000ns fall@5.000ns period=10.000ns})
  Destination:            design_1_wrapper/design_1/design_1_axi_mem_intercon_0/s00_couplers_imp_7HNO1D/design_1_axi_mem_intercon_imp_auto_pc_0/design_1_axi_mem_intercon_imp_auto_pc_0_axi_protocol_converter_v2_1_37_axi_protocol_converter/design_1_axi_mem_intercon_imp_auto_pc_0_axi_protocol_converter_v2_1_37_axi3_conv/design_1_axi_mem_intercon_imp_auto_pc_0_axi_protocol_converter_v2_1_37_a_axi3_conv/design_1_axi_mem_intercon_imp_auto_pc_0_axi_data_fifo_v2_1_36_axic_fifo/design_1_axi_mem_intercon_imp_auto_pc_0_axi_data_fifo_v2_1_36_fifo_gen_1/<hidden>/<hidden>/<hidden>/<hidden>/<hidden>/<hidden>
                            (recovery check against rising-edge clock clk_fpga_0  {rise@0.000ns fall@5.000ns period=10.000ns})
  Path Group:             **async_default**
  Path Type:              Recovery (Max at Slow Process Corner)
  Requirement:            10.000ns  (clk_fpga_0 rise@10.000ns - clk_fpga_0 rise@0.000ns)
  Data Path Delay:        2.794ns  (logic 0.580ns (20.760%)  route 2.214ns (79.240%))
  Logic Levels:           1  (LUT3=1)
  Clock Path Skew:        -0.190ns (DCD - SCD + CPR)
    Destination Clock Delay (DCD):    2.658ns = ( 12.658 - 10.000 ) 
    Source Clock Delay      (SCD):    2.963ns
    Clock Pessimism Removal (CPR):    0.115ns
  Clock Uncertainty:      0.154ns  ((TSJ^2 + TIJ^2)^1/2 + DJ) / 2 + PE
    Total System Jitter     (TSJ):    0.071ns
    Total Input Jitter      (TIJ):    0.300ns
    Discrete Jitter          (DJ):    0.000ns
    Phase Error              (PE):    0.000ns

    Location             Delay type                Incr(ns)  Path(ns)    Netlist Resource(s)
  -------------------------------------------------------------------    -------------------
                         (clock clk_fpga_0 rise edge)
                                                      0.000     0.000 r  
    PS7_X0Y0             PS7                          0.000     0.000 r  design_1_i/processing_system7_0/inst/PS7_i/FCLKCLK[0]
                         net (fo=1, routed)           1.193     1.193    design_1_i/processing_system7_0/inst/FCLK_CLK_unbuffered[0]
    BUFGCTRL_X0Y16       BUFG (Prop_bufg_I_O)         0.101     1.294 r  design_1_i/processing_system7_0/inst/buffer_fclk_clk_0.FCLK_CLK_0_BUFG/O
                         net (fo=4149, routed)        1.669     2.963    design_1_wrapper/design_1/design_1_axi_mem_intercon_0/s00_couplers_imp_7HNO1D/design_1_axi_mem_intercon_imp_auto_pc_0/design_1_axi_mem_intercon_imp_auto_pc_0_axi_protocol_converter_v2_1_37_axi_protocol_converter/design_1_axi_mem_intercon_imp_auto_pc_0_axi_protocol_converter_v2_1_37_axi3_conv/design_1_axi_mem_intercon_imp_auto_pc_0_axi_protocol_converter_v2_1_37_a_axi3_conv/design_1_axi_mem_intercon_imp_auto_pc_0_axi_data_fifo_v2_1_36_axic_fifo/design_1_axi_mem_intercon_imp_auto_pc_0_axi_data_fifo_v2_1_36_fifo_gen_1/<hidden>/<hidden>/<hidden>/<hidden>/<hidden>
    SLICE_X45Y48         FDRE                                         r  design_1_wrapper/design_1/design_1_axi_mem_intercon_0/s00_couplers_imp_7HNO1D/design_1_axi_mem_intercon_imp_auto_pc_0/design_1_axi_mem_intercon_imp_auto_pc_0_axi_protocol_converter_v2_1_37_axi_protocol_converter/design_1_axi_mem_intercon_imp_auto_pc_0_axi_protocol_converter_v2_1_37_axi3_conv/design_1_axi_mem_intercon_imp_auto_pc_0_axi_protocol_converter_v2_1_37_a_axi3_conv/design_1_axi_mem_intercon_imp_auto_pc_0_axi_data_fifo_v2_1_36_axic_fifo/design_1_axi_mem_intercon_imp_auto_pc_0_axi_data_fifo_v2_1_36_fifo_gen_1/<hidden>/<hidden>/<hidden>/<hidden>/<hidden>
  -------------------------------------------------------------------    -------------------
    SLICE_X45Y48         FDRE (Prop_fdre_C_Q)         0.456     3.419 f  design_1_wrapper/design_1/design_1_axi_mem_intercon_0/s00_couplers_imp_7HNO1D/design_1_axi_mem_intercon_imp_auto_pc_0/design_1_axi_mem_intercon_imp_auto_pc_0_axi_protocol_converter_v2_1_37_axi_protocol_converter/design_1_axi_mem_intercon_imp_auto_pc_0_axi_protocol_converter_v2_1_37_axi3_conv/design_1_axi_mem_intercon_imp_auto_pc_0_axi_protocol_converter_v2_1_37_a_axi3_conv/design_1_axi_mem_intercon_imp_auto_pc_0_axi_data_fifo_v2_1_36_axic_fifo/design_1_axi_mem_intercon_imp_auto_pc_0_axi_data_fifo_v2_1_36_fifo_gen_1/<hidden>/<hidden>/<hidden>/<hidden>/<hidden>
                         net (fo=2, routed)           0.871     4.290    design_1_wrapper/design_1/design_1_axi_mem_intercon_0/s00_couplers_imp_7HNO1D/design_1_axi_mem_intercon_imp_auto_pc_0/design_1_axi_mem_intercon_imp_auto_pc_0_axi_protocol_converter_v2_1_37_axi_protocol_converter/design_1_axi_mem_intercon_imp_auto_pc_0_axi_protocol_converter_v2_1_37_axi3_conv/design_1_axi_mem_intercon_imp_auto_pc_0_axi_protocol_converter_v2_1_37_a_axi3_conv/design_1_axi_mem_intercon_imp_auto_pc_0_axi_data_fifo_v2_1_36_axic_fifo/design_1_axi_mem_intercon_imp_auto_pc_0_axi_data_fifo_v2_1_36_fifo_gen_1/<hidden>/<hidden>/<hidden>/<hidden>/<hidden>
    SLICE_X45Y48         LUT3 (Prop_lut3_I0_O)        0.124     4.414 f  design_1_wrapper/design_1/design_1_axi_mem_intercon_0/s00_couplers_imp_7HNO1D/design_1_axi_mem_intercon_imp_auto_pc_0/design_1_axi_mem_intercon_imp_auto_pc_0_axi_protocol_converter_v2_1_37_axi_protocol_converter/design_1_axi_mem_intercon_imp_auto_pc_0_axi_protocol_converter_v2_1_37_axi3_conv/design_1_axi_mem_intercon_imp_auto_pc_0_axi_protocol_converter_v2_1_37_a_axi3_conv/design_1_axi_mem_intercon_imp_auto_pc_0_axi_data_fifo_v2_1_36_axic_fifo/design_1_axi_mem_intercon_imp_auto_pc_0_axi_data_fifo_v2_1_36_fifo_gen_1/<hidden>/<hidden>/<hidden>/<hidden>/<hidden>
                         net (fo=32, routed)          1.342     5.757    design_1_wrapper/design_1/design_1_axi_mem_intercon_0/s00_couplers_imp_7HNO1D/design_1_axi_mem_intercon_imp_auto_pc_0/design_1_axi_mem_intercon_imp_auto_pc_0_axi_protocol_converter_v2_1_37_axi_protocol_converter/design_1_axi_mem_intercon_imp_auto_pc_0_axi_protocol_converter_v2_1_37_axi3_conv/design_1_axi_mem_intercon_imp_auto_pc_0_axi_protocol_converter_v2_1_37_a_axi3_conv/design_1_axi_mem_intercon_imp_auto_pc_0_axi_data_fifo_v2_1_36_axic_fifo/design_1_axi_mem_intercon_imp_auto_pc_0_axi_data_fifo_v2_1_36_fifo_gen_1/<hidden>/<hidden>/<hidden>/<hidden>/<hidden>/<hidden>
    SLICE_X44Y51         FDPE                                         f  design_1_wrapper/design_1/design_1_axi_mem_intercon_0/s00_couplers_imp_7HNO1D/design_1_axi_mem_intercon_imp_auto_pc_0/design_1_axi_mem_intercon_imp_auto_pc_0_axi_protocol_converter_v2_1_37_axi_protocol_converter/design_1_axi_mem_intercon_imp_auto_pc_0_axi_protocol_converter_v2_1_37_axi3_conv/design_1_axi_mem_intercon_imp_auto_pc_0_axi_protocol_converter_v2_1_37_a_axi3_conv/design_1_axi_mem_intercon_imp_auto_pc_0_axi_data_fifo_v2_1_36_axic_fifo/design_1_axi_mem_intercon_imp_auto_pc_0_axi_data_fifo_v2_1_36_fifo_gen_1/<hidden>/<hidden>/<hidden>/<hidden>/<hidden>/<hidden>
  -------------------------------------------------------------------    -------------------

                         (clock clk_fpga_0 rise edge)
                                                     10.000    10.000 r  
    PS7_X0Y0             PS7                          0.000    10.000 r  design_1_i/processing_system7_0/inst/PS7_i/FCLKCLK[0]
                         net (fo=1, routed)           1.088    11.088    design_1_i/processing_system7_0/inst/FCLK_CLK_unbuffered[0]
    BUFGCTRL_X0Y16       BUFG (Prop_bufg_I_O)         0.091    11.179 r  design_1_i/processing_system7_0/inst/buffer_fclk_clk_0.FCLK_CLK_0_BUFG/O
                         net (fo=4149, routed)        1.479    12.658    design_1_wrapper/design_1/design_1_axi_mem_intercon_0/s00_couplers_imp_7HNO1D/design_1_axi_mem_intercon_imp_auto_pc_0/design_1_axi_mem_intercon_imp_auto_pc_0_axi_protocol_converter_v2_1_37_axi_protocol_converter/design_1_axi_mem_intercon_imp_auto_pc_0_axi_protocol_converter_v2_1_37_axi3_conv/design_1_axi_mem_intercon_imp_auto_pc_0_axi_protocol_converter_v2_1_37_a_axi3_conv/design_1_axi_mem_intercon_imp_auto_pc_0_axi_data_fifo_v2_1_36_axic_fifo/design_1_axi_mem_intercon_imp_auto_pc_0_axi_data_fifo_v2_1_36_fifo_gen_1/<hidden>/<hidden>/<hidden>/<hidden>/<hidden>/<hidden>
    SLICE_X44Y51         FDPE                                         r  design_1_wrapper/design_1/design_1_axi_mem_intercon_0/s00_couplers_imp_7HNO1D/design_1_axi_mem_intercon_imp_auto_pc_0/design_1_axi_mem_intercon_imp_auto_pc_0_axi_protocol_converter_v2_1_37_axi_protocol_converter/design_1_axi_mem_intercon_imp_auto_pc_0_axi_protocol_converter_v2_1_37_axi3_conv/design_1_axi_mem_intercon_imp_auto_pc_0_axi_protocol_converter_v2_1_37_a_axi3_conv/design_1_axi_mem_intercon_imp_auto_pc_0_axi_data_fifo_v2_1_36_axic_fifo/design_1_axi_mem_intercon_imp_auto_pc_0_axi_data_fifo_v2_1_36_fifo_gen_1/<hidden>/<hidden>/<hidden>/<hidden>/<hidden>/<hidden>
                         clock pessimism              0.115    12.773    
                         clock uncertainty           -0.154    12.619    
    SLICE_X44Y51         FDPE (Recov_fdpe_C_PRE)     -0.359    12.260    design_1_wrapper/design_1/design_1_axi_mem_intercon_0/s00_couplers_imp_7HNO1D/design_1_axi_mem_intercon_imp_auto_pc_0/design_1_axi_mem_intercon_imp_auto_pc_0_axi_protocol_converter_v2_1_37_axi_protocol_converter/design_1_axi_mem_intercon_imp_auto_pc_0_axi_protocol_converter_v2_1_37_axi3_conv/design_1_axi_mem_intercon_imp_auto_pc_0_axi_protocol_converter_v2_1_37_a_axi3_conv/design_1_axi_mem_intercon_imp_auto_pc_0_axi_data_fifo_v2_1_36_axic_fifo/design_1_axi_mem_intercon_imp_auto_pc_0_axi_data_fifo_v2_1_36_fifo_gen_1/<hidden>/<hidden>/<hidden>/<hidden>/<hidden>/<hidden>
  -------------------------------------------------------------------
                         required time                         12.260    
                         arrival time                          -5.757    
  -------------------------------------------------------------------
                         slack                                  6.503    

Slack (MET) :             6.601ns  (required time - arrival time)
  Source:                 design_1_wrapper/design_1/design_1_axi_mem_intercon_0/s00_couplers_imp_7HNO1D/design_1_axi_mem_intercon_imp_auto_pc_0/design_1_axi_mem_intercon_imp_auto_pc_0_axi_protocol_converter_v2_1_37_axi_protocol_converter/design_1_axi_mem_intercon_imp_auto_pc_0_axi_protocol_converter_v2_1_37_axi3_conv/design_1_axi_mem_intercon_imp_auto_pc_0_axi_protocol_converter_v2_1_37_a_axi3_conv/design_1_axi_mem_intercon_imp_auto_pc_0_axi_data_fifo_v2_1_36_axic_fifo/design_1_axi_mem_intercon_imp_auto_pc_0_axi_data_fifo_v2_1_36_fifo_gen_1/<hidden>/<hidden>/<hidden>/<hidden>/<hidden>
                            (rising edge-triggered cell FDRE clocked by clk_fpga_0  {rise@0.000ns fall@5.000ns period=10.000ns})
  Destination:            design_1_wrapper/design_1/design_1_axi_mem_intercon_0/s00_couplers_imp_7HNO1D/design_1_axi_mem_intercon_imp_auto_pc_0/design_1_axi_mem_intercon_imp_auto_pc_0_axi_protocol_converter_v2_1_37_axi_protocol_converter/design_1_axi_mem_intercon_imp_auto_pc_0_axi_protocol_converter_v2_1_37_axi3_conv/design_1_axi_mem_intercon_imp_auto_pc_0_axi_protocol_converter_v2_1_37_a_axi3_conv/design_1_axi_mem_intercon_imp_auto_pc_0_axi_data_fifo_v2_1_36_axic_fifo/design_1_axi_mem_intercon_imp_auto_pc_0_axi_data_fifo_v2_1_36_fifo_gen_1/<hidden>/<hidden>/<hidden>/<hidden>/<hidden>/<hidden>
                            (recovery check against rising-edge clock clk_fpga_0  {rise@0.000ns fall@5.000ns period=10.000ns})
  Path Group:             **async_default**
  Path Type:              Recovery (Max at Slow Process Corner)
  Requirement:            10.000ns  (clk_fpga_0 rise@10.000ns - clk_fpga_0 rise@0.000ns)
  Data Path Delay:        2.651ns  (logic 0.580ns (21.882%)  route 2.071ns (78.118%))
  Logic Levels:           1  (LUT3=1)
  Clock Path Skew:        -0.189ns (DCD - SCD + CPR)
    Destination Clock Delay (DCD):    2.659ns = ( 12.659 - 10.000 ) 
    Source Clock Delay      (SCD):    2.963ns
    Clock Pessimism Removal (CPR):    0.115ns
  Clock Uncertainty:      0.154ns  ((TSJ^2 + TIJ^2)^1/2 + DJ) / 2 + PE
    Total System Jitter     (TSJ):    0.071ns
    Total Input Jitter      (TIJ):    0.300ns
    Discrete Jitter          (DJ):    0.000ns
    Phase Error              (PE):    0.000ns

    Location             Delay type                Incr(ns)  Path(ns)    Netlist Resource(s)
  -------------------------------------------------------------------    -------------------
                         (clock clk_fpga_0 rise edge)
                                                      0.000     0.000 r  
    PS7_X0Y0             PS7                          0.000     0.000 r  design_1_i/processing_system7_0/inst/PS7_i/FCLKCLK[0]
                         net (fo=1, routed)           1.193     1.193    design_1_i/processing_system7_0/inst/FCLK_CLK_unbuffered[0]
    BUFGCTRL_X0Y16       BUFG (Prop_bufg_I_O)         0.101     1.294 r  design_1_i/processing_system7_0/inst/buffer_fclk_clk_0.FCLK_CLK_0_BUFG/O
                         net (fo=4149, routed)        1.669     2.963    design_1_wrapper/design_1/design_1_axi_mem_intercon_0/s00_couplers_imp_7HNO1D/design_1_axi_mem_intercon_imp_auto_pc_0/design_1_axi_mem_intercon_imp_auto_pc_0_axi_protocol_converter_v2_1_37_axi_protocol_converter/design_1_axi_mem_intercon_imp_auto_pc_0_axi_protocol_converter_v2_1_37_axi3_conv/design_1_axi_mem_intercon_imp_auto_pc_0_axi_protocol_converter_v2_1_37_a_axi3_conv/design_1_axi_mem_intercon_imp_auto_pc_0_axi_data_fifo_v2_1_36_axic_fifo/design_1_axi_mem_intercon_imp_auto_pc_0_axi_data_fifo_v2_1_36_fifo_gen_1/<hidden>/<hidden>/<hidden>/<hidden>/<hidden>
    SLICE_X45Y48         FDRE                                         r  design_1_wrapper/design_1/design_1_axi_mem_intercon_0/s00_couplers_imp_7HNO1D/design_1_axi_mem_intercon_imp_auto_pc_0/design_1_axi_mem_intercon_imp_auto_pc_0_axi_protocol_converter_v2_1_37_axi_protocol_converter/design_1_axi_mem_intercon_imp_auto_pc_0_axi_protocol_converter_v2_1_37_axi3_conv/design_1_axi_mem_intercon_imp_auto_pc_0_axi_protocol_converter_v2_1_37_a_axi3_conv/design_1_axi_mem_intercon_imp_auto_pc_0_axi_data_fifo_v2_1_36_axic_fifo/design_1_axi_mem_intercon_imp_auto_pc_0_axi_data_fifo_v2_1_36_fifo_gen_1/<hidden>/<hidden>/<hidden>/<hidden>/<hidden>
  -------------------------------------------------------------------    -------------------
    SLICE_X45Y48         FDRE (Prop_fdre_C_Q)         0.456     3.419 f  design_1_wrapper/design_1/design_1_axi_mem_intercon_0/s00_couplers_imp_7HNO1D/design_1_axi_mem_intercon_imp_auto_pc_0/design_1_axi_mem_intercon_imp_auto_pc_0_axi_protocol_converter_v2_1_37_axi_protocol_converter/design_1_axi_mem_intercon_imp_auto_pc_0_axi_protocol_converter_v2_1_37_axi3_conv/design_1_axi_mem_intercon_imp_auto_pc_0_axi_protocol_converter_v2_1_37_a_axi3_conv/design_1_axi_mem_intercon_imp_auto_pc_0_axi_data_fifo_v2_1_36_axic_fifo/design_1_axi_mem_intercon_imp_auto_pc_0_axi_data_fifo_v2_1_36_fifo_gen_1/<hidden>/<hidden>/<hidden>/<hidden>/<hidden>
                         net (fo=2, routed)           0.871     4.290    design_1_wrapper/design_1/design_1_axi_mem_intercon_0/s00_couplers_imp_7HNO1D/design_1_axi_mem_intercon_imp_auto_pc_0/design_1_axi_mem_intercon_imp_auto_pc_0_axi_protocol_converter_v2_1_37_axi_protocol_converter/design_1_axi_mem_intercon_imp_auto_pc_0_axi_protocol_converter_v2_1_37_axi3_conv/design_1_axi_mem_intercon_imp_auto_pc_0_axi_protocol_converter_v2_1_37_a_axi3_conv/design_1_axi_mem_intercon_imp_auto_pc_0_axi_data_fifo_v2_1_36_axic_fifo/design_1_axi_mem_intercon_imp_auto_pc_0_axi_data_fifo_v2_1_36_fifo_gen_1/<hidden>/<hidden>/<hidden>/<hidden>/<hidden>
    SLICE_X45Y48         LUT3 (Prop_lut3_I0_O)        0.124     4.414 f  design_1_wrapper/design_1/design_1_axi_mem_intercon_0/s00_couplers_imp_7HNO1D/design_1_axi_mem_intercon_imp_auto_pc_0/design_1_axi_mem_intercon_imp_auto_pc_0_axi_protocol_converter_v2_1_37_axi_protocol_converter/design_1_axi_mem_intercon_imp_auto_pc_0_axi_protocol_converter_v2_1_37_axi3_conv/design_1_axi_mem_intercon_imp_auto_pc_0_axi_protocol_converter_v2_1_37_a_axi3_conv/design_1_axi_mem_intercon_imp_auto_pc_0_axi_data_fifo_v2_1_36_axic_fifo/design_1_axi_mem_intercon_imp_auto_pc_0_axi_data_fifo_v2_1_36_fifo_gen_1/<hidden>/<hidden>/<hidden>/<hidden>/<hidden>
                         net (fo=32, routed)          1.199     5.614    design_1_wrapper/design_1/design_1_axi_mem_intercon_0/s00_couplers_imp_7HNO1D/design_1_axi_mem_intercon_imp_auto_pc_0/design_1_axi_mem_intercon_imp_auto_pc_0_axi_protocol_converter_v2_1_37_axi_protocol_converter/design_1_axi_mem_intercon_imp_auto_pc_0_axi_protocol_converter_v2_1_37_axi3_conv/design_1_axi_mem_intercon_imp_auto_pc_0_axi_protocol_converter_v2_1_37_a_axi3_conv/design_1_axi_mem_intercon_imp_auto_pc_0_axi_data_fifo_v2_1_36_axic_fifo/design_1_axi_mem_intercon_imp_auto_pc_0_axi_data_fifo_v2_1_36_fifo_gen_1/<hidden>/<hidden>/<hidden>/<hidden>/<hidden>/<hidden>
    SLICE_X43Y51         FDCE                                         f  design_1_wrapper/design_1/design_1_axi_mem_intercon_0/s00_couplers_imp_7HNO1D/design_1_axi_mem_intercon_imp_auto_pc_0/design_1_axi_mem_intercon_imp_auto_pc_0_axi_protocol_converter_v2_1_37_axi_protocol_converter/design_1_axi_mem_intercon_imp_auto_pc_0_axi_protocol_converter_v2_1_37_axi3_conv/design_1_axi_mem_intercon_imp_auto_pc_0_axi_protocol_converter_v2_1_37_a_axi3_conv/design_1_axi_mem_intercon_imp_auto_pc_0_axi_data_fifo_v2_1_36_axic_fifo/design_1_axi_mem_intercon_imp_auto_pc_0_axi_data_fifo_v2_1_36_fifo_gen_1/<hidden>/<hidden>/<hidden>/<hidden>/<hidden>/<hidden>
  -------------------------------------------------------------------    -------------------

                         (clock clk_fpga_0 rise edge)
                                                     10.000    10.000 r  
    PS7_X0Y0             PS7                          0.000    10.000 r  design_1_i/processing_system7_0/inst/PS7_i/FCLKCLK[0]
                         net (fo=1, routed)           1.088    11.088    design_1_i/processing_system7_0/inst/FCLK_CLK_unbuffered[0]
    BUFGCTRL_X0Y16       BUFG (Prop_bufg_I_O)         0.091    11.179 r  design_1_i/processing_system7_0/inst/buffer_fclk_clk_0.FCLK_CLK_0_BUFG/O
                         net (fo=4149, routed)        1.480    12.659    design_1_wrapper/design_1/design_1_axi_mem_intercon_0/s00_couplers_imp_7HNO1D/design_1_axi_mem_intercon_imp_auto_pc_0/design_1_axi_mem_intercon_imp_auto_pc_0_axi_protocol_converter_v2_1_37_axi_protocol_converter/design_1_axi_mem_intercon_imp_auto_pc_0_axi_protocol_converter_v2_1_37_axi3_conv/design_1_axi_mem_intercon_imp_auto_pc_0_axi_protocol_converter_v2_1_37_a_axi3_conv/design_1_axi_mem_intercon_imp_auto_pc_0_axi_data_fifo_v2_1_36_axic_fifo/design_1_axi_mem_intercon_imp_auto_pc_0_axi_data_fifo_v2_1_36_fifo_gen_1/<hidden>/<hidden>/<hidden>/<hidden>/<hidden>/<hidden>
    SLICE_X43Y51         FDCE                                         r  design_1_wrapper/design_1/design_1_axi_mem_intercon_0/s00_couplers_imp_7HNO1D/design_1_axi_mem_intercon_imp_auto_pc_0/design_1_axi_mem_intercon_imp_auto_pc_0_axi_protocol_converter_v2_1_37_axi_protocol_converter/design_1_axi_mem_intercon_imp_auto_pc_0_axi_protocol_converter_v2_1_37_axi3_conv/design_1_axi_mem_intercon_imp_auto_pc_0_axi_protocol_converter_v2_1_37_a_axi3_conv/design_1_axi_mem_intercon_imp_auto_pc_0_axi_data_fifo_v2_1_36_axic_fifo/design_1_axi_mem_intercon_imp_auto_pc_0_axi_data_fifo_v2_1_36_fifo_gen_1/<hidden>/<hidden>/<hidden>/<hidden>/<hidden>/<hidden>
                         clock pessimism              0.115    12.774    
                         clock uncertainty           -0.154    12.620    
    SLICE_X43Y51         FDCE (Recov_fdce_C_CLR)     -0.405    12.215    design_1_wrapper/design_1/design_1_axi_mem_intercon_0/s00_couplers_imp_7HNO1D/design_1_axi_mem_intercon_imp_auto_pc_0/design_1_axi_mem_intercon_imp_auto_pc_0_axi_protocol_converter_v2_1_37_axi_protocol_converter/design_1_axi_mem_intercon_imp_auto_pc_0_axi_protocol_converter_v2_1_37_axi3_conv/design_1_axi_mem_intercon_imp_auto_pc_0_axi_protocol_converter_v2_1_37_a_axi3_conv/design_1_axi_mem_intercon_imp_auto_pc_0_axi_data_fifo_v2_1_36_axic_fifo/design_1_axi_mem_intercon_imp_auto_pc_0_axi_data_fifo_v2_1_36_fifo_gen_1/<hidden>/<hidden>/<hidden>/<hidden>/<hidden>/<hidden>
  -------------------------------------------------------------------
                         required time                         12.215    
                         arrival time                          -5.614    
  -------------------------------------------------------------------
                         slack                                  6.601    





Min Delay Paths
--------------------------------------------------------------------------------------
Slack (MET) :             0.563ns  (arrival time - required time)
  Source:                 design_1_wrapper/design_1/design_1_axi_mem_intercon_0/s00_couplers_imp_7HNO1D/design_1_axi_mem_intercon_imp_auto_pc_0/design_1_axi_mem_intercon_imp_auto_pc_0_axi_protocol_converter_v2_1_37_axi_protocol_converter/design_1_axi_mem_intercon_imp_auto_pc_0_axi_protocol_converter_v2_1_37_axi3_conv/design_1_axi_mem_intercon_imp_auto_pc_0_axi_protocol_converter_v2_1_37_a_axi3_conv/design_1_axi_mem_intercon_imp_auto_pc_0_axi_data_fifo_v2_1_36_axic_fifo/design_1_axi_mem_intercon_imp_auto_pc_0_axi_data_fifo_v2_1_36_fifo_gen_1/<hidden>/<hidden>/<hidden>/<hidden>/<hidden>/<hidden>
                            (rising edge-triggered cell FDPE clocked by clk_fpga_0  {rise@0.000ns fall@5.000ns period=10.000ns})
  Destination:            design_1_wrapper/design_1/design_1_axi_mem_intercon_0/s00_couplers_imp_7HNO1D/design_1_axi_mem_intercon_imp_auto_pc_0/design_1_axi_mem_intercon_imp_auto_pc_0_axi_protocol_converter_v2_1_37_axi_protocol_converter/design_1_axi_mem_intercon_imp_auto_pc_0_axi_protocol_converter_v2_1_37_axi3_conv/design_1_axi_mem_intercon_imp_auto_pc_0_axi_protocol_converter_v2_1_37_a_axi3_conv/design_1_axi_mem_intercon_imp_auto_pc_0_axi_data_fifo_v2_1_36_axic_fifo/design_1_axi_mem_intercon_imp_auto_pc_0_axi_data_fifo_v2_1_36_fifo_gen_1/<hidden>/<hidden>/<hidden>/<hidden>/<hidden>/<hidden>
                            (removal check against rising-edge clock clk_fpga_0  {rise@0.000ns fall@5.000ns period=10.000ns})
  Path Group:             **async_default**
  Path Type:              Removal (Min at Fast Process Corner)
  Requirement:            0.000ns  (clk_fpga_0 rise@0.000ns - clk_fpga_0 rise@0.000ns)
  Data Path Delay:        0.734ns  (logic 0.246ns (33.532%)  route 0.488ns (66.468%))
  Logic Levels:           1  (LUT3=1)
  Clock Path Skew:        0.262ns (DCD - SCD - CPR)
    Destination Clock Delay (DCD):    1.191ns
    Source Clock Delay      (SCD):    0.899ns
    Clock Pessimism Removal (CPR):    0.030ns

    Location             Delay type                Incr(ns)  Path(ns)    Netlist Resource(s)
  -------------------------------------------------------------------    -------------------
                         (clock clk_fpga_0 rise edge)
                                                      0.000     0.000 r  
    PS7_X0Y0             PS7                          0.000     0.000 r  design_1_i/processing_system7_0/inst/PS7_i/FCLKCLK[0]
                         net (fo=1, routed)           0.310     0.310    design_1_i/processing_system7_0/inst/FCLK_CLK_unbuffered[0]
    BUFGCTRL_X0Y16       BUFG (Prop_bufg_I_O)         0.026     0.336 r  design_1_i/processing_system7_0/inst/buffer_fclk_clk_0.FCLK_CLK_0_BUFG/O
                         net (fo=4149, routed)        0.563     0.899    design_1_wrapper/design_1/design_1_axi_mem_intercon_0/s00_couplers_imp_7HNO1D/design_1_axi_mem_intercon_imp_auto_pc_0/design_1_axi_mem_intercon_imp_auto_pc_0_axi_protocol_converter_v2_1_37_axi_protocol_converter/design_1_axi_mem_intercon_imp_auto_pc_0_axi_protocol_converter_v2_1_37_axi3_conv/design_1_axi_mem_intercon_imp_auto_pc_0_axi_protocol_converter_v2_1_37_a_axi3_conv/design_1_axi_mem_intercon_imp_auto_pc_0_axi_data_fifo_v2_1_36_axic_fifo/design_1_axi_mem_intercon_imp_auto_pc_0_axi_data_fifo_v2_1_36_fifo_gen_1/<hidden>/<hidden>/<hidden>/<hidden>/<hidden>/<hidden>
    SLICE_X46Y48         FDPE                                         r  design_1_wrapper/design_1/design_1_axi_mem_intercon_0/s00_couplers_imp_7HNO1D/design_1_axi_mem_intercon_imp_auto_pc_0/design_1_axi_mem_intercon_imp_auto_pc_0_axi_protocol_converter_v2_1_37_axi_protocol_converter/design_1_axi_mem_intercon_imp_auto_pc_0_axi_protocol_converter_v2_1_37_axi3_conv/design_1_axi_mem_intercon_imp_auto_pc_0_axi_protocol_converter_v2_1_37_a_axi3_conv/design_1_axi_mem_intercon_imp_auto_pc_0_axi_data_fifo_v2_1_36_axic_fifo/design_1_axi_mem_intercon_imp_auto_pc_0_axi_data_fifo_v2_1_36_fifo_gen_1/<hidden>/<hidden>/<hidden>/<hidden>/<hidden>/<hidden>
  -------------------------------------------------------------------    -------------------
    SLICE_X46Y48         FDPE (Prop_fdpe_C_Q)         0.148     1.047 f  design_1_wrapper/design_1/design_1_axi_mem_intercon_0/s00_couplers_imp_7HNO1D/design_1_axi_mem_intercon_imp_auto_pc_0/design_1_axi_mem_intercon_imp_auto_pc_0_axi_protocol_converter_v2_1_37_axi_protocol_converter/design_1_axi_mem_intercon_imp_auto_pc_0_axi_protocol_converter_v2_1_37_axi3_conv/design_1_axi_mem_intercon_imp_auto_pc_0_axi_protocol_converter_v2_1_37_a_axi3_conv/design_1_axi_mem_intercon_imp_auto_pc_0_axi_data_fifo_v2_1_36_axic_fifo/design_1_axi_mem_intercon_imp_auto_pc_0_axi_data_fifo_v2_1_36_fifo_gen_1/<hidden>/<hidden>/<hidden>/<hidden>/<hidden>/<hidden>
                         net (fo=3, routed)           0.108     1.155    design_1_wrapper/design_1/design_1_axi_mem_intercon_0/s00_couplers_imp_7HNO1D/design_1_axi_mem_intercon_imp_auto_pc_0/design_1_axi_mem_intercon_imp_auto_pc_0_axi_protocol_converter_v2_1_37_axi_protocol_converter/design_1_axi_mem_intercon_imp_auto_pc_0_axi_protocol_converter_v2_1_37_axi3_conv/design_1_axi_mem_intercon_imp_auto_pc_0_axi_protocol_converter_v2_1_37_a_axi3_conv/design_1_axi_mem_intercon_imp_auto_pc_0_axi_data_fifo_v2_1_36_axic_fifo/design_1_axi_mem_intercon_imp_auto_pc_0_axi_data_fifo_v2_1_36_fifo_gen_1/<hidden>/<hidden>/<hidden>/<hidden>/<hidden>
    SLICE_X45Y48         LUT3 (Prop_lut3_I2_O)        0.098     1.253 f  design_1_wrapper/design_1/design_1_axi_mem_intercon_0/s00_couplers_imp_7HNO1D/design_1_axi_mem_intercon_imp_auto_pc_0/design_1_axi_mem_intercon_imp_auto_pc_0_axi_protocol_converter_v2_1_37_axi_protocol_converter/design_1_axi_mem_intercon_imp_auto_pc_0_axi_protocol_converter_v2_1_37_axi3_conv/design_1_axi_mem_intercon_imp_auto_pc_0_axi_protocol_converter_v2_1_37_a_axi3_conv/design_1_axi_mem_intercon_imp_auto_pc_0_axi_data_fifo_v2_1_36_axic_fifo/design_1_axi_mem_intercon_imp_auto_pc_0_axi_data_fifo_v2_1_36_fifo_gen_1/<hidden>/<hidden>/<hidden>/<hidden>/<hidden>
                         net (fo=32, routed)          0.379     1.632    design_1_wrapper/design_1/design_1_axi_mem_intercon_0/s00_couplers_imp_7HNO1D/design_1_axi_mem_intercon_imp_auto_pc_0/design_1_axi_mem_intercon_imp_auto_pc_0_axi_protocol_converter_v2_1_37_axi_protocol_converter/design_1_axi_mem_intercon_imp_auto_pc_0_axi_protocol_converter_v2_1_37_axi3_conv/design_1_axi_mem_intercon_imp_auto_pc_0_axi_protocol_converter_v2_1_37_a_axi3_conv/design_1_axi_mem_intercon_imp_auto_pc_0_axi_data_fifo_v2_1_36_axic_fifo/design_1_axi_mem_intercon_imp_auto_pc_0_axi_data_fifo_v2_1_36_fifo_gen_1/<hidden>/<hidden>/<hidden>/<hidden>/<hidden>/<hidden>
    SLICE_X45Y50         FDCE                                         f  design_1_wrapper/design_1/design_1_axi_mem_intercon_0/s00_couplers_imp_7HNO1D/design_1_axi_mem_intercon_imp_auto_pc_0/design_1_axi_mem_intercon_imp_auto_pc_0_axi_protocol_converter_v2_1_37_axi_protocol_converter/design_1_axi_mem_intercon_imp_auto_pc_0_axi_protocol_converter_v2_1_37_axi3_conv/design_1_axi_mem_intercon_imp_auto_pc_0_axi_protocol_converter_v2_1_37_a_axi3_conv/design_1_axi_mem_intercon_imp_auto_pc_0_axi_data_fifo_v2_1_36_axic_fifo/design_1_axi_mem_intercon_imp_auto_pc_0_axi_data_fifo_v2_1_36_fifo_gen_1/<hidden>/<hidden>/<hidden>/<hidden>/<hidden>/<hidden>
  -------------------------------------------------------------------    -------------------

                         (clock clk_fpga_0 rise edge)
                                                      0.000     0.000 r  
    PS7_X0Y0             PS7                          0.000     0.000 r  design_1_i/processing_system7_0/inst/PS7_i/FCLKCLK[0]
                         net (fo=1, routed)           0.337     0.337    design_1_i/processing_system7_0/inst/FCLK_CLK_unbuffered[0]
    BUFGCTRL_X0Y16       BUFG (Prop_bufg_I_O)         0.029     0.366 r  design_1_i/processing_system7_0/inst/buffer_fclk_clk_0.FCLK_CLK_0_BUFG/O
                         net (fo=4149, routed)        0.825     1.191    design_1_wrapper/design_1/design_1_axi_mem_intercon_0/s00_couplers_imp_7HNO1D/design_1_axi_mem_intercon_imp_auto_pc_0/design_1_axi_mem_intercon_imp_auto_pc_0_axi_protocol_converter_v2_1_37_axi_protocol_converter/design_1_axi_mem_intercon_imp_auto_pc_0_axi_protocol_converter_v2_1_37_axi3_conv/design_1_axi_mem_intercon_imp_auto_pc_0_axi_protocol_converter_v2_1_37_a_axi3_conv/design_1_axi_mem_intercon_imp_auto_pc_0_axi_data_fifo_v2_1_36_axic_fifo/design_1_axi_mem_intercon_imp_auto_pc_0_axi_data_fifo_v2_1_36_fifo_gen_1/<hidden>/<hidden>/<hidden>/<hidden>/<hidden>/<hidden>
    SLICE_X45Y50         FDCE                                         r  design_1_wrapper/design_1/design_1_axi_mem_intercon_0/s00_couplers_imp_7HNO1D/design_1_axi_mem_intercon_imp_auto_pc_0/design_1_axi_mem_intercon_imp_auto_pc_0_axi_protocol_converter_v2_1_37_axi_protocol_converter/design_1_axi_mem_intercon_imp_auto_pc_0_axi_protocol_converter_v2_1_37_axi3_conv/design_1_axi_mem_intercon_imp_auto_pc_0_axi_protocol_converter_v2_1_37_a_axi3_conv/design_1_axi_mem_intercon_imp_auto_pc_0_axi_data_fifo_v2_1_36_axic_fifo/design_1_axi_mem_intercon_imp_auto_pc_0_axi_data_fifo_v2_1_36_fifo_gen_1/<hidden>/<hidden>/<hidden>/<hidden>/<hidden>/<hidden>
                         clock pessimism             -0.030     1.161    
    SLICE_X45Y50         FDCE (Remov_fdce_C_CLR)     -0.092     1.069    design_1_wrapper/design_1/design_1_axi_mem_intercon_0/s00_couplers_imp_7HNO1D/design_1_axi_mem_intercon_imp_auto_pc_0/design_1_axi_mem_intercon_imp_auto_pc_0_axi_protocol_converter_v2_1_37_axi_protocol_converter/design_1_axi_mem_intercon_imp_auto_pc_0_axi_protocol_converter_v2_1_37_axi3_conv/design_1_axi_mem_intercon_imp_auto_pc_0_axi_protocol_converter_v2_1_37_a_axi3_conv/design_1_axi_mem_intercon_imp_auto_pc_0_axi_data_fifo_v2_1_36_axic_fifo/design_1_axi_mem_intercon_imp_auto_pc_0_axi_data_fifo_v2_1_36_fifo_gen_1/<hidden>/<hidden>/<hidden>/<hidden>/<hidden>/<hidden>
  -------------------------------------------------------------------
                         required time                         -1.069    
                         arrival time                           1.632    
  -------------------------------------------------------------------
                         slack                                  0.563    

Slack (MET) :             0.563ns  (arrival time - required time)
  Source:                 design_1_wrapper/design_1/design_1_axi_mem_intercon_0/s00_couplers_imp_7HNO1D/design_1_axi_mem_intercon_imp_auto_pc_0/design_1_axi_mem_intercon_imp_auto_pc_0_axi_protocol_converter_v2_1_37_axi_protocol_converter/design_1_axi_mem_intercon_imp_auto_pc_0_axi_protocol_converter_v2_1_37_axi3_conv/design_1_axi_mem_intercon_imp_auto_pc_0_axi_protocol_converter_v2_1_37_a_axi3_conv/design_1_axi_mem_intercon_imp_auto_pc_0_axi_data_fifo_v2_1_36_axic_fifo/design_1_axi_mem_intercon_imp_auto_pc_0_axi_data_fifo_v2_1_36_fifo_gen_1/<hidden>/<hidden>/<hidden>/<hidden>/<hidden>/<hidden>
                            (rising edge-triggered cell FDPE clocked by clk_fpga_0  {rise@0.000ns fall@5.000ns period=10.000ns})
  Destination:            design_1_wrapper/design_1/design_1_axi_mem_intercon_0/s00_couplers_imp_7HNO1D/design_1_axi_mem_intercon_imp_auto_pc_0/design_1_axi_mem_intercon_imp_auto_pc_0_axi_protocol_converter_v2_1_37_axi_protocol_converter/design_1_axi_mem_intercon_imp_auto_pc_0_axi_protocol_converter_v2_1_37_axi3_conv/design_1_axi_mem_intercon_imp_auto_pc_0_axi_protocol_converter_v2_1_37_a_axi3_conv/design_1_axi_mem_intercon_imp_auto_pc_0_axi_data_fifo_v2_1_36_axic_fifo/design_1_axi_mem_intercon_imp_auto_pc_0_axi_data_fifo_v2_1_36_fifo_gen_1/<hidden>/<hidden>/<hidden>/<hidden>/<hidden>/<hidden>
                            (removal check against rising-edge clock clk_fpga_0  {rise@0.000ns fall@5.000ns period=10.000ns})
  Path Group:             **async_default**
  Path Type:              Removal (Min at Fast Process Corner)
  Requirement:            0.000ns  (clk_fpga_0 rise@0.000ns - clk_fpga_0 rise@0.000ns)
  Data Path Delay:        0.734ns  (logic 0.246ns (33.532%)  route 0.488ns (66.468%))
  Logic Levels:           1  (LUT3=1)
  Clock Path Skew:        0.262ns (DCD - SCD - CPR)
    Destination Clock Delay (DCD):    1.191ns
    Source Clock Delay      (SCD):    0.899ns
    Clock Pessimism Removal (CPR):    0.030ns

    Location             Delay type                Incr(ns)  Path(ns)    Netlist Resource(s)
  -------------------------------------------------------------------    -------------------
                         (clock clk_fpga_0 rise edge)
                                                      0.000     0.000 r  
    PS7_X0Y0             PS7                          0.000     0.000 r  design_1_i/processing_system7_0/inst/PS7_i/FCLKCLK[0]
                         net (fo=1, routed)           0.310     0.310    design_1_i/processing_system7_0/inst/FCLK_CLK_unbuffered[0]
    BUFGCTRL_X0Y16       BUFG (Prop_bufg_I_O)         0.026     0.336 r  design_1_i/processing_system7_0/inst/buffer_fclk_clk_0.FCLK_CLK_0_BUFG/O
                         net (fo=4149, routed)        0.563     0.899    design_1_wrapper/design_1/design_1_axi_mem_intercon_0/s00_couplers_imp_7HNO1D/design_1_axi_mem_intercon_imp_auto_pc_0/design_1_axi_mem_intercon_imp_auto_pc_0_axi_protocol_converter_v2_1_37_axi_protocol_converter/design_1_axi_mem_intercon_imp_auto_pc_0_axi_protocol_converter_v2_1_37_axi3_conv/design_1_axi_mem_intercon_imp_auto_pc_0_axi_protocol_converter_v2_1_37_a_axi3_conv/design_1_axi_mem_intercon_imp_auto_pc_0_axi_data_fifo_v2_1_36_axic_fifo/design_1_axi_mem_intercon_imp_auto_pc_0_axi_data_fifo_v2_1_36_fifo_gen_1/<hidden>/<hidden>/<hidden>/<hidden>/<hidden>/<hidden>
    SLICE_X46Y48         FDPE                                         r  design_1_wrapper/design_1/design_1_axi_mem_intercon_0/s00_couplers_imp_7HNO1D/design_1_axi_mem_intercon_imp_auto_pc_0/design_1_axi_mem_intercon_imp_auto_pc_0_axi_protocol_converter_v2_1_37_axi_protocol_converter/design_1_axi_mem_intercon_imp_auto_pc_0_axi_protocol_converter_v2_1_37_axi3_conv/design_1_axi_mem_intercon_imp_auto_pc_0_axi_protocol_converter_v2_1_37_a_axi3_conv/design_1_axi_mem_intercon_imp_auto_pc_0_axi_data_fifo_v2_1_36_axic_fifo/design_1_axi_mem_intercon_imp_auto_pc_0_axi_data_fifo_v2_1_36_fifo_gen_1/<hidden>/<hidden>/<hidden>/<hidden>/<hidden>/<hidden>
  -------------------------------------------------------------------    -------------------
    SLICE_X46Y48         FDPE (Prop_fdpe_C_Q)         0.148     1.047 f  design_1_wrapper/design_1/design_1_axi_mem_intercon_0/s00_couplers_imp_7HNO1D/design_1_axi_mem_intercon_imp_auto_pc_0/design_1_axi_mem_intercon_imp_auto_pc_0_axi_protocol_converter_v2_1_37_axi_protocol_converter/design_1_axi_mem_intercon_imp_auto_pc_0_axi_protocol_converter_v2_1_37_axi3_conv/design_1_axi_mem_intercon_imp_auto_pc_0_axi_protocol_converter_v2_1_37_a_axi3_conv/design_1_axi_mem_intercon_imp_auto_pc_0_axi_data_fifo_v2_1_36_axic_fifo/design_1_axi_mem_intercon_imp_auto_pc_0_axi_data_fifo_v2_1_36_fifo_gen_1/<hidden>/<hidden>/<hidden>/<hidden>/<hidden>/<hidden>
                         net (fo=3, routed)           0.108     1.155    design_1_wrapper/design_1/design_1_axi_mem_intercon_0/s00_couplers_imp_7HNO1D/design_1_axi_mem_intercon_imp_auto_pc_0/design_1_axi_mem_intercon_imp_auto_pc_0_axi_protocol_converter_v2_1_37_axi_protocol_converter/design_1_axi_mem_intercon_imp_auto_pc_0_axi_protocol_converter_v2_1_37_axi3_conv/design_1_axi_mem_intercon_imp_auto_pc_0_axi_protocol_converter_v2_1_37_a_axi3_conv/design_1_axi_mem_intercon_imp_auto_pc_0_axi_data_fifo_v2_1_36_axic_fifo/design_1_axi_mem_intercon_imp_auto_pc_0_axi_data_fifo_v2_1_36_fifo_gen_1/<hidden>/<hidden>/<hidden>/<hidden>/<hidden>
    SLICE_X45Y48         LUT3 (Prop_lut3_I2_O)        0.098     1.253 f  design_1_wrapper/design_1/design_1_axi_mem_intercon_0/s00_couplers_imp_7HNO1D/design_1_axi_mem_intercon_imp_auto_pc_0/design_1_axi_mem_intercon_imp_auto_pc_0_axi_protocol_converter_v2_1_37_axi_protocol_converter/design_1_axi_mem_intercon_imp_auto_pc_0_axi_protocol_converter_v2_1_37_axi3_conv/design_1_axi_mem_intercon_imp_auto_pc_0_axi_protocol_converter_v2_1_37_a_axi3_conv/design_1_axi_mem_intercon_imp_auto_pc_0_axi_data_fifo_v2_1_36_axic_fifo/design_1_axi_mem_intercon_imp_auto_pc_0_axi_data_fifo_v2_1_36_fifo_gen_1/<hidden>/<hidden>/<hidden>/<hidden>/<hidden>
                         net (fo=32, routed)          0.379     1.632    design_1_wrapper/design_1/design_1_axi_mem_intercon_0/s00_couplers_imp_7HNO1D/design_1_axi_mem_intercon_imp_auto_pc_0/design_1_axi_mem_intercon_imp_auto_pc_0_axi_protocol_converter_v2_1_37_axi_protocol_converter/design_1_axi_mem_intercon_imp_auto_pc_0_axi_protocol_converter_v2_1_37_axi3_conv/design_1_axi_mem_intercon_imp_auto_pc_0_axi_protocol_converter_v2_1_37_a_axi3_conv/design_1_axi_mem_intercon_imp_auto_pc_0_axi_data_fifo_v2_1_36_axic_fifo/design_1_axi_mem_intercon_imp_auto_pc_0_axi_data_fifo_v2_1_36_fifo_gen_1/<hidden>/<hidden>/<hidden>/<hidden>/<hidden>/<hidden>
    SLICE_X45Y50         FDCE                                         f  design_1_wrapper/design_1/design_1_axi_mem_intercon_0/s00_couplers_imp_7HNO1D/design_1_axi_mem_intercon_imp_auto_pc_0/design_1_axi_mem_intercon_imp_auto_pc_0_axi_protocol_converter_v2_1_37_axi_protocol_converter/design_1_axi_mem_intercon_imp_auto_pc_0_axi_protocol_converter_v2_1_37_axi3_conv/design_1_axi_mem_intercon_imp_auto_pc_0_axi_protocol_converter_v2_1_37_a_axi3_conv/design_1_axi_mem_intercon_imp_auto_pc_0_axi_data_fifo_v2_1_36_axic_fifo/design_1_axi_mem_intercon_imp_auto_pc_0_axi_data_fifo_v2_1_36_fifo_gen_1/<hidden>/<hidden>/<hidden>/<hidden>/<hidden>/<hidden>
  -------------------------------------------------------------------    -------------------

                         (clock clk_fpga_0 rise edge)
                                                      0.000     0.000 r  
    PS7_X0Y0             PS7                          0.000     0.000 r  design_1_i/processing_system7_0/inst/PS7_i/FCLKCLK[0]
                         net (fo=1, routed)           0.337     0.337    design_1_i/processing_system7_0/inst/FCLK_CLK_unbuffered[0]
    BUFGCTRL_X0Y16       BUFG (Prop_bufg_I_O)         0.029     0.366 r  design_1_i/processing_system7_0/inst/buffer_fclk_clk_0.FCLK_CLK_0_BUFG/O
                         net (fo=4149, routed)        0.825     1.191    design_1_wrapper/design_1/design_1_axi_mem_intercon_0/s00_couplers_imp_7HNO1D/design_1_axi_mem_intercon_imp_auto_pc_0/design_1_axi_mem_intercon_imp_auto_pc_0_axi_protocol_converter_v2_1_37_axi_protocol_converter/design_1_axi_mem_intercon_imp_auto_pc_0_axi_protocol_converter_v2_1_37_axi3_conv/design_1_axi_mem_intercon_imp_auto_pc_0_axi_protocol_converter_v2_1_37_a_axi3_conv/design_1_axi_mem_intercon_imp_auto_pc_0_axi_data_fifo_v2_1_36_axic_fifo/design_1_axi_mem_intercon_imp_auto_pc_0_axi_data_fifo_v2_1_36_fifo_gen_1/<hidden>/<hidden>/<hidden>/<hidden>/<hidden>/<hidden>
    SLICE_X45Y50         FDCE                                         r  design_1_wrapper/design_1/design_1_axi_mem_intercon_0/s00_couplers_imp_7HNO1D/design_1_axi_mem_intercon_imp_auto_pc_0/design_1_axi_mem_intercon_imp_auto_pc_0_axi_protocol_converter_v2_1_37_axi_protocol_converter/design_1_axi_mem_intercon_imp_auto_pc_0_axi_protocol_converter_v2_1_37_axi3_conv/design_1_axi_mem_intercon_imp_auto_pc_0_axi_protocol_converter_v2_1_37_a_axi3_conv/design_1_axi_mem_intercon_imp_auto_pc_0_axi_data_fifo_v2_1_36_axic_fifo/design_1_axi_mem_intercon_imp_auto_pc_0_axi_data_fifo_v2_1_36_fifo_gen_1/<hidden>/<hidden>/<hidden>/<hidden>/<hidden>/<hidden>
                         clock pessimism             -0.030     1.161    
    SLICE_X45Y50         FDCE (Remov_fdce_C_CLR)     -0.092     1.069    design_1_wrapper/design_1/design_1_axi_mem_intercon_0/s00_couplers_imp_7HNO1D/design_1_axi_mem_intercon_imp_auto_pc_0/design_1_axi_mem_intercon_imp_auto_pc_0_axi_protocol_converter_v2_1_37_axi_protocol_converter/design_1_axi_mem_intercon_imp_auto_pc_0_axi_protocol_converter_v2_1_37_axi3_conv/design_1_axi_mem_intercon_imp_auto_pc_0_axi_protocol_converter_v2_1_37_a_axi3_conv/design_1_axi_mem_intercon_imp_auto_pc_0_axi_data_fifo_v2_1_36_axic_fifo/design_1_axi_mem_intercon_imp_auto_pc_0_axi_data_fifo_v2_1_36_fifo_gen_1/<hidden>/<hidden>/<hidden>/<hidden>/<hidden>/<hidden>
  -------------------------------------------------------------------
                         required time                         -1.069    
                         arrival time                           1.632    
  -------------------------------------------------------------------
                         slack                                  0.563    

Slack (MET) :             0.563ns  (arrival time - required time)
  Source:                 design_1_wrapper/design_1/design_1_axi_mem_intercon_0/s00_couplers_imp_7HNO1D/design_1_axi_mem_intercon_imp_auto_pc_0/design_1_axi_mem_intercon_imp_auto_pc_0_axi_protocol_converter_v2_1_37_axi_protocol_converter/design_1_axi_mem_intercon_imp_auto_pc_0_axi_protocol_converter_v2_1_37_axi3_conv/design_1_axi_mem_intercon_imp_auto_pc_0_axi_protocol_converter_v2_1_37_a_axi3_conv/design_1_axi_mem_intercon_imp_auto_pc_0_axi_data_fifo_v2_1_36_axic_fifo/design_1_axi_mem_intercon_imp_auto_pc_0_axi_data_fifo_v2_1_36_fifo_gen_1/<hidden>/<hidden>/<hidden>/<hidden>/<hidden>/<hidden>
                            (rising edge-triggered cell FDPE clocked by clk_fpga_0  {rise@0.000ns fall@5.000ns period=10.000ns})
  Destination:            design_1_wrapper/design_1/design_1_axi_mem_intercon_0/s00_couplers_imp_7HNO1D/design_1_axi_mem_intercon_imp_auto_pc_0/design_1_axi_mem_intercon_imp_auto_pc_0_axi_protocol_converter_v2_1_37_axi_protocol_converter/design_1_axi_mem_intercon_imp_auto_pc_0_axi_protocol_converter_v2_1_37_axi3_conv/design_1_axi_mem_intercon_imp_auto_pc_0_axi_protocol_converter_v2_1_37_a_axi3_conv/design_1_axi_mem_intercon_imp_auto_pc_0_axi_data_fifo_v2_1_36_axic_fifo/design_1_axi_mem_intercon_imp_auto_pc_0_axi_data_fifo_v2_1_36_fifo_gen_1/<hidden>/<hidden>/<hidden>/<hidden>/<hidden>/<hidden>
                            (removal check against rising-edge clock clk_fpga_0  {rise@0.000ns fall@5.000ns period=10.000ns})
  Path Group:             **async_default**
  Path Type:              Removal (Min at Fast Process Corner)
  Requirement:            0.000ns  (clk_fpga_0 rise@0.000ns - clk_fpga_0 rise@0.000ns)
  Data Path Delay:        0.734ns  (logic 0.246ns (33.532%)  route 0.488ns (66.468%))
  Logic Levels:           1  (LUT3=1)
  Clock Path Skew:        0.262ns (DCD - SCD - CPR)
    Destination Clock Delay (DCD):    1.191ns
    Source Clock Delay      (SCD):    0.899ns
    Clock Pessimism Removal (CPR):    0.030ns

    Location             Delay type                Incr(ns)  Path(ns)    Netlist Resource(s)
  -------------------------------------------------------------------    -------------------
                         (clock clk_fpga_0 rise edge)
                                                      0.000     0.000 r  
    PS7_X0Y0             PS7                          0.000     0.000 r  design_1_i/processing_system7_0/inst/PS7_i/FCLKCLK[0]
                         net (fo=1, routed)           0.310     0.310    design_1_i/processing_system7_0/inst/FCLK_CLK_unbuffered[0]
    BUFGCTRL_X0Y16       BUFG (Prop_bufg_I_O)         0.026     0.336 r  design_1_i/processing_system7_0/inst/buffer_fclk_clk_0.FCLK_CLK_0_BUFG/O
                         net (fo=4149, routed)        0.563     0.899    design_1_wrapper/design_1/design_1_axi_mem_intercon_0/s00_couplers_imp_7HNO1D/design_1_axi_mem_intercon_imp_auto_pc_0/design_1_axi_mem_intercon_imp_auto_pc_0_axi_protocol_converter_v2_1_37_axi_protocol_converter/design_1_axi_mem_intercon_imp_auto_pc_0_axi_protocol_converter_v2_1_37_axi3_conv/design_1_axi_mem_intercon_imp_auto_pc_0_axi_protocol_converter_v2_1_37_a_axi3_conv/design_1_axi_mem_intercon_imp_auto_pc_0_axi_data_fifo_v2_1_36_axic_fifo/design_1_axi_mem_intercon_imp_auto_pc_0_axi_data_fifo_v2_1_36_fifo_gen_1/<hidden>/<hidden>/<hidden>/<hidden>/<hidden>/<hidden>
    SLICE_X46Y48         FDPE                                         r  design_1_wrapper/design_1/design_1_axi_mem_intercon_0/s00_couplers_imp_7HNO1D/design_1_axi_mem_intercon_imp_auto_pc_0/design_1_axi_mem_intercon_imp_auto_pc_0_axi_protocol_converter_v2_1_37_axi_protocol_converter/design_1_axi_mem_intercon_imp_auto_pc_0_axi_protocol_converter_v2_1_37_axi3_conv/design_1_axi_mem_intercon_imp_auto_pc_0_axi_protocol_converter_v2_1_37_a_axi3_conv/design_1_axi_mem_intercon_imp_auto_pc_0_axi_data_fifo_v2_1_36_axic_fifo/design_1_axi_mem_intercon_imp_auto_pc_0_axi_data_fifo_v2_1_36_fifo_gen_1/<hidden>/<hidden>/<hidden>/<hidden>/<hidden>/<hidden>
  -------------------------------------------------------------------    -------------------
    SLICE_X46Y48         FDPE (Prop_fdpe_C_Q)         0.148     1.047 f  design_1_wrapper/design_1/design_1_axi_mem_intercon_0/s00_couplers_imp_7HNO1D/design_1_axi_mem_intercon_imp_auto_pc_0/design_1_axi_mem_intercon_imp_auto_pc_0_axi_protocol_converter_v2_1_37_axi_protocol_converter/design_1_axi_mem_intercon_imp_auto_pc_0_axi_protocol_converter_v2_1_37_axi3_conv/design_1_axi_mem_intercon_imp_auto_pc_0_axi_protocol_converter_v2_1_37_a_axi3_conv/design_1_axi_mem_intercon_imp_auto_pc_0_axi_data_fifo_v2_1_36_axic_fifo/design_1_axi_mem_intercon_imp_auto_pc_0_axi_data_fifo_v2_1_36_fifo_gen_1/<hidden>/<hidden>/<hidden>/<hidden>/<hidden>/<hidden>
                         net (fo=3, routed)           0.108     1.155    design_1_wrapper/design_1/design_1_axi_mem_intercon_0/s00_couplers_imp_7HNO1D/design_1_axi_mem_intercon_imp_auto_pc_0/design_1_axi_mem_intercon_imp_auto_pc_0_axi_protocol_converter_v2_1_37_axi_protocol_converter/design_1_axi_mem_intercon_imp_auto_pc_0_axi_protocol_converter_v2_1_37_axi3_conv/design_1_axi_mem_intercon_imp_auto_pc_0_axi_protocol_converter_v2_1_37_a_axi3_conv/design_1_axi_mem_intercon_imp_auto_pc_0_axi_data_fifo_v2_1_36_axic_fifo/design_1_axi_mem_intercon_imp_auto_pc_0_axi_data_fifo_v2_1_36_fifo_gen_1/<hidden>/<hidden>/<hidden>/<hidden>/<hidden>
    SLICE_X45Y48         LUT3 (Prop_lut3_I2_O)        0.098     1.253 f  design_1_wrapper/design_1/design_1_axi_mem_intercon_0/s00_couplers_imp_7HNO1D/design_1_axi_mem_intercon_imp_auto_pc_0/design_1_axi_mem_intercon_imp_auto_pc_0_axi_protocol_converter_v2_1_37_axi_protocol_converter/design_1_axi_mem_intercon_imp_auto_pc_0_axi_protocol_converter_v2_1_37_axi3_conv/design_1_axi_mem_intercon_imp_auto_pc_0_axi_protocol_converter_v2_1_37_a_axi3_conv/design_1_axi_mem_intercon_imp_auto_pc_0_axi_data_fifo_v2_1_36_axic_fifo/design_1_axi_mem_intercon_imp_auto_pc_0_axi_data_fifo_v2_1_36_fifo_gen_1/<hidden>/<hidden>/<hidden>/<hidden>/<hidden>
                         net (fo=32, routed)          0.379     1.632    design_1_wrapper/design_1/design_1_axi_mem_intercon_0/s00_couplers_imp_7HNO1D/design_1_axi_mem_intercon_imp_auto_pc_0/design_1_axi_mem_intercon_imp_auto_pc_0_axi_protocol_converter_v2_1_37_axi_protocol_converter/design_1_axi_mem_intercon_imp_auto_pc_0_axi_protocol_converter_v2_1_37_axi3_conv/design_1_axi_mem_intercon_imp_auto_pc_0_axi_protocol_converter_v2_1_37_a_axi3_conv/design_1_axi_mem_intercon_imp_auto_pc_0_axi_data_fifo_v2_1_36_axic_fifo/design_1_axi_mem_intercon_imp_auto_pc_0_axi_data_fifo_v2_1_36_fifo_gen_1/<hidden>/<hidden>/<hidden>/<hidden>/<hidden>/<hidden>
    SLICE_X45Y50         FDCE                                         f  design_1_wrapper/design_1/design_1_axi_mem_intercon_0/s00_couplers_imp_7HNO1D/design_1_axi_mem_intercon_imp_auto_pc_0/design_1_axi_mem_intercon_imp_auto_pc_0_axi_protocol_converter_v2_1_37_axi_protocol_converter/design_1_axi_mem_intercon_imp_auto_pc_0_axi_protocol_converter_v2_1_37_axi3_conv/design_1_axi_mem_intercon_imp_auto_pc_0_axi_protocol_converter_v2_1_37_a_axi3_conv/design_1_axi_mem_intercon_imp_auto_pc_0_axi_data_fifo_v2_1_36_axic_fifo/design_1_axi_mem_intercon_imp_auto_pc_0_axi_data_fifo_v2_1_36_fifo_gen_1/<hidden>/<hidden>/<hidden>/<hidden>/<hidden>/<hidden>
  -------------------------------------------------------------------    -------------------

                         (clock clk_fpga_0 rise edge)
                                                      0.000     0.000 r  
    PS7_X0Y0             PS7                          0.000     0.000 r  design_1_i/processing_system7_0/inst/PS7_i/FCLKCLK[0]
                         net (fo=1, routed)           0.337     0.337    design_1_i/processing_system7_0/inst/FCLK_CLK_unbuffered[0]
    BUFGCTRL_X0Y16       BUFG (Prop_bufg_I_O)         0.029     0.366 r  design_1_i/processing_system7_0/inst/buffer_fclk_clk_0.FCLK_CLK_0_BUFG/O
                         net (fo=4149, routed)        0.825     1.191    design_1_wrapper/design_1/design_1_axi_mem_intercon_0/s00_couplers_imp_7HNO1D/design_1_axi_mem_intercon_imp_auto_pc_0/design_1_axi_mem_intercon_imp_auto_pc_0_axi_protocol_converter_v2_1_37_axi_protocol_converter/design_1_axi_mem_intercon_imp_auto_pc_0_axi_protocol_converter_v2_1_37_axi3_conv/design_1_axi_mem_intercon_imp_auto_pc_0_axi_protocol_converter_v2_1_37_a_axi3_conv/design_1_axi_mem_intercon_imp_auto_pc_0_axi_data_fifo_v2_1_36_axic_fifo/design_1_axi_mem_intercon_imp_auto_pc_0_axi_data_fifo_v2_1_36_fifo_gen_1/<hidden>/<hidden>/<hidden>/<hidden>/<hidden>/<hidden>
    SLICE_X45Y50         FDCE                                         r  design_1_wrapper/design_1/design_1_axi_mem_intercon_0/s00_couplers_imp_7HNO1D/design_1_axi_mem_intercon_imp_auto_pc_0/design_1_axi_mem_intercon_imp_auto_pc_0_axi_protocol_converter_v2_1_37_axi_protocol_converter/design_1_axi_mem_intercon_imp_auto_pc_0_axi_protocol_converter_v2_1_37_axi3_conv/design_1_axi_mem_intercon_imp_auto_pc_0_axi_protocol_converter_v2_1_37_a_axi3_conv/design_1_axi_mem_intercon_imp_auto_pc_0_axi_data_fifo_v2_1_36_axic_fifo/design_1_axi_mem_intercon_imp_auto_pc_0_axi_data_fifo_v2_1_36_fifo_gen_1/<hidden>/<hidden>/<hidden>/<hidden>/<hidden>/<hidden>
                         clock pessimism             -0.030     1.161    
    SLICE_X45Y50         FDCE (Remov_fdce_C_CLR)     -0.092     1.069    design_1_wrapper/design_1/design_1_axi_mem_intercon_0/s00_couplers_imp_7HNO1D/design_1_axi_mem_intercon_imp_auto_pc_0/design_1_axi_mem_intercon_imp_auto_pc_0_axi_protocol_converter_v2_1_37_axi_protocol_converter/design_1_axi_mem_intercon_imp_auto_pc_0_axi_protocol_converter_v2_1_37_axi3_conv/design_1_axi_mem_intercon_imp_auto_pc_0_axi_protocol_converter_v2_1_37_a_axi3_conv/design_1_axi_mem_intercon_imp_auto_pc_0_axi_data_fifo_v2_1_36_axic_fifo/design_1_axi_mem_intercon_imp_auto_pc_0_axi_data_fifo_v2_1_36_fifo_gen_1/<hidden>/<hidden>/<hidden>/<hidden>/<hidden>/<hidden>
  -------------------------------------------------------------------
                         required time                         -1.069    
                         arrival time                           1.632    
  -------------------------------------------------------------------
                         slack                                  0.563    

Slack (MET) :             0.563ns  (arrival time - required time)
  Source:                 design_1_wrapper/design_1/design_1_axi_mem_intercon_0/s00_couplers_imp_7HNO1D/design_1_axi_mem_intercon_imp_auto_pc_0/design_1_axi_mem_intercon_imp_auto_pc_0_axi_protocol_converter_v2_1_37_axi_protocol_converter/design_1_axi_mem_intercon_imp_auto_pc_0_axi_protocol_converter_v2_1_37_axi3_conv/design_1_axi_mem_intercon_imp_auto_pc_0_axi_protocol_converter_v2_1_37_a_axi3_conv/design_1_axi_mem_intercon_imp_auto_pc_0_axi_data_fifo_v2_1_36_axic_fifo/design_1_axi_mem_intercon_imp_auto_pc_0_axi_data_fifo_v2_1_36_fifo_gen_1/<hidden>/<hidden>/<hidden>/<hidden>/<hidden>/<hidden>
                            (rising edge-triggered cell FDPE clocked by clk_fpga_0  {rise@0.000ns fall@5.000ns period=10.000ns})
  Destination:            design_1_wrapper/design_1/design_1_axi_mem_intercon_0/s00_couplers_imp_7HNO1D/design_1_axi_mem_intercon_imp_auto_pc_0/design_1_axi_mem_intercon_imp_auto_pc_0_axi_protocol_converter_v2_1_37_axi_protocol_converter/design_1_axi_mem_intercon_imp_auto_pc_0_axi_protocol_converter_v2_1_37_axi3_conv/design_1_axi_mem_intercon_imp_auto_pc_0_axi_protocol_converter_v2_1_37_a_axi3_conv/design_1_axi_mem_intercon_imp_auto_pc_0_axi_data_fifo_v2_1_36_axic_fifo/design_1_axi_mem_intercon_imp_auto_pc_0_axi_data_fifo_v2_1_36_fifo_gen_1/<hidden>/<hidden>/<hidden>/<hidden>/<hidden>/<hidden>
                            (removal check against rising-edge clock clk_fpga_0  {rise@0.000ns fall@5.000ns period=10.000ns})
  Path Group:             **async_default**
  Path Type:              Removal (Min at Fast Process Corner)
  Requirement:            0.000ns  (clk_fpga_0 rise@0.000ns - clk_fpga_0 rise@0.000ns)
  Data Path Delay:        0.734ns  (logic 0.246ns (33.532%)  route 0.488ns (66.468%))
  Logic Levels:           1  (LUT3=1)
  Clock Path Skew:        0.262ns (DCD - SCD - CPR)
    Destination Clock Delay (DCD):    1.191ns
    Source Clock Delay      (SCD):    0.899ns
    Clock Pessimism Removal (CPR):    0.030ns

    Location             Delay type                Incr(ns)  Path(ns)    Netlist Resource(s)
  -------------------------------------------------------------------    -------------------
                         (clock clk_fpga_0 rise edge)
                                                      0.000     0.000 r  
    PS7_X0Y0             PS7                          0.000     0.000 r  design_1_i/processing_system7_0/inst/PS7_i/FCLKCLK[0]
                         net (fo=1, routed)           0.310     0.310    design_1_i/processing_system7_0/inst/FCLK_CLK_unbuffered[0]
    BUFGCTRL_X0Y16       BUFG (Prop_bufg_I_O)         0.026     0.336 r  design_1_i/processing_system7_0/inst/buffer_fclk_clk_0.FCLK_CLK_0_BUFG/O
                         net (fo=4149, routed)        0.563     0.899    design_1_wrapper/design_1/design_1_axi_mem_intercon_0/s00_couplers_imp_7HNO1D/design_1_axi_mem_intercon_imp_auto_pc_0/design_1_axi_mem_intercon_imp_auto_pc_0_axi_protocol_converter_v2_1_37_axi_protocol_converter/design_1_axi_mem_intercon_imp_auto_pc_0_axi_protocol_converter_v2_1_37_axi3_conv/design_1_axi_mem_intercon_imp_auto_pc_0_axi_protocol_converter_v2_1_37_a_axi3_conv/design_1_axi_mem_intercon_imp_auto_pc_0_axi_data_fifo_v2_1_36_axic_fifo/design_1_axi_mem_intercon_imp_auto_pc_0_axi_data_fifo_v2_1_36_fifo_gen_1/<hidden>/<hidden>/<hidden>/<hidden>/<hidden>/<hidden>
    SLICE_X46Y48         FDPE                                         r  design_1_wrapper/design_1/design_1_axi_mem_intercon_0/s00_couplers_imp_7HNO1D/design_1_axi_mem_intercon_imp_auto_pc_0/design_1_axi_mem_intercon_imp_auto_pc_0_axi_protocol_converter_v2_1_37_axi_protocol_converter/design_1_axi_mem_intercon_imp_auto_pc_0_axi_protocol_converter_v2_1_37_axi3_conv/design_1_axi_mem_intercon_imp_auto_pc_0_axi_protocol_converter_v2_1_37_a_axi3_conv/design_1_axi_mem_intercon_imp_auto_pc_0_axi_data_fifo_v2_1_36_axic_fifo/design_1_axi_mem_intercon_imp_auto_pc_0_axi_data_fifo_v2_1_36_fifo_gen_1/<hidden>/<hidden>/<hidden>/<hidden>/<hidden>/<hidden>
  -------------------------------------------------------------------    -------------------
    SLICE_X46Y48         FDPE (Prop_fdpe_C_Q)         0.148     1.047 f  design_1_wrapper/design_1/design_1_axi_mem_intercon_0/s00_couplers_imp_7HNO1D/design_1_axi_mem_intercon_imp_auto_pc_0/design_1_axi_mem_intercon_imp_auto_pc_0_axi_protocol_converter_v2_1_37_axi_protocol_converter/design_1_axi_mem_intercon_imp_auto_pc_0_axi_protocol_converter_v2_1_37_axi3_conv/design_1_axi_mem_intercon_imp_auto_pc_0_axi_protocol_converter_v2_1_37_a_axi3_conv/design_1_axi_mem_intercon_imp_auto_pc_0_axi_data_fifo_v2_1_36_axic_fifo/design_1_axi_mem_intercon_imp_auto_pc_0_axi_data_fifo_v2_1_36_fifo_gen_1/<hidden>/<hidden>/<hidden>/<hidden>/<hidden>/<hidden>
                         net (fo=3, routed)           0.108     1.155    design_1_wrapper/design_1/design_1_axi_mem_intercon_0/s00_couplers_imp_7HNO1D/design_1_axi_mem_intercon_imp_auto_pc_0/design_1_axi_mem_intercon_imp_auto_pc_0_axi_protocol_converter_v2_1_37_axi_protocol_converter/design_1_axi_mem_intercon_imp_auto_pc_0_axi_protocol_converter_v2_1_37_axi3_conv/design_1_axi_mem_intercon_imp_auto_pc_0_axi_protocol_converter_v2_1_37_a_axi3_conv/design_1_axi_mem_intercon_imp_auto_pc_0_axi_data_fifo_v2_1_36_axic_fifo/design_1_axi_mem_intercon_imp_auto_pc_0_axi_data_fifo_v2_1_36_fifo_gen_1/<hidden>/<hidden>/<hidden>/<hidden>/<hidden>
    SLICE_X45Y48         LUT3 (Prop_lut3_I2_O)        0.098     1.253 f  design_1_wrapper/design_1/design_1_axi_mem_intercon_0/s00_couplers_imp_7HNO1D/design_1_axi_mem_intercon_imp_auto_pc_0/design_1_axi_mem_intercon_imp_auto_pc_0_axi_protocol_converter_v2_1_37_axi_protocol_converter/design_1_axi_mem_intercon_imp_auto_pc_0_axi_protocol_converter_v2_1_37_axi3_conv/design_1_axi_mem_intercon_imp_auto_pc_0_axi_protocol_converter_v2_1_37_a_axi3_conv/design_1_axi_mem_intercon_imp_auto_pc_0_axi_data_fifo_v2_1_36_axic_fifo/design_1_axi_mem_intercon_imp_auto_pc_0_axi_data_fifo_v2_1_36_fifo_gen_1/<hidden>/<hidden>/<hidden>/<hidden>/<hidden>
                         net (fo=32, routed)          0.379     1.632    design_1_wrapper/design_1/design_1_axi_mem_intercon_0/s00_couplers_imp_7HNO1D/design_1_axi_mem_intercon_imp_auto_pc_0/design_1_axi_mem_intercon_imp_auto_pc_0_axi_protocol_converter_v2_1_37_axi_protocol_converter/design_1_axi_mem_intercon_imp_auto_pc_0_axi_protocol_converter_v2_1_37_axi3_conv/design_1_axi_mem_intercon_imp_auto_pc_0_axi_protocol_converter_v2_1_37_a_axi3_conv/design_1_axi_mem_intercon_imp_auto_pc_0_axi_data_fifo_v2_1_36_axic_fifo/design_1_axi_mem_intercon_imp_auto_pc_0_axi_data_fifo_v2_1_36_fifo_gen_1/<hidden>/<hidden>/<hidden>/<hidden>/<hidden>/<hidden>
    SLICE_X45Y50         FDCE                                         f  design_1_wrapper/design_1/design_1_axi_mem_intercon_0/s00_couplers_imp_7HNO1D/design_1_axi_mem_intercon_imp_auto_pc_0/design_1_axi_mem_intercon_imp_auto_pc_0_axi_protocol_converter_v2_1_37_axi_protocol_converter/design_1_axi_mem_intercon_imp_auto_pc_0_axi_protocol_converter_v2_1_37_axi3_conv/design_1_axi_mem_intercon_imp_auto_pc_0_axi_protocol_converter_v2_1_37_a_axi3_conv/design_1_axi_mem_intercon_imp_auto_pc_0_axi_data_fifo_v2_1_36_axic_fifo/design_1_axi_mem_intercon_imp_auto_pc_0_axi_data_fifo_v2_1_36_fifo_gen_1/<hidden>/<hidden>/<hidden>/<hidden>/<hidden>/<hidden>
  -------------------------------------------------------------------    -------------------

                         (clock clk_fpga_0 rise edge)
                                                      0.000     0.000 r  
    PS7_X0Y0             PS7                          0.000     0.000 r  design_1_i/processing_system7_0/inst/PS7_i/FCLKCLK[0]
                         net (fo=1, routed)           0.337     0.337    design_1_i/processing_system7_0/inst/FCLK_CLK_unbuffered[0]
    BUFGCTRL_X0Y16       BUFG (Prop_bufg_I_O)         0.029     0.366 r  design_1_i/processing_system7_0/inst/buffer_fclk_clk_0.FCLK_CLK_0_BUFG/O
                         net (fo=4149, routed)        0.825     1.191    design_1_wrapper/design_1/design_1_axi_mem_intercon_0/s00_couplers_imp_7HNO1D/design_1_axi_mem_intercon_imp_auto_pc_0/design_1_axi_mem_intercon_imp_auto_pc_0_axi_protocol_converter_v2_1_37_axi_protocol_converter/design_1_axi_mem_intercon_imp_auto_pc_0_axi_protocol_converter_v2_1_37_axi3_conv/design_1_axi_mem_intercon_imp_auto_pc_0_axi_protocol_converter_v2_1_37_a_axi3_conv/design_1_axi_mem_intercon_imp_auto_pc_0_axi_data_fifo_v2_1_36_axic_fifo/design_1_axi_mem_intercon_imp_auto_pc_0_axi_data_fifo_v2_1_36_fifo_gen_1/<hidden>/<hidden>/<hidden>/<hidden>/<hidden>/<hidden>
    SLICE_X45Y50         FDCE                                         r  design_1_wrapper/design_1/design_1_axi_mem_intercon_0/s00_couplers_imp_7HNO1D/design_1_axi_mem_intercon_imp_auto_pc_0/design_1_axi_mem_intercon_imp_auto_pc_0_axi_protocol_converter_v2_1_37_axi_protocol_converter/design_1_axi_mem_intercon_imp_auto_pc_0_axi_protocol_converter_v2_1_37_axi3_conv/design_1_axi_mem_intercon_imp_auto_pc_0_axi_protocol_converter_v2_1_37_a_axi3_conv/design_1_axi_mem_intercon_imp_auto_pc_0_axi_data_fifo_v2_1_36_axic_fifo/design_1_axi_mem_intercon_imp_auto_pc_0_axi_data_fifo_v2_1_36_fifo_gen_1/<hidden>/<hidden>/<hidden>/<hidden>/<hidden>/<hidden>
                         clock pessimism             -0.030     1.161    
    SLICE_X45Y50         FDCE (Remov_fdce_C_CLR)     -0.092     1.069    design_1_wrapper/design_1/design_1_axi_mem_intercon_0/s00_couplers_imp_7HNO1D/design_1_axi_mem_intercon_imp_auto_pc_0/design_1_axi_mem_intercon_imp_auto_pc_0_axi_protocol_converter_v2_1_37_axi_protocol_converter/design_1_axi_mem_intercon_imp_auto_pc_0_axi_protocol_converter_v2_1_37_axi3_conv/design_1_axi_mem_intercon_imp_auto_pc_0_axi_protocol_converter_v2_1_37_a_axi3_conv/design_1_axi_mem_intercon_imp_auto_pc_0_axi_data_fifo_v2_1_36_axic_fifo/design_1_axi_mem_intercon_imp_auto_pc_0_axi_data_fifo_v2_1_36_fifo_gen_1/<hidden>/<hidden>/<hidden>/<hidden>/<hidden>/<hidden>
  -------------------------------------------------------------------
                         required time                         -1.069    
                         arrival time                           1.632    
  -------------------------------------------------------------------
                         slack                                  0.563    

Slack (MET) :             0.566ns  (arrival time - required time)
  Source:                 design_1_wrapper/design_1/design_1_axi_mem_intercon_0/s00_couplers_imp_7HNO1D/design_1_axi_mem_intercon_imp_auto_pc_0/design_1_axi_mem_intercon_imp_auto_pc_0_axi_protocol_converter_v2_1_37_axi_protocol_converter/design_1_axi_mem_intercon_imp_auto_pc_0_axi_protocol_converter_v2_1_37_axi3_conv/design_1_axi_mem_intercon_imp_auto_pc_0_axi_protocol_converter_v2_1_37_a_axi3_conv/design_1_axi_mem_intercon_imp_auto_pc_0_axi_data_fifo_v2_1_36_axic_fifo/design_1_axi_mem_intercon_imp_auto_pc_0_axi_data_fifo_v2_1_36_fifo_gen_1/<hidden>/<hidden>/<hidden>/<hidden>/<hidden>/<hidden>
                            (rising edge-triggered cell FDPE clocked by clk_fpga_0  {rise@0.000ns fall@5.000ns period=10.000ns})
  Destination:            design_1_wrapper/design_1/design_1_axi_mem_intercon_0/s00_couplers_imp_7HNO1D/design_1_axi_mem_intercon_imp_auto_pc_0/design_1_axi_mem_intercon_imp_auto_pc_0_axi_protocol_converter_v2_1_37_axi_protocol_converter/design_1_axi_mem_intercon_imp_auto_pc_0_axi_protocol_converter_v2_1_37_axi3_conv/design_1_axi_mem_intercon_imp_auto_pc_0_axi_protocol_converter_v2_1_37_a_axi3_conv/design_1_axi_mem_intercon_imp_auto_pc_0_axi_data_fifo_v2_1_36_axic_fifo/design_1_axi_mem_intercon_imp_auto_pc_0_axi_data_fifo_v2_1_36_fifo_gen_1/<hidden>/<hidden>/<hidden>/<hidden>/<hidden>/<hidden>
                            (removal check against rising-edge clock clk_fpga_0  {rise@0.000ns fall@5.000ns period=10.000ns})
  Path Group:             **async_default**
  Path Type:              Removal (Min at Fast Process Corner)
  Requirement:            0.000ns  (clk_fpga_0 rise@0.000ns - clk_fpga_0 rise@0.000ns)
  Data Path Delay:        0.737ns  (logic 0.246ns (33.398%)  route 0.491ns (66.602%))
  Logic Levels:           1  (LUT3=1)
  Clock Path Skew:        0.262ns (DCD - SCD - CPR)
    Destination Clock Delay (DCD):    1.191ns
    Source Clock Delay      (SCD):    0.899ns
    Clock Pessimism Removal (CPR):    0.030ns

    Location             Delay type                Incr(ns)  Path(ns)    Netlist Resource(s)
  -------------------------------------------------------------------    -------------------
                         (clock clk_fpga_0 rise edge)
                                                      0.000     0.000 r  
    PS7_X0Y0             PS7                          0.000     0.000 r  design_1_i/processing_system7_0/inst/PS7_i/FCLKCLK[0]
                         net (fo=1, routed)           0.310     0.310    design_1_i/processing_system7_0/inst/FCLK_CLK_unbuffered[0]
    BUFGCTRL_X0Y16       BUFG (Prop_bufg_I_O)         0.026     0.336 r  design_1_i/processing_system7_0/inst/buffer_fclk_clk_0.FCLK_CLK_0_BUFG/O
                         net (fo=4149, routed)        0.563     0.899    design_1_wrapper/design_1/design_1_axi_mem_intercon_0/s00_couplers_imp_7HNO1D/design_1_axi_mem_intercon_imp_auto_pc_0/design_1_axi_mem_intercon_imp_auto_pc_0_axi_protocol_converter_v2_1_37_axi_protocol_converter/design_1_axi_mem_intercon_imp_auto_pc_0_axi_protocol_converter_v2_1_37_axi3_conv/design_1_axi_mem_intercon_imp_auto_pc_0_axi_protocol_converter_v2_1_37_a_axi3_conv/design_1_axi_mem_intercon_imp_auto_pc_0_axi_data_fifo_v2_1_36_axic_fifo/design_1_axi_mem_intercon_imp_auto_pc_0_axi_data_fifo_v2_1_36_fifo_gen_1/<hidden>/<hidden>/<hidden>/<hidden>/<hidden>/<hidden>
    SLICE_X46Y48         FDPE                                         r  design_1_wrapper/design_1/design_1_axi_mem_intercon_0/s00_couplers_imp_7HNO1D/design_1_axi_mem_intercon_imp_auto_pc_0/design_1_axi_mem_intercon_imp_auto_pc_0_axi_protocol_converter_v2_1_37_axi_protocol_converter/design_1_axi_mem_intercon_imp_auto_pc_0_axi_protocol_converter_v2_1_37_axi3_conv/design_1_axi_mem_intercon_imp_auto_pc_0_axi_protocol_converter_v2_1_37_a_axi3_conv/design_1_axi_mem_intercon_imp_auto_pc_0_axi_data_fifo_v2_1_36_axic_fifo/design_1_axi_mem_intercon_imp_auto_pc_0_axi_data_fifo_v2_1_36_fifo_gen_1/<hidden>/<hidden>/<hidden>/<hidden>/<hidden>/<hidden>
  -------------------------------------------------------------------    -------------------
    SLICE_X46Y48         FDPE (Prop_fdpe_C_Q)         0.148     1.047 f  design_1_wrapper/design_1/design_1_axi_mem_intercon_0/s00_couplers_imp_7HNO1D/design_1_axi_mem_intercon_imp_auto_pc_0/design_1_axi_mem_intercon_imp_auto_pc_0_axi_protocol_converter_v2_1_37_axi_protocol_converter/design_1_axi_mem_intercon_imp_auto_pc_0_axi_protocol_converter_v2_1_37_axi3_conv/design_1_axi_mem_intercon_imp_auto_pc_0_axi_protocol_converter_v2_1_37_a_axi3_conv/design_1_axi_mem_intercon_imp_auto_pc_0_axi_data_fifo_v2_1_36_axic_fifo/design_1_axi_mem_intercon_imp_auto_pc_0_axi_data_fifo_v2_1_36_fifo_gen_1/<hidden>/<hidden>/<hidden>/<hidden>/<hidden>/<hidden>
                         net (fo=3, routed)           0.108     1.155    design_1_wrapper/design_1/design_1_axi_mem_intercon_0/s00_couplers_imp_7HNO1D/design_1_axi_mem_intercon_imp_auto_pc_0/design_1_axi_mem_intercon_imp_auto_pc_0_axi_protocol_converter_v2_1_37_axi_protocol_converter/design_1_axi_mem_intercon_imp_auto_pc_0_axi_protocol_converter_v2_1_37_axi3_conv/design_1_axi_mem_intercon_imp_auto_pc_0_axi_protocol_converter_v2_1_37_a_axi3_conv/design_1_axi_mem_intercon_imp_auto_pc_0_axi_data_fifo_v2_1_36_axic_fifo/design_1_axi_mem_intercon_imp_auto_pc_0_axi_data_fifo_v2_1_36_fifo_gen_1/<hidden>/<hidden>/<hidden>/<hidden>/<hidden>
    SLICE_X45Y48         LUT3 (Prop_lut3_I2_O)        0.098     1.253 f  design_1_wrapper/design_1/design_1_axi_mem_intercon_0/s00_couplers_imp_7HNO1D/design_1_axi_mem_intercon_imp_auto_pc_0/design_1_axi_mem_intercon_imp_auto_pc_0_axi_protocol_converter_v2_1_37_axi_protocol_converter/design_1_axi_mem_intercon_imp_auto_pc_0_axi_protocol_converter_v2_1_37_axi3_conv/design_1_axi_mem_intercon_imp_auto_pc_0_axi_protocol_converter_v2_1_37_a_axi3_conv/design_1_axi_mem_intercon_imp_auto_pc_0_axi_data_fifo_v2_1_36_axic_fifo/design_1_axi_mem_intercon_imp_auto_pc_0_axi_data_fifo_v2_1_36_fifo_gen_1/<hidden>/<hidden>/<hidden>/<hidden>/<hidden>
                         net (fo=32, routed)          0.382     1.635    design_1_wrapper/design_1/design_1_axi_mem_intercon_0/s00_couplers_imp_7HNO1D/design_1_axi_mem_intercon_imp_auto_pc_0/design_1_axi_mem_intercon_imp_auto_pc_0_axi_protocol_converter_v2_1_37_axi_protocol_converter/design_1_axi_mem_intercon_imp_auto_pc_0_axi_protocol_converter_v2_1_37_axi3_conv/design_1_axi_mem_intercon_imp_auto_pc_0_axi_protocol_converter_v2_1_37_a_axi3_conv/design_1_axi_mem_intercon_imp_auto_pc_0_axi_data_fifo_v2_1_36_axic_fifo/design_1_axi_mem_intercon_imp_auto_pc_0_axi_data_fifo_v2_1_36_fifo_gen_1/<hidden>/<hidden>/<hidden>/<hidden>/<hidden>/<hidden>
    SLICE_X47Y51         FDCE                                         f  design_1_wrapper/design_1/design_1_axi_mem_intercon_0/s00_couplers_imp_7HNO1D/design_1_axi_mem_intercon_imp_auto_pc_0/design_1_axi_mem_intercon_imp_auto_pc_0_axi_protocol_converter_v2_1_37_axi_protocol_converter/design_1_axi_mem_intercon_imp_auto_pc_0_axi_protocol_converter_v2_1_37_axi3_conv/design_1_axi_mem_intercon_imp_auto_pc_0_axi_protocol_converter_v2_1_37_a_axi3_conv/design_1_axi_mem_intercon_imp_auto_pc_0_axi_data_fifo_v2_1_36_axic_fifo/design_1_axi_mem_intercon_imp_auto_pc_0_axi_data_fifo_v2_1_36_fifo_gen_1/<hidden>/<hidden>/<hidden>/<hidden>/<hidden>/<hidden>
  -------------------------------------------------------------------    -------------------

                         (clock clk_fpga_0 rise edge)
                                                      0.000     0.000 r  
    PS7_X0Y0             PS7                          0.000     0.000 r  design_1_i/processing_system7_0/inst/PS7_i/FCLKCLK[0]
                         net (fo=1, routed)           0.337     0.337    design_1_i/processing_system7_0/inst/FCLK_CLK_unbuffered[0]
    BUFGCTRL_X0Y16       BUFG (Prop_bufg_I_O)         0.029     0.366 r  design_1_i/processing_system7_0/inst/buffer_fclk_clk_0.FCLK_CLK_0_BUFG/O
                         net (fo=4149, routed)        0.825     1.191    design_1_wrapper/design_1/design_1_axi_mem_intercon_0/s00_couplers_imp_7HNO1D/design_1_axi_mem_intercon_imp_auto_pc_0/design_1_axi_mem_intercon_imp_auto_pc_0_axi_protocol_converter_v2_1_37_axi_protocol_converter/design_1_axi_mem_intercon_imp_auto_pc_0_axi_protocol_converter_v2_1_37_axi3_conv/design_1_axi_mem_intercon_imp_auto_pc_0_axi_protocol_converter_v2_1_37_a_axi3_conv/design_1_axi_mem_intercon_imp_auto_pc_0_axi_data_fifo_v2_1_36_axic_fifo/design_1_axi_mem_intercon_imp_auto_pc_0_axi_data_fifo_v2_1_36_fifo_gen_1/<hidden>/<hidden>/<hidden>/<hidden>/<hidden>/<hidden>
    SLICE_X47Y51         FDCE                                         r  design_1_wrapper/design_1/design_1_axi_mem_intercon_0/s00_couplers_imp_7HNO1D/design_1_axi_mem_intercon_imp_auto_pc_0/design_1_axi_mem_intercon_imp_auto_pc_0_axi_protocol_converter_v2_1_37_axi_protocol_converter/design_1_axi_mem_intercon_imp_auto_pc_0_axi_protocol_converter_v2_1_37_axi3_conv/design_1_axi_mem_intercon_imp_auto_pc_0_axi_protocol_converter_v2_1_37_a_axi3_conv/design_1_axi_mem_intercon_imp_auto_pc_0_axi_data_fifo_v2_1_36_axic_fifo/design_1_axi_mem_intercon_imp_auto_pc_0_axi_data_fifo_v2_1_36_fifo_gen_1/<hidden>/<hidden>/<hidden>/<hidden>/<hidden>/<hidden>
                         clock pessimism             -0.030     1.161    
    SLICE_X47Y51         FDCE (Remov_fdce_C_CLR)     -0.092     1.069    design_1_wrapper/design_1/design_1_axi_mem_intercon_0/s00_couplers_imp_7HNO1D/design_1_axi_mem_intercon_imp_auto_pc_0/design_1_axi_mem_intercon_imp_auto_pc_0_axi_protocol_converter_v2_1_37_axi_protocol_converter/design_1_axi_mem_intercon_imp_auto_pc_0_axi_protocol_converter_v2_1_37_axi3_conv/design_1_axi_mem_intercon_imp_auto_pc_0_axi_protocol_converter_v2_1_37_a_axi3_conv/design_1_axi_mem_intercon_imp_auto_pc_0_axi_data_fifo_v2_1_36_axic_fifo/design_1_axi_mem_intercon_imp_auto_pc_0_axi_data_fifo_v2_1_36_fifo_gen_1/<hidden>/<hidden>/<hidden>/<hidden>/<hidden>/<hidden>
  -------------------------------------------------------------------
                         required time                         -1.069    
                         arrival time                           1.635    
  -------------------------------------------------------------------
                         slack                                  0.566    

Slack (MET) :             0.566ns  (arrival time - required time)
  Source:                 design_1_wrapper/design_1/design_1_axi_mem_intercon_0/s00_couplers_imp_7HNO1D/design_1_axi_mem_intercon_imp_auto_pc_0/design_1_axi_mem_intercon_imp_auto_pc_0_axi_protocol_converter_v2_1_37_axi_protocol_converter/design_1_axi_mem_intercon_imp_auto_pc_0_axi_protocol_converter_v2_1_37_axi3_conv/design_1_axi_mem_intercon_imp_auto_pc_0_axi_protocol_converter_v2_1_37_a_axi3_conv/design_1_axi_mem_intercon_imp_auto_pc_0_axi_data_fifo_v2_1_36_axic_fifo/design_1_axi_mem_intercon_imp_auto_pc_0_axi_data_fifo_v2_1_36_fifo_gen_1/<hidden>/<hidden>/<hidden>/<hidden>/<hidden>/<hidden>
                            (rising edge-triggered cell FDPE clocked by clk_fpga_0  {rise@0.000ns fall@5.000ns period=10.000ns})
  Destination:            design_1_wrapper/design_1/design_1_axi_mem_intercon_0/s00_couplers_imp_7HNO1D/design_1_axi_mem_intercon_imp_auto_pc_0/design_1_axi_mem_intercon_imp_auto_pc_0_axi_protocol_converter_v2_1_37_axi_protocol_converter/design_1_axi_mem_intercon_imp_auto_pc_0_axi_protocol_converter_v2_1_37_axi3_conv/design_1_axi_mem_intercon_imp_auto_pc_0_axi_protocol_converter_v2_1_37_a_axi3_conv/design_1_axi_mem_intercon_imp_auto_pc_0_axi_data_fifo_v2_1_36_axic_fifo/design_1_axi_mem_intercon_imp_auto_pc_0_axi_data_fifo_v2_1_36_fifo_gen_1/<hidden>/<hidden>/<hidden>/<hidden>/<hidden>/<hidden>
                            (removal check against rising-edge clock clk_fpga_0  {rise@0.000ns fall@5.000ns period=10.000ns})
  Path Group:             **async_default**
  Path Type:              Removal (Min at Fast Process Corner)
  Requirement:            0.000ns  (clk_fpga_0 rise@0.000ns - clk_fpga_0 rise@0.000ns)
  Data Path Delay:        0.737ns  (logic 0.246ns (33.398%)  route 0.491ns (66.602%))
  Logic Levels:           1  (LUT3=1)
  Clock Path Skew:        0.262ns (DCD - SCD - CPR)
    Destination Clock Delay (DCD):    1.191ns
    Source Clock Delay      (SCD):    0.899ns
    Clock Pessimism Removal (CPR):    0.030ns

    Location             Delay type                Incr(ns)  Path(ns)    Netlist Resource(s)
  -------------------------------------------------------------------    -------------------
                         (clock clk_fpga_0 rise edge)
                                                      0.000     0.000 r  
    PS7_X0Y0             PS7                          0.000     0.000 r  design_1_i/processing_system7_0/inst/PS7_i/FCLKCLK[0]
                         net (fo=1, routed)           0.310     0.310    design_1_i/processing_system7_0/inst/FCLK_CLK_unbuffered[0]
    BUFGCTRL_X0Y16       BUFG (Prop_bufg_I_O)         0.026     0.336 r  design_1_i/processing_system7_0/inst/buffer_fclk_clk_0.FCLK_CLK_0_BUFG/O
                         net (fo=4149, routed)        0.563     0.899    design_1_wrapper/design_1/design_1_axi_mem_intercon_0/s00_couplers_imp_7HNO1D/design_1_axi_mem_intercon_imp_auto_pc_0/design_1_axi_mem_intercon_imp_auto_pc_0_axi_protocol_converter_v2_1_37_axi_protocol_converter/design_1_axi_mem_intercon_imp_auto_pc_0_axi_protocol_converter_v2_1_37_axi3_conv/design_1_axi_mem_intercon_imp_auto_pc_0_axi_protocol_converter_v2_1_37_a_axi3_conv/design_1_axi_mem_intercon_imp_auto_pc_0_axi_data_fifo_v2_1_36_axic_fifo/design_1_axi_mem_intercon_imp_auto_pc_0_axi_data_fifo_v2_1_36_fifo_gen_1/<hidden>/<hidden>/<hidden>/<hidden>/<hidden>/<hidden>
    SLICE_X46Y48         FDPE                                         r  design_1_wrapper/design_1/design_1_axi_mem_intercon_0/s00_couplers_imp_7HNO1D/design_1_axi_mem_intercon_imp_auto_pc_0/design_1_axi_mem_intercon_imp_auto_pc_0_axi_protocol_converter_v2_1_37_axi_protocol_converter/design_1_axi_mem_intercon_imp_auto_pc_0_axi_protocol_converter_v2_1_37_axi3_conv/design_1_axi_mem_intercon_imp_auto_pc_0_axi_protocol_converter_v2_1_37_a_axi3_conv/design_1_axi_mem_intercon_imp_auto_pc_0_axi_data_fifo_v2_1_36_axic_fifo/design_1_axi_mem_intercon_imp_auto_pc_0_axi_data_fifo_v2_1_36_fifo_gen_1/<hidden>/<hidden>/<hidden>/<hidden>/<hidden>/<hidden>
  -------------------------------------------------------------------    -------------------
    SLICE_X46Y48         FDPE (Prop_fdpe_C_Q)         0.148     1.047 f  design_1_wrapper/design_1/design_1_axi_mem_intercon_0/s00_couplers_imp_7HNO1D/design_1_axi_mem_intercon_imp_auto_pc_0/design_1_axi_mem_intercon_imp_auto_pc_0_axi_protocol_converter_v2_1_37_axi_protocol_converter/design_1_axi_mem_intercon_imp_auto_pc_0_axi_protocol_converter_v2_1_37_axi3_conv/design_1_axi_mem_intercon_imp_auto_pc_0_axi_protocol_converter_v2_1_37_a_axi3_conv/design_1_axi_mem_intercon_imp_auto_pc_0_axi_data_fifo_v2_1_36_axic_fifo/design_1_axi_mem_intercon_imp_auto_pc_0_axi_data_fifo_v2_1_36_fifo_gen_1/<hidden>/<hidden>/<hidden>/<hidden>/<hidden>/<hidden>
                         net (fo=3, routed)           0.108     1.155    design_1_wrapper/design_1/design_1_axi_mem_intercon_0/s00_couplers_imp_7HNO1D/design_1_axi_mem_intercon_imp_auto_pc_0/design_1_axi_mem_intercon_imp_auto_pc_0_axi_protocol_converter_v2_1_37_axi_protocol_converter/design_1_axi_mem_intercon_imp_auto_pc_0_axi_protocol_converter_v2_1_37_axi3_conv/design_1_axi_mem_intercon_imp_auto_pc_0_axi_protocol_converter_v2_1_37_a_axi3_conv/design_1_axi_mem_intercon_imp_auto_pc_0_axi_data_fifo_v2_1_36_axic_fifo/design_1_axi_mem_intercon_imp_auto_pc_0_axi_data_fifo_v2_1_36_fifo_gen_1/<hidden>/<hidden>/<hidden>/<hidden>/<hidden>
    SLICE_X45Y48         LUT3 (Prop_lut3_I2_O)        0.098     1.253 f  design_1_wrapper/design_1/design_1_axi_mem_intercon_0/s00_couplers_imp_7HNO1D/design_1_axi_mem_intercon_imp_auto_pc_0/design_1_axi_mem_intercon_imp_auto_pc_0_axi_protocol_converter_v2_1_37_axi_protocol_converter/design_1_axi_mem_intercon_imp_auto_pc_0_axi_protocol_converter_v2_1_37_axi3_conv/design_1_axi_mem_intercon_imp_auto_pc_0_axi_protocol_converter_v2_1_37_a_axi3_conv/design_1_axi_mem_intercon_imp_auto_pc_0_axi_data_fifo_v2_1_36_axic_fifo/design_1_axi_mem_intercon_imp_auto_pc_0_axi_data_fifo_v2_1_36_fifo_gen_1/<hidden>/<hidden>/<hidden>/<hidden>/<hidden>
                         net (fo=32, routed)          0.382     1.635    design_1_wrapper/design_1/design_1_axi_mem_intercon_0/s00_couplers_imp_7HNO1D/design_1_axi_mem_intercon_imp_auto_pc_0/design_1_axi_mem_intercon_imp_auto_pc_0_axi_protocol_converter_v2_1_37_axi_protocol_converter/design_1_axi_mem_intercon_imp_auto_pc_0_axi_protocol_converter_v2_1_37_axi3_conv/design_1_axi_mem_intercon_imp_auto_pc_0_axi_protocol_converter_v2_1_37_a_axi3_conv/design_1_axi_mem_intercon_imp_auto_pc_0_axi_data_fifo_v2_1_36_axic_fifo/design_1_axi_mem_intercon_imp_auto_pc_0_axi_data_fifo_v2_1_36_fifo_gen_1/<hidden>/<hidden>/<hidden>/<hidden>/<hidden>/<hidden>
    SLICE_X47Y51         FDCE                                         f  design_1_wrapper/design_1/design_1_axi_mem_intercon_0/s00_couplers_imp_7HNO1D/design_1_axi_mem_intercon_imp_auto_pc_0/design_1_axi_mem_intercon_imp_auto_pc_0_axi_protocol_converter_v2_1_37_axi_protocol_converter/design_1_axi_mem_intercon_imp_auto_pc_0_axi_protocol_converter_v2_1_37_axi3_conv/design_1_axi_mem_intercon_imp_auto_pc_0_axi_protocol_converter_v2_1_37_a_axi3_conv/design_1_axi_mem_intercon_imp_auto_pc_0_axi_data_fifo_v2_1_36_axic_fifo/design_1_axi_mem_intercon_imp_auto_pc_0_axi_data_fifo_v2_1_36_fifo_gen_1/<hidden>/<hidden>/<hidden>/<hidden>/<hidden>/<hidden>
  -------------------------------------------------------------------    -------------------

                         (clock clk_fpga_0 rise edge)
                                                      0.000     0.000 r  
    PS7_X0Y0             PS7                          0.000     0.000 r  design_1_i/processing_system7_0/inst/PS7_i/FCLKCLK[0]
                         net (fo=1, routed)           0.337     0.337    design_1_i/processing_system7_0/inst/FCLK_CLK_unbuffered[0]
    BUFGCTRL_X0Y16       BUFG (Prop_bufg_I_O)         0.029     0.366 r  design_1_i/processing_system7_0/inst/buffer_fclk_clk_0.FCLK_CLK_0_BUFG/O
                         net (fo=4149, routed)        0.825     1.191    design_1_wrapper/design_1/design_1_axi_mem_intercon_0/s00_couplers_imp_7HNO1D/design_1_axi_mem_intercon_imp_auto_pc_0/design_1_axi_mem_intercon_imp_auto_pc_0_axi_protocol_converter_v2_1_37_axi_protocol_converter/design_1_axi_mem_intercon_imp_auto_pc_0_axi_protocol_converter_v2_1_37_axi3_conv/design_1_axi_mem_intercon_imp_auto_pc_0_axi_protocol_converter_v2_1_37_a_axi3_conv/design_1_axi_mem_intercon_imp_auto_pc_0_axi_data_fifo_v2_1_36_axic_fifo/design_1_axi_mem_intercon_imp_auto_pc_0_axi_data_fifo_v2_1_36_fifo_gen_1/<hidden>/<hidden>/<hidden>/<hidden>/<hidden>/<hidden>
    SLICE_X47Y51         FDCE                                         r  design_1_wrapper/design_1/design_1_axi_mem_intercon_0/s00_couplers_imp_7HNO1D/design_1_axi_mem_intercon_imp_auto_pc_0/design_1_axi_mem_intercon_imp_auto_pc_0_axi_protocol_converter_v2_1_37_axi_protocol_converter/design_1_axi_mem_intercon_imp_auto_pc_0_axi_protocol_converter_v2_1_37_axi3_conv/design_1_axi_mem_intercon_imp_auto_pc_0_axi_protocol_converter_v2_1_37_a_axi3_conv/design_1_axi_mem_intercon_imp_auto_pc_0_axi_data_fifo_v2_1_36_axic_fifo/design_1_axi_mem_intercon_imp_auto_pc_0_axi_data_fifo_v2_1_36_fifo_gen_1/<hidden>/<hidden>/<hidden>/<hidden>/<hidden>/<hidden>
                         clock pessimism             -0.030     1.161    
    SLICE_X47Y51         FDCE (Remov_fdce_C_CLR)     -0.092     1.069    design_1_wrapper/design_1/design_1_axi_mem_intercon_0/s00_couplers_imp_7HNO1D/design_1_axi_mem_intercon_imp_auto_pc_0/design_1_axi_mem_intercon_imp_auto_pc_0_axi_protocol_converter_v2_1_37_axi_protocol_converter/design_1_axi_mem_intercon_imp_auto_pc_0_axi_protocol_converter_v2_1_37_axi3_conv/design_1_axi_mem_intercon_imp_auto_pc_0_axi_protocol_converter_v2_1_37_a_axi3_conv/design_1_axi_mem_intercon_imp_auto_pc_0_axi_data_fifo_v2_1_36_axic_fifo/design_1_axi_mem_intercon_imp_auto_pc_0_axi_data_fifo_v2_1_36_fifo_gen_1/<hidden>/<hidden>/<hidden>/<hidden>/<hidden>/<hidden>
  -------------------------------------------------------------------
                         required time                         -1.069    
                         arrival time                           1.635    
  -------------------------------------------------------------------
                         slack                                  0.566    

Slack (MET) :             0.566ns  (arrival time - required time)
  Source:                 design_1_wrapper/design_1/design_1_axi_mem_intercon_0/s00_couplers_imp_7HNO1D/design_1_axi_mem_intercon_imp_auto_pc_0/design_1_axi_mem_intercon_imp_auto_pc_0_axi_protocol_converter_v2_1_37_axi_protocol_converter/design_1_axi_mem_intercon_imp_auto_pc_0_axi_protocol_converter_v2_1_37_axi3_conv/design_1_axi_mem_intercon_imp_auto_pc_0_axi_protocol_converter_v2_1_37_a_axi3_conv/design_1_axi_mem_intercon_imp_auto_pc_0_axi_data_fifo_v2_1_36_axic_fifo/design_1_axi_mem_intercon_imp_auto_pc_0_axi_data_fifo_v2_1_36_fifo_gen_1/<hidden>/<hidden>/<hidden>/<hidden>/<hidden>/<hidden>
                            (rising edge-triggered cell FDPE clocked by clk_fpga_0  {rise@0.000ns fall@5.000ns period=10.000ns})
  Destination:            design_1_wrapper/design_1/design_1_axi_mem_intercon_0/s00_couplers_imp_7HNO1D/design_1_axi_mem_intercon_imp_auto_pc_0/design_1_axi_mem_intercon_imp_auto_pc_0_axi_protocol_converter_v2_1_37_axi_protocol_converter/design_1_axi_mem_intercon_imp_auto_pc_0_axi_protocol_converter_v2_1_37_axi3_conv/design_1_axi_mem_intercon_imp_auto_pc_0_axi_protocol_converter_v2_1_37_a_axi3_conv/design_1_axi_mem_intercon_imp_auto_pc_0_axi_data_fifo_v2_1_36_axic_fifo/design_1_axi_mem_intercon_imp_auto_pc_0_axi_data_fifo_v2_1_36_fifo_gen_1/<hidden>/<hidden>/<hidden>/<hidden>/<hidden>/<hidden>
                            (removal check against rising-edge clock clk_fpga_0  {rise@0.000ns fall@5.000ns period=10.000ns})
  Path Group:             **async_default**
  Path Type:              Removal (Min at Fast Process Corner)
  Requirement:            0.000ns  (clk_fpga_0 rise@0.000ns - clk_fpga_0 rise@0.000ns)
  Data Path Delay:        0.737ns  (logic 0.246ns (33.398%)  route 0.491ns (66.602%))
  Logic Levels:           1  (LUT3=1)
  Clock Path Skew:        0.262ns (DCD - SCD - CPR)
    Destination Clock Delay (DCD):    1.191ns
    Source Clock Delay      (SCD):    0.899ns
    Clock Pessimism Removal (CPR):    0.030ns

    Location             Delay type                Incr(ns)  Path(ns)    Netlist Resource(s)
  -------------------------------------------------------------------    -------------------
                         (clock clk_fpga_0 rise edge)
                                                      0.000     0.000 r  
    PS7_X0Y0             PS7                          0.000     0.000 r  design_1_i/processing_system7_0/inst/PS7_i/FCLKCLK[0]
                         net (fo=1, routed)           0.310     0.310    design_1_i/processing_system7_0/inst/FCLK_CLK_unbuffered[0]
    BUFGCTRL_X0Y16       BUFG (Prop_bufg_I_O)         0.026     0.336 r  design_1_i/processing_system7_0/inst/buffer_fclk_clk_0.FCLK_CLK_0_BUFG/O
                         net (fo=4149, routed)        0.563     0.899    design_1_wrapper/design_1/design_1_axi_mem_intercon_0/s00_couplers_imp_7HNO1D/design_1_axi_mem_intercon_imp_auto_pc_0/design_1_axi_mem_intercon_imp_auto_pc_0_axi_protocol_converter_v2_1_37_axi_protocol_converter/design_1_axi_mem_intercon_imp_auto_pc_0_axi_protocol_converter_v2_1_37_axi3_conv/design_1_axi_mem_intercon_imp_auto_pc_0_axi_protocol_converter_v2_1_37_a_axi3_conv/design_1_axi_mem_intercon_imp_auto_pc_0_axi_data_fifo_v2_1_36_axic_fifo/design_1_axi_mem_intercon_imp_auto_pc_0_axi_data_fifo_v2_1_36_fifo_gen_1/<hidden>/<hidden>/<hidden>/<hidden>/<hidden>/<hidden>
    SLICE_X46Y48         FDPE                                         r  design_1_wrapper/design_1/design_1_axi_mem_intercon_0/s00_couplers_imp_7HNO1D/design_1_axi_mem_intercon_imp_auto_pc_0/design_1_axi_mem_intercon_imp_auto_pc_0_axi_protocol_converter_v2_1_37_axi_protocol_converter/design_1_axi_mem_intercon_imp_auto_pc_0_axi_protocol_converter_v2_1_37_axi3_conv/design_1_axi_mem_intercon_imp_auto_pc_0_axi_protocol_converter_v2_1_37_a_axi3_conv/design_1_axi_mem_intercon_imp_auto_pc_0_axi_data_fifo_v2_1_36_axic_fifo/design_1_axi_mem_intercon_imp_auto_pc_0_axi_data_fifo_v2_1_36_fifo_gen_1/<hidden>/<hidden>/<hidden>/<hidden>/<hidden>/<hidden>
  -------------------------------------------------------------------    -------------------
    SLICE_X46Y48         FDPE (Prop_fdpe_C_Q)         0.148     1.047 f  design_1_wrapper/design_1/design_1_axi_mem_intercon_0/s00_couplers_imp_7HNO1D/design_1_axi_mem_intercon_imp_auto_pc_0/design_1_axi_mem_intercon_imp_auto_pc_0_axi_protocol_converter_v2_1_37_axi_protocol_converter/design_1_axi_mem_intercon_imp_auto_pc_0_axi_protocol_converter_v2_1_37_axi3_conv/design_1_axi_mem_intercon_imp_auto_pc_0_axi_protocol_converter_v2_1_37_a_axi3_conv/design_1_axi_mem_intercon_imp_auto_pc_0_axi_data_fifo_v2_1_36_axic_fifo/design_1_axi_mem_intercon_imp_auto_pc_0_axi_data_fifo_v2_1_36_fifo_gen_1/<hidden>/<hidden>/<hidden>/<hidden>/<hidden>/<hidden>
                         net (fo=3, routed)           0.108     1.155    design_1_wrapper/design_1/design_1_axi_mem_intercon_0/s00_couplers_imp_7HNO1D/design_1_axi_mem_intercon_imp_auto_pc_0/design_1_axi_mem_intercon_imp_auto_pc_0_axi_protocol_converter_v2_1_37_axi_protocol_converter/design_1_axi_mem_intercon_imp_auto_pc_0_axi_protocol_converter_v2_1_37_axi3_conv/design_1_axi_mem_intercon_imp_auto_pc_0_axi_protocol_converter_v2_1_37_a_axi3_conv/design_1_axi_mem_intercon_imp_auto_pc_0_axi_data_fifo_v2_1_36_axic_fifo/design_1_axi_mem_intercon_imp_auto_pc_0_axi_data_fifo_v2_1_36_fifo_gen_1/<hidden>/<hidden>/<hidden>/<hidden>/<hidden>
    SLICE_X45Y48         LUT3 (Prop_lut3_I2_O)        0.098     1.253 f  design_1_wrapper/design_1/design_1_axi_mem_intercon_0/s00_couplers_imp_7HNO1D/design_1_axi_mem_intercon_imp_auto_pc_0/design_1_axi_mem_intercon_imp_auto_pc_0_axi_protocol_converter_v2_1_37_axi_protocol_converter/design_1_axi_mem_intercon_imp_auto_pc_0_axi_protocol_converter_v2_1_37_axi3_conv/design_1_axi_mem_intercon_imp_auto_pc_0_axi_protocol_converter_v2_1_37_a_axi3_conv/design_1_axi_mem_intercon_imp_auto_pc_0_axi_data_fifo_v2_1_36_axic_fifo/design_1_axi_mem_intercon_imp_auto_pc_0_axi_data_fifo_v2_1_36_fifo_gen_1/<hidden>/<hidden>/<hidden>/<hidden>/<hidden>
                         net (fo=32, routed)          0.382     1.635    design_1_wrapper/design_1/design_1_axi_mem_intercon_0/s00_couplers_imp_7HNO1D/design_1_axi_mem_intercon_imp_auto_pc_0/design_1_axi_mem_intercon_imp_auto_pc_0_axi_protocol_converter_v2_1_37_axi_protocol_converter/design_1_axi_mem_intercon_imp_auto_pc_0_axi_protocol_converter_v2_1_37_axi3_conv/design_1_axi_mem_intercon_imp_auto_pc_0_axi_protocol_converter_v2_1_37_a_axi3_conv/design_1_axi_mem_intercon_imp_auto_pc_0_axi_data_fifo_v2_1_36_axic_fifo/design_1_axi_mem_intercon_imp_auto_pc_0_axi_data_fifo_v2_1_36_fifo_gen_1/<hidden>/<hidden>/<hidden>/<hidden>/<hidden>/<hidden>
    SLICE_X47Y51         FDCE                                         f  design_1_wrapper/design_1/design_1_axi_mem_intercon_0/s00_couplers_imp_7HNO1D/design_1_axi_mem_intercon_imp_auto_pc_0/design_1_axi_mem_intercon_imp_auto_pc_0_axi_protocol_converter_v2_1_37_axi_protocol_converter/design_1_axi_mem_intercon_imp_auto_pc_0_axi_protocol_converter_v2_1_37_axi3_conv/design_1_axi_mem_intercon_imp_auto_pc_0_axi_protocol_converter_v2_1_37_a_axi3_conv/design_1_axi_mem_intercon_imp_auto_pc_0_axi_data_fifo_v2_1_36_axic_fifo/design_1_axi_mem_intercon_imp_auto_pc_0_axi_data_fifo_v2_1_36_fifo_gen_1/<hidden>/<hidden>/<hidden>/<hidden>/<hidden>/<hidden>
  -------------------------------------------------------------------    -------------------

                         (clock clk_fpga_0 rise edge)
                                                      0.000     0.000 r  
    PS7_X0Y0             PS7                          0.000     0.000 r  design_1_i/processing_system7_0/inst/PS7_i/FCLKCLK[0]
                         net (fo=1, routed)           0.337     0.337    design_1_i/processing_system7_0/inst/FCLK_CLK_unbuffered[0]
    BUFGCTRL_X0Y16       BUFG (Prop_bufg_I_O)         0.029     0.366 r  design_1_i/processing_system7_0/inst/buffer_fclk_clk_0.FCLK_CLK_0_BUFG/O
                         net (fo=4149, routed)        0.825     1.191    design_1_wrapper/design_1/design_1_axi_mem_intercon_0/s00_couplers_imp_7HNO1D/design_1_axi_mem_intercon_imp_auto_pc_0/design_1_axi_mem_intercon_imp_auto_pc_0_axi_protocol_converter_v2_1_37_axi_protocol_converter/design_1_axi_mem_intercon_imp_auto_pc_0_axi_protocol_converter_v2_1_37_axi3_conv/design_1_axi_mem_intercon_imp_auto_pc_0_axi_protocol_converter_v2_1_37_a_axi3_conv/design_1_axi_mem_intercon_imp_auto_pc_0_axi_data_fifo_v2_1_36_axic_fifo/design_1_axi_mem_intercon_imp_auto_pc_0_axi_data_fifo_v2_1_36_fifo_gen_1/<hidden>/<hidden>/<hidden>/<hidden>/<hidden>/<hidden>
    SLICE_X47Y51         FDCE                                         r  design_1_wrapper/design_1/design_1_axi_mem_intercon_0/s00_couplers_imp_7HNO1D/design_1_axi_mem_intercon_imp_auto_pc_0/design_1_axi_mem_intercon_imp_auto_pc_0_axi_protocol_converter_v2_1_37_axi_protocol_converter/design_1_axi_mem_intercon_imp_auto_pc_0_axi_protocol_converter_v2_1_37_axi3_conv/design_1_axi_mem_intercon_imp_auto_pc_0_axi_protocol_converter_v2_1_37_a_axi3_conv/design_1_axi_mem_intercon_imp_auto_pc_0_axi_data_fifo_v2_1_36_axic_fifo/design_1_axi_mem_intercon_imp_auto_pc_0_axi_data_fifo_v2_1_36_fifo_gen_1/<hidden>/<hidden>/<hidden>/<hidden>/<hidden>/<hidden>
                         clock pessimism             -0.030     1.161    
    SLICE_X47Y51         FDCE (Remov_fdce_C_CLR)     -0.092     1.069    design_1_wrapper/design_1/design_1_axi_mem_intercon_0/s00_couplers_imp_7HNO1D/design_1_axi_mem_intercon_imp_auto_pc_0/design_1_axi_mem_intercon_imp_auto_pc_0_axi_protocol_converter_v2_1_37_axi_protocol_converter/design_1_axi_mem_intercon_imp_auto_pc_0_axi_protocol_converter_v2_1_37_axi3_conv/design_1_axi_mem_intercon_imp_auto_pc_0_axi_protocol_converter_v2_1_37_a_axi3_conv/design_1_axi_mem_intercon_imp_auto_pc_0_axi_data_fifo_v2_1_36_axic_fifo/design_1_axi_mem_intercon_imp_auto_pc_0_axi_data_fifo_v2_1_36_fifo_gen_1/<hidden>/<hidden>/<hidden>/<hidden>/<hidden>/<hidden>
  -------------------------------------------------------------------
                         required time                         -1.069    
                         arrival time                           1.635    
  -------------------------------------------------------------------
                         slack                                  0.566    

Slack (MET) :             0.566ns  (arrival time - required time)
  Source:                 design_1_wrapper/design_1/design_1_axi_mem_intercon_0/s00_couplers_imp_7HNO1D/design_1_axi_mem_intercon_imp_auto_pc_0/design_1_axi_mem_intercon_imp_auto_pc_0_axi_protocol_converter_v2_1_37_axi_protocol_converter/design_1_axi_mem_intercon_imp_auto_pc_0_axi_protocol_converter_v2_1_37_axi3_conv/design_1_axi_mem_intercon_imp_auto_pc_0_axi_protocol_converter_v2_1_37_a_axi3_conv/design_1_axi_mem_intercon_imp_auto_pc_0_axi_data_fifo_v2_1_36_axic_fifo/design_1_axi_mem_intercon_imp_auto_pc_0_axi_data_fifo_v2_1_36_fifo_gen_1/<hidden>/<hidden>/<hidden>/<hidden>/<hidden>/<hidden>
                            (rising edge-triggered cell FDPE clocked by clk_fpga_0  {rise@0.000ns fall@5.000ns period=10.000ns})
  Destination:            design_1_wrapper/design_1/design_1_axi_mem_intercon_0/s00_couplers_imp_7HNO1D/design_1_axi_mem_intercon_imp_auto_pc_0/design_1_axi_mem_intercon_imp_auto_pc_0_axi_protocol_converter_v2_1_37_axi_protocol_converter/design_1_axi_mem_intercon_imp_auto_pc_0_axi_protocol_converter_v2_1_37_axi3_conv/design_1_axi_mem_intercon_imp_auto_pc_0_axi_protocol_converter_v2_1_37_a_axi3_conv/design_1_axi_mem_intercon_imp_auto_pc_0_axi_data_fifo_v2_1_36_axic_fifo/design_1_axi_mem_intercon_imp_auto_pc_0_axi_data_fifo_v2_1_36_fifo_gen_1/<hidden>/<hidden>/<hidden>/<hidden>/<hidden>/<hidden>
                            (removal check against rising-edge clock clk_fpga_0  {rise@0.000ns fall@5.000ns period=10.000ns})
  Path Group:             **async_default**
  Path Type:              Removal (Min at Fast Process Corner)
  Requirement:            0.000ns  (clk_fpga_0 rise@0.000ns - clk_fpga_0 rise@0.000ns)
  Data Path Delay:        0.737ns  (logic 0.246ns (33.398%)  route 0.491ns (66.602%))
  Logic Levels:           1  (LUT3=1)
  Clock Path Skew:        0.262ns (DCD - SCD - CPR)
    Destination Clock Delay (DCD):    1.191ns
    Source Clock Delay      (SCD):    0.899ns
    Clock Pessimism Removal (CPR):    0.030ns

    Location             Delay type                Incr(ns)  Path(ns)    Netlist Resource(s)
  -------------------------------------------------------------------    -------------------
                         (clock clk_fpga_0 rise edge)
                                                      0.000     0.000 r  
    PS7_X0Y0             PS7                          0.000     0.000 r  design_1_i/processing_system7_0/inst/PS7_i/FCLKCLK[0]
                         net (fo=1, routed)           0.310     0.310    design_1_i/processing_system7_0/inst/FCLK_CLK_unbuffered[0]
    BUFGCTRL_X0Y16       BUFG (Prop_bufg_I_O)         0.026     0.336 r  design_1_i/processing_system7_0/inst/buffer_fclk_clk_0.FCLK_CLK_0_BUFG/O
                         net (fo=4149, routed)        0.563     0.899    design_1_wrapper/design_1/design_1_axi_mem_intercon_0/s00_couplers_imp_7HNO1D/design_1_axi_mem_intercon_imp_auto_pc_0/design_1_axi_mem_intercon_imp_auto_pc_0_axi_protocol_converter_v2_1_37_axi_protocol_converter/design_1_axi_mem_intercon_imp_auto_pc_0_axi_protocol_converter_v2_1_37_axi3_conv/design_1_axi_mem_intercon_imp_auto_pc_0_axi_protocol_converter_v2_1_37_a_axi3_conv/design_1_axi_mem_intercon_imp_auto_pc_0_axi_data_fifo_v2_1_36_axic_fifo/design_1_axi_mem_intercon_imp_auto_pc_0_axi_data_fifo_v2_1_36_fifo_gen_1/<hidden>/<hidden>/<hidden>/<hidden>/<hidden>/<hidden>
    SLICE_X46Y48         FDPE                                         r  design_1_wrapper/design_1/design_1_axi_mem_intercon_0/s00_couplers_imp_7HNO1D/design_1_axi_mem_intercon_imp_auto_pc_0/design_1_axi_mem_intercon_imp_auto_pc_0_axi_protocol_converter_v2_1_37_axi_protocol_converter/design_1_axi_mem_intercon_imp_auto_pc_0_axi_protocol_converter_v2_1_37_axi3_conv/design_1_axi_mem_intercon_imp_auto_pc_0_axi_protocol_converter_v2_1_37_a_axi3_conv/design_1_axi_mem_intercon_imp_auto_pc_0_axi_data_fifo_v2_1_36_axic_fifo/design_1_axi_mem_intercon_imp_auto_pc_0_axi_data_fifo_v2_1_36_fifo_gen_1/<hidden>/<hidden>/<hidden>/<hidden>/<hidden>/<hidden>
  -------------------------------------------------------------------    -------------------
    SLICE_X46Y48         FDPE (Prop_fdpe_C_Q)         0.148     1.047 f  design_1_wrapper/design_1/design_1_axi_mem_intercon_0/s00_couplers_imp_7HNO1D/design_1_axi_mem_intercon_imp_auto_pc_0/design_1_axi_mem_intercon_imp_auto_pc_0_axi_protocol_converter_v2_1_37_axi_protocol_converter/design_1_axi_mem_intercon_imp_auto_pc_0_axi_protocol_converter_v2_1_37_axi3_conv/design_1_axi_mem_intercon_imp_auto_pc_0_axi_protocol_converter_v2_1_37_a_axi3_conv/design_1_axi_mem_intercon_imp_auto_pc_0_axi_data_fifo_v2_1_36_axic_fifo/design_1_axi_mem_intercon_imp_auto_pc_0_axi_data_fifo_v2_1_36_fifo_gen_1/<hidden>/<hidden>/<hidden>/<hidden>/<hidden>/<hidden>
                         net (fo=3, routed)           0.108     1.155    design_1_wrapper/design_1/design_1_axi_mem_intercon_0/s00_couplers_imp_7HNO1D/design_1_axi_mem_intercon_imp_auto_pc_0/design_1_axi_mem_intercon_imp_auto_pc_0_axi_protocol_converter_v2_1_37_axi_protocol_converter/design_1_axi_mem_intercon_imp_auto_pc_0_axi_protocol_converter_v2_1_37_axi3_conv/design_1_axi_mem_intercon_imp_auto_pc_0_axi_protocol_converter_v2_1_37_a_axi3_conv/design_1_axi_mem_intercon_imp_auto_pc_0_axi_data_fifo_v2_1_36_axic_fifo/design_1_axi_mem_intercon_imp_auto_pc_0_axi_data_fifo_v2_1_36_fifo_gen_1/<hidden>/<hidden>/<hidden>/<hidden>/<hidden>
    SLICE_X45Y48         LUT3 (Prop_lut3_I2_O)        0.098     1.253 f  design_1_wrapper/design_1/design_1_axi_mem_intercon_0/s00_couplers_imp_7HNO1D/design_1_axi_mem_intercon_imp_auto_pc_0/design_1_axi_mem_intercon_imp_auto_pc_0_axi_protocol_converter_v2_1_37_axi_protocol_converter/design_1_axi_mem_intercon_imp_auto_pc_0_axi_protocol_converter_v2_1_37_axi3_conv/design_1_axi_mem_intercon_imp_auto_pc_0_axi_protocol_converter_v2_1_37_a_axi3_conv/design_1_axi_mem_intercon_imp_auto_pc_0_axi_data_fifo_v2_1_36_axic_fifo/design_1_axi_mem_intercon_imp_auto_pc_0_axi_data_fifo_v2_1_36_fifo_gen_1/<hidden>/<hidden>/<hidden>/<hidden>/<hidden>
                         net (fo=32, routed)          0.382     1.635    design_1_wrapper/design_1/design_1_axi_mem_intercon_0/s00_couplers_imp_7HNO1D/design_1_axi_mem_intercon_imp_auto_pc_0/design_1_axi_mem_intercon_imp_auto_pc_0_axi_protocol_converter_v2_1_37_axi_protocol_converter/design_1_axi_mem_intercon_imp_auto_pc_0_axi_protocol_converter_v2_1_37_axi3_conv/design_1_axi_mem_intercon_imp_auto_pc_0_axi_protocol_converter_v2_1_37_a_axi3_conv/design_1_axi_mem_intercon_imp_auto_pc_0_axi_data_fifo_v2_1_36_axic_fifo/design_1_axi_mem_intercon_imp_auto_pc_0_axi_data_fifo_v2_1_36_fifo_gen_1/<hidden>/<hidden>/<hidden>/<hidden>/<hidden>/<hidden>
    SLICE_X47Y51         FDCE                                         f  design_1_wrapper/design_1/design_1_axi_mem_intercon_0/s00_couplers_imp_7HNO1D/design_1_axi_mem_intercon_imp_auto_pc_0/design_1_axi_mem_intercon_imp_auto_pc_0_axi_protocol_converter_v2_1_37_axi_protocol_converter/design_1_axi_mem_intercon_imp_auto_pc_0_axi_protocol_converter_v2_1_37_axi3_conv/design_1_axi_mem_intercon_imp_auto_pc_0_axi_protocol_converter_v2_1_37_a_axi3_conv/design_1_axi_mem_intercon_imp_auto_pc_0_axi_data_fifo_v2_1_36_axic_fifo/design_1_axi_mem_intercon_imp_auto_pc_0_axi_data_fifo_v2_1_36_fifo_gen_1/<hidden>/<hidden>/<hidden>/<hidden>/<hidden>/<hidden>
  -------------------------------------------------------------------    -------------------

                         (clock clk_fpga_0 rise edge)
                                                      0.000     0.000 r  
    PS7_X0Y0             PS7                          0.000     0.000 r  design_1_i/processing_system7_0/inst/PS7_i/FCLKCLK[0]
                         net (fo=1, routed)           0.337     0.337    design_1_i/processing_system7_0/inst/FCLK_CLK_unbuffered[0]
    BUFGCTRL_X0Y16       BUFG (Prop_bufg_I_O)         0.029     0.366 r  design_1_i/processing_system7_0/inst/buffer_fclk_clk_0.FCLK_CLK_0_BUFG/O
                         net (fo=4149, routed)        0.825     1.191    design_1_wrapper/design_1/design_1_axi_mem_intercon_0/s00_couplers_imp_7HNO1D/design_1_axi_mem_intercon_imp_auto_pc_0/design_1_axi_mem_intercon_imp_auto_pc_0_axi_protocol_converter_v2_1_37_axi_protocol_converter/design_1_axi_mem_intercon_imp_auto_pc_0_axi_protocol_converter_v2_1_37_axi3_conv/design_1_axi_mem_intercon_imp_auto_pc_0_axi_protocol_converter_v2_1_37_a_axi3_conv/design_1_axi_mem_intercon_imp_auto_pc_0_axi_data_fifo_v2_1_36_axic_fifo/design_1_axi_mem_intercon_imp_auto_pc_0_axi_data_fifo_v2_1_36_fifo_gen_1/<hidden>/<hidden>/<hidden>/<hidden>/<hidden>/<hidden>
    SLICE_X47Y51         FDCE                                         r  design_1_wrapper/design_1/design_1_axi_mem_intercon_0/s00_couplers_imp_7HNO1D/design_1_axi_mem_intercon_imp_auto_pc_0/design_1_axi_mem_intercon_imp_auto_pc_0_axi_protocol_converter_v2_1_37_axi_protocol_converter/design_1_axi_mem_intercon_imp_auto_pc_0_axi_protocol_converter_v2_1_37_axi3_conv/design_1_axi_mem_intercon_imp_auto_pc_0_axi_protocol_converter_v2_1_37_a_axi3_conv/design_1_axi_mem_intercon_imp_auto_pc_0_axi_data_fifo_v2_1_36_axic_fifo/design_1_axi_mem_intercon_imp_auto_pc_0_axi_data_fifo_v2_1_36_fifo_gen_1/<hidden>/<hidden>/<hidden>/<hidden>/<hidden>/<hidden>
                         clock pessimism             -0.030     1.161    
    SLICE_X47Y51         FDCE (Remov_fdce_C_CLR)     -0.092     1.069    design_1_wrapper/design_1/design_1_axi_mem_intercon_0/s00_couplers_imp_7HNO1D/design_1_axi_mem_intercon_imp_auto_pc_0/design_1_axi_mem_intercon_imp_auto_pc_0_axi_protocol_converter_v2_1_37_axi_protocol_converter/design_1_axi_mem_intercon_imp_auto_pc_0_axi_protocol_converter_v2_1_37_axi3_conv/design_1_axi_mem_intercon_imp_auto_pc_0_axi_protocol_converter_v2_1_37_a_axi3_conv/design_1_axi_mem_intercon_imp_auto_pc_0_axi_data_fifo_v2_1_36_axic_fifo/design_1_axi_mem_intercon_imp_auto_pc_0_axi_data_fifo_v2_1_36_fifo_gen_1/<hidden>/<hidden>/<hidden>/<hidden>/<hidden>/<hidden>
  -------------------------------------------------------------------
                         required time                         -1.069    
                         arrival time                           1.635    
  -------------------------------------------------------------------
                         slack                                  0.566    

Slack (MET) :             0.566ns  (arrival time - required time)
  Source:                 design_1_wrapper/design_1/design_1_axi_mem_intercon_0/s00_couplers_imp_7HNO1D/design_1_axi_mem_intercon_imp_auto_pc_0/design_1_axi_mem_intercon_imp_auto_pc_0_axi_protocol_converter_v2_1_37_axi_protocol_converter/design_1_axi_mem_intercon_imp_auto_pc_0_axi_protocol_converter_v2_1_37_axi3_conv/design_1_axi_mem_intercon_imp_auto_pc_0_axi_protocol_converter_v2_1_37_a_axi3_conv/design_1_axi_mem_intercon_imp_auto_pc_0_axi_data_fifo_v2_1_36_axic_fifo/design_1_axi_mem_intercon_imp_auto_pc_0_axi_data_fifo_v2_1_36_fifo_gen_1/<hidden>/<hidden>/<hidden>/<hidden>/<hidden>/<hidden>
                            (rising edge-triggered cell FDPE clocked by clk_fpga_0  {rise@0.000ns fall@5.000ns period=10.000ns})
  Destination:            design_1_wrapper/design_1/design_1_axi_mem_intercon_0/s00_couplers_imp_7HNO1D/design_1_axi_mem_intercon_imp_auto_pc_0/design_1_axi_mem_intercon_imp_auto_pc_0_axi_protocol_converter_v2_1_37_axi_protocol_converter/design_1_axi_mem_intercon_imp_auto_pc_0_axi_protocol_converter_v2_1_37_axi3_conv/design_1_axi_mem_intercon_imp_auto_pc_0_axi_protocol_converter_v2_1_37_a_axi3_conv/design_1_axi_mem_intercon_imp_auto_pc_0_axi_data_fifo_v2_1_36_axic_fifo/design_1_axi_mem_intercon_imp_auto_pc_0_axi_data_fifo_v2_1_36_fifo_gen_1/<hidden>/<hidden>/<hidden>/<hidden>/<hidden>/<hidden>
                            (removal check against rising-edge clock clk_fpga_0  {rise@0.000ns fall@5.000ns period=10.000ns})
  Path Group:             **async_default**
  Path Type:              Removal (Min at Fast Process Corner)
  Requirement:            0.000ns  (clk_fpga_0 rise@0.000ns - clk_fpga_0 rise@0.000ns)
  Data Path Delay:        0.737ns  (logic 0.246ns (33.398%)  route 0.491ns (66.602%))
  Logic Levels:           1  (LUT3=1)
  Clock Path Skew:        0.262ns (DCD - SCD - CPR)
    Destination Clock Delay (DCD):    1.191ns
    Source Clock Delay      (SCD):    0.899ns
    Clock Pessimism Removal (CPR):    0.030ns

    Location             Delay type                Incr(ns)  Path(ns)    Netlist Resource(s)
  -------------------------------------------------------------------    -------------------
                         (clock clk_fpga_0 rise edge)
                                                      0.000     0.000 r  
    PS7_X0Y0             PS7                          0.000     0.000 r  design_1_i/processing_system7_0/inst/PS7_i/FCLKCLK[0]
                         net (fo=1, routed)           0.310     0.310    design_1_i/processing_system7_0/inst/FCLK_CLK_unbuffered[0]
    BUFGCTRL_X0Y16       BUFG (Prop_bufg_I_O)         0.026     0.336 r  design_1_i/processing_system7_0/inst/buffer_fclk_clk_0.FCLK_CLK_0_BUFG/O
                         net (fo=4149, routed)        0.563     0.899    design_1_wrapper/design_1/design_1_axi_mem_intercon_0/s00_couplers_imp_7HNO1D/design_1_axi_mem_intercon_imp_auto_pc_0/design_1_axi_mem_intercon_imp_auto_pc_0_axi_protocol_converter_v2_1_37_axi_protocol_converter/design_1_axi_mem_intercon_imp_auto_pc_0_axi_protocol_converter_v2_1_37_axi3_conv/design_1_axi_mem_intercon_imp_auto_pc_0_axi_protocol_converter_v2_1_37_a_axi3_conv/design_1_axi_mem_intercon_imp_auto_pc_0_axi_data_fifo_v2_1_36_axic_fifo/design_1_axi_mem_intercon_imp_auto_pc_0_axi_data_fifo_v2_1_36_fifo_gen_1/<hidden>/<hidden>/<hidden>/<hidden>/<hidden>/<hidden>
    SLICE_X46Y48         FDPE                                         r  design_1_wrapper/design_1/design_1_axi_mem_intercon_0/s00_couplers_imp_7HNO1D/design_1_axi_mem_intercon_imp_auto_pc_0/design_1_axi_mem_intercon_imp_auto_pc_0_axi_protocol_converter_v2_1_37_axi_protocol_converter/design_1_axi_mem_intercon_imp_auto_pc_0_axi_protocol_converter_v2_1_37_axi3_conv/design_1_axi_mem_intercon_imp_auto_pc_0_axi_protocol_converter_v2_1_37_a_axi3_conv/design_1_axi_mem_intercon_imp_auto_pc_0_axi_data_fifo_v2_1_36_axic_fifo/design_1_axi_mem_intercon_imp_auto_pc_0_axi_data_fifo_v2_1_36_fifo_gen_1/<hidden>/<hidden>/<hidden>/<hidden>/<hidden>/<hidden>
  -------------------------------------------------------------------    -------------------
    SLICE_X46Y48         FDPE (Prop_fdpe_C_Q)         0.148     1.047 f  design_1_wrapper/design_1/design_1_axi_mem_intercon_0/s00_couplers_imp_7HNO1D/design_1_axi_mem_intercon_imp_auto_pc_0/design_1_axi_mem_intercon_imp_auto_pc_0_axi_protocol_converter_v2_1_37_axi_protocol_converter/design_1_axi_mem_intercon_imp_auto_pc_0_axi_protocol_converter_v2_1_37_axi3_conv/design_1_axi_mem_intercon_imp_auto_pc_0_axi_protocol_converter_v2_1_37_a_axi3_conv/design_1_axi_mem_intercon_imp_auto_pc_0_axi_data_fifo_v2_1_36_axic_fifo/design_1_axi_mem_intercon_imp_auto_pc_0_axi_data_fifo_v2_1_36_fifo_gen_1/<hidden>/<hidden>/<hidden>/<hidden>/<hidden>/<hidden>
                         net (fo=3, routed)           0.108     1.155    design_1_wrapper/design_1/design_1_axi_mem_intercon_0/s00_couplers_imp_7HNO1D/design_1_axi_mem_intercon_imp_auto_pc_0/design_1_axi_mem_intercon_imp_auto_pc_0_axi_protocol_converter_v2_1_37_axi_protocol_converter/design_1_axi_mem_intercon_imp_auto_pc_0_axi_protocol_converter_v2_1_37_axi3_conv/design_1_axi_mem_intercon_imp_auto_pc_0_axi_protocol_converter_v2_1_37_a_axi3_conv/design_1_axi_mem_intercon_imp_auto_pc_0_axi_data_fifo_v2_1_36_axic_fifo/design_1_axi_mem_intercon_imp_auto_pc_0_axi_data_fifo_v2_1_36_fifo_gen_1/<hidden>/<hidden>/<hidden>/<hidden>/<hidden>
    SLICE_X45Y48         LUT3 (Prop_lut3_I2_O)        0.098     1.253 f  design_1_wrapper/design_1/design_1_axi_mem_intercon_0/s00_couplers_imp_7HNO1D/design_1_axi_mem_intercon_imp_auto_pc_0/design_1_axi_mem_intercon_imp_auto_pc_0_axi_protocol_converter_v2_1_37_axi_protocol_converter/design_1_axi_mem_intercon_imp_auto_pc_0_axi_protocol_converter_v2_1_37_axi3_conv/design_1_axi_mem_intercon_imp_auto_pc_0_axi_protocol_converter_v2_1_37_a_axi3_conv/design_1_axi_mem_intercon_imp_auto_pc_0_axi_data_fifo_v2_1_36_axic_fifo/design_1_axi_mem_intercon_imp_auto_pc_0_axi_data_fifo_v2_1_36_fifo_gen_1/<hidden>/<hidden>/<hidden>/<hidden>/<hidden>
                         net (fo=32, routed)          0.382     1.635    design_1_wrapper/design_1/design_1_axi_mem_intercon_0/s00_couplers_imp_7HNO1D/design_1_axi_mem_intercon_imp_auto_pc_0/design_1_axi_mem_intercon_imp_auto_pc_0_axi_protocol_converter_v2_1_37_axi_protocol_converter/design_1_axi_mem_intercon_imp_auto_pc_0_axi_protocol_converter_v2_1_37_axi3_conv/design_1_axi_mem_intercon_imp_auto_pc_0_axi_protocol_converter_v2_1_37_a_axi3_conv/design_1_axi_mem_intercon_imp_auto_pc_0_axi_data_fifo_v2_1_36_axic_fifo/design_1_axi_mem_intercon_imp_auto_pc_0_axi_data_fifo_v2_1_36_fifo_gen_1/<hidden>/<hidden>/<hidden>/<hidden>/<hidden>/<hidden>
    SLICE_X47Y51         FDCE                                         f  design_1_wrapper/design_1/design_1_axi_mem_intercon_0/s00_couplers_imp_7HNO1D/design_1_axi_mem_intercon_imp_auto_pc_0/design_1_axi_mem_intercon_imp_auto_pc_0_axi_protocol_converter_v2_1_37_axi_protocol_converter/design_1_axi_mem_intercon_imp_auto_pc_0_axi_protocol_converter_v2_1_37_axi3_conv/design_1_axi_mem_intercon_imp_auto_pc_0_axi_protocol_converter_v2_1_37_a_axi3_conv/design_1_axi_mem_intercon_imp_auto_pc_0_axi_data_fifo_v2_1_36_axic_fifo/design_1_axi_mem_intercon_imp_auto_pc_0_axi_data_fifo_v2_1_36_fifo_gen_1/<hidden>/<hidden>/<hidden>/<hidden>/<hidden>/<hidden>
  -------------------------------------------------------------------    -------------------

                         (clock clk_fpga_0 rise edge)
                                                      0.000     0.000 r  
    PS7_X0Y0             PS7                          0.000     0.000 r  design_1_i/processing_system7_0/inst/PS7_i/FCLKCLK[0]
                         net (fo=1, routed)           0.337     0.337    design_1_i/processing_system7_0/inst/FCLK_CLK_unbuffered[0]
    BUFGCTRL_X0Y16       BUFG (Prop_bufg_I_O)         0.029     0.366 r  design_1_i/processing_system7_0/inst/buffer_fclk_clk_0.FCLK_CLK_0_BUFG/O
                         net (fo=4149, routed)        0.825     1.191    design_1_wrapper/design_1/design_1_axi_mem_intercon_0/s00_couplers_imp_7HNO1D/design_1_axi_mem_intercon_imp_auto_pc_0/design_1_axi_mem_intercon_imp_auto_pc_0_axi_protocol_converter_v2_1_37_axi_protocol_converter/design_1_axi_mem_intercon_imp_auto_pc_0_axi_protocol_converter_v2_1_37_axi3_conv/design_1_axi_mem_intercon_imp_auto_pc_0_axi_protocol_converter_v2_1_37_a_axi3_conv/design_1_axi_mem_intercon_imp_auto_pc_0_axi_data_fifo_v2_1_36_axic_fifo/design_1_axi_mem_intercon_imp_auto_pc_0_axi_data_fifo_v2_1_36_fifo_gen_1/<hidden>/<hidden>/<hidden>/<hidden>/<hidden>/<hidden>
    SLICE_X47Y51         FDCE                                         r  design_1_wrapper/design_1/design_1_axi_mem_intercon_0/s00_couplers_imp_7HNO1D/design_1_axi_mem_intercon_imp_auto_pc_0/design_1_axi_mem_intercon_imp_auto_pc_0_axi_protocol_converter_v2_1_37_axi_protocol_converter/design_1_axi_mem_intercon_imp_auto_pc_0_axi_protocol_converter_v2_1_37_axi3_conv/design_1_axi_mem_intercon_imp_auto_pc_0_axi_protocol_converter_v2_1_37_a_axi3_conv/design_1_axi_mem_intercon_imp_auto_pc_0_axi_data_fifo_v2_1_36_axic_fifo/design_1_axi_mem_intercon_imp_auto_pc_0_axi_data_fifo_v2_1_36_fifo_gen_1/<hidden>/<hidden>/<hidden>/<hidden>/<hidden>/<hidden>
                         clock pessimism             -0.030     1.161    
    SLICE_X47Y51         FDCE (Remov_fdce_C_CLR)     -0.092     1.069    design_1_wrapper/design_1/design_1_axi_mem_intercon_0/s00_couplers_imp_7HNO1D/design_1_axi_mem_intercon_imp_auto_pc_0/design_1_axi_mem_intercon_imp_auto_pc_0_axi_protocol_converter_v2_1_37_axi_protocol_converter/design_1_axi_mem_intercon_imp_auto_pc_0_axi_protocol_converter_v2_1_37_axi3_conv/design_1_axi_mem_intercon_imp_auto_pc_0_axi_protocol_converter_v2_1_37_a_axi3_conv/design_1_axi_mem_intercon_imp_auto_pc_0_axi_data_fifo_v2_1_36_axic_fifo/design_1_axi_mem_intercon_imp_auto_pc_0_axi_data_fifo_v2_1_36_fifo_gen_1/<hidden>/<hidden>/<hidden>/<hidden>/<hidden>/<hidden>
  -------------------------------------------------------------------
                         required time                         -1.069    
                         arrival time                           1.635    
  -------------------------------------------------------------------
                         slack                                  0.566    

Slack (MET) :             0.566ns  (arrival time - required time)
  Source:                 design_1_wrapper/design_1/design_1_axi_mem_intercon_0/s00_couplers_imp_7HNO1D/design_1_axi_mem_intercon_imp_auto_pc_0/design_1_axi_mem_intercon_imp_auto_pc_0_axi_protocol_converter_v2_1_37_axi_protocol_converter/design_1_axi_mem_intercon_imp_auto_pc_0_axi_protocol_converter_v2_1_37_axi3_conv/design_1_axi_mem_intercon_imp_auto_pc_0_axi_protocol_converter_v2_1_37_a_axi3_conv/design_1_axi_mem_intercon_imp_auto_pc_0_axi_data_fifo_v2_1_36_axic_fifo/design_1_axi_mem_intercon_imp_auto_pc_0_axi_data_fifo_v2_1_36_fifo_gen_1/<hidden>/<hidden>/<hidden>/<hidden>/<hidden>/<hidden>
                            (rising edge-triggered cell FDPE clocked by clk_fpga_0  {rise@0.000ns fall@5.000ns period=10.000ns})
  Destination:            design_1_wrapper/design_1/design_1_axi_mem_intercon_0/s00_couplers_imp_7HNO1D/design_1_axi_mem_intercon_imp_auto_pc_0/design_1_axi_mem_intercon_imp_auto_pc_0_axi_protocol_converter_v2_1_37_axi_protocol_converter/design_1_axi_mem_intercon_imp_auto_pc_0_axi_protocol_converter_v2_1_37_axi3_conv/design_1_axi_mem_intercon_imp_auto_pc_0_axi_protocol_converter_v2_1_37_a_axi3_conv/design_1_axi_mem_intercon_imp_auto_pc_0_axi_data_fifo_v2_1_36_axic_fifo/design_1_axi_mem_intercon_imp_auto_pc_0_axi_data_fifo_v2_1_36_fifo_gen_1/<hidden>/<hidden>/<hidden>/<hidden>/<hidden>/<hidden>
                            (removal check against rising-edge clock clk_fpga_0  {rise@0.000ns fall@5.000ns period=10.000ns})
  Path Group:             **async_default**
  Path Type:              Removal (Min at Fast Process Corner)
  Requirement:            0.000ns  (clk_fpga_0 rise@0.000ns - clk_fpga_0 rise@0.000ns)
  Data Path Delay:        0.737ns  (logic 0.246ns (33.398%)  route 0.491ns (66.602%))
  Logic Levels:           1  (LUT3=1)
  Clock Path Skew:        0.262ns (DCD - SCD - CPR)
    Destination Clock Delay (DCD):    1.191ns
    Source Clock Delay      (SCD):    0.899ns
    Clock Pessimism Removal (CPR):    0.030ns

    Location             Delay type                Incr(ns)  Path(ns)    Netlist Resource(s)
  -------------------------------------------------------------------    -------------------
                         (clock clk_fpga_0 rise edge)
                                                      0.000     0.000 r  
    PS7_X0Y0             PS7                          0.000     0.000 r  design_1_i/processing_system7_0/inst/PS7_i/FCLKCLK[0]
                         net (fo=1, routed)           0.310     0.310    design_1_i/processing_system7_0/inst/FCLK_CLK_unbuffered[0]
    BUFGCTRL_X0Y16       BUFG (Prop_bufg_I_O)         0.026     0.336 r  design_1_i/processing_system7_0/inst/buffer_fclk_clk_0.FCLK_CLK_0_BUFG/O
                         net (fo=4149, routed)        0.563     0.899    design_1_wrapper/design_1/design_1_axi_mem_intercon_0/s00_couplers_imp_7HNO1D/design_1_axi_mem_intercon_imp_auto_pc_0/design_1_axi_mem_intercon_imp_auto_pc_0_axi_protocol_converter_v2_1_37_axi_protocol_converter/design_1_axi_mem_intercon_imp_auto_pc_0_axi_protocol_converter_v2_1_37_axi3_conv/design_1_axi_mem_intercon_imp_auto_pc_0_axi_protocol_converter_v2_1_37_a_axi3_conv/design_1_axi_mem_intercon_imp_auto_pc_0_axi_data_fifo_v2_1_36_axic_fifo/design_1_axi_mem_intercon_imp_auto_pc_0_axi_data_fifo_v2_1_36_fifo_gen_1/<hidden>/<hidden>/<hidden>/<hidden>/<hidden>/<hidden>
    SLICE_X46Y48         FDPE                                         r  design_1_wrapper/design_1/design_1_axi_mem_intercon_0/s00_couplers_imp_7HNO1D/design_1_axi_mem_intercon_imp_auto_pc_0/design_1_axi_mem_intercon_imp_auto_pc_0_axi_protocol_converter_v2_1_37_axi_protocol_converter/design_1_axi_mem_intercon_imp_auto_pc_0_axi_protocol_converter_v2_1_37_axi3_conv/design_1_axi_mem_intercon_imp_auto_pc_0_axi_protocol_converter_v2_1_37_a_axi3_conv/design_1_axi_mem_intercon_imp_auto_pc_0_axi_data_fifo_v2_1_36_axic_fifo/design_1_axi_mem_intercon_imp_auto_pc_0_axi_data_fifo_v2_1_36_fifo_gen_1/<hidden>/<hidden>/<hidden>/<hidden>/<hidden>/<hidden>
  -------------------------------------------------------------------    -------------------
    SLICE_X46Y48         FDPE (Prop_fdpe_C_Q)         0.148     1.047 f  design_1_wrapper/design_1/design_1_axi_mem_intercon_0/s00_couplers_imp_7HNO1D/design_1_axi_mem_intercon_imp_auto_pc_0/design_1_axi_mem_intercon_imp_auto_pc_0_axi_protocol_converter_v2_1_37_axi_protocol_converter/design_1_axi_mem_intercon_imp_auto_pc_0_axi_protocol_converter_v2_1_37_axi3_conv/design_1_axi_mem_intercon_imp_auto_pc_0_axi_protocol_converter_v2_1_37_a_axi3_conv/design_1_axi_mem_intercon_imp_auto_pc_0_axi_data_fifo_v2_1_36_axic_fifo/design_1_axi_mem_intercon_imp_auto_pc_0_axi_data_fifo_v2_1_36_fifo_gen_1/<hidden>/<hidden>/<hidden>/<hidden>/<hidden>/<hidden>
                         net (fo=3, routed)           0.108     1.155    design_1_wrapper/design_1/design_1_axi_mem_intercon_0/s00_couplers_imp_7HNO1D/design_1_axi_mem_intercon_imp_auto_pc_0/design_1_axi_mem_intercon_imp_auto_pc_0_axi_protocol_converter_v2_1_37_axi_protocol_converter/design_1_axi_mem_intercon_imp_auto_pc_0_axi_protocol_converter_v2_1_37_axi3_conv/design_1_axi_mem_intercon_imp_auto_pc_0_axi_protocol_converter_v2_1_37_a_axi3_conv/design_1_axi_mem_intercon_imp_auto_pc_0_axi_data_fifo_v2_1_36_axic_fifo/design_1_axi_mem_intercon_imp_auto_pc_0_axi_data_fifo_v2_1_36_fifo_gen_1/<hidden>/<hidden>/<hidden>/<hidden>/<hidden>
    SLICE_X45Y48         LUT3 (Prop_lut3_I2_O)        0.098     1.253 f  design_1_wrapper/design_1/design_1_axi_mem_intercon_0/s00_couplers_imp_7HNO1D/design_1_axi_mem_intercon_imp_auto_pc_0/design_1_axi_mem_intercon_imp_auto_pc_0_axi_protocol_converter_v2_1_37_axi_protocol_converter/design_1_axi_mem_intercon_imp_auto_pc_0_axi_protocol_converter_v2_1_37_axi3_conv/design_1_axi_mem_intercon_imp_auto_pc_0_axi_protocol_converter_v2_1_37_a_axi3_conv/design_1_axi_mem_intercon_imp_auto_pc_0_axi_data_fifo_v2_1_36_axic_fifo/design_1_axi_mem_intercon_imp_auto_pc_0_axi_data_fifo_v2_1_36_fifo_gen_1/<hidden>/<hidden>/<hidden>/<hidden>/<hidden>
                         net (fo=32, routed)          0.382     1.635    design_1_wrapper/design_1/design_1_axi_mem_intercon_0/s00_couplers_imp_7HNO1D/design_1_axi_mem_intercon_imp_auto_pc_0/design_1_axi_mem_intercon_imp_auto_pc_0_axi_protocol_converter_v2_1_37_axi_protocol_converter/design_1_axi_mem_intercon_imp_auto_pc_0_axi_protocol_converter_v2_1_37_axi3_conv/design_1_axi_mem_intercon_imp_auto_pc_0_axi_protocol_converter_v2_1_37_a_axi3_conv/design_1_axi_mem_intercon_imp_auto_pc_0_axi_data_fifo_v2_1_36_axic_fifo/design_1_axi_mem_intercon_imp_auto_pc_0_axi_data_fifo_v2_1_36_fifo_gen_1/<hidden>/<hidden>/<hidden>/<hidden>/<hidden>/<hidden>
    SLICE_X47Y51         FDCE                                         f  design_1_wrapper/design_1/design_1_axi_mem_intercon_0/s00_couplers_imp_7HNO1D/design_1_axi_mem_intercon_imp_auto_pc_0/design_1_axi_mem_intercon_imp_auto_pc_0_axi_protocol_converter_v2_1_37_axi_protocol_converter/design_1_axi_mem_intercon_imp_auto_pc_0_axi_protocol_converter_v2_1_37_axi3_conv/design_1_axi_mem_intercon_imp_auto_pc_0_axi_protocol_converter_v2_1_37_a_axi3_conv/design_1_axi_mem_intercon_imp_auto_pc_0_axi_data_fifo_v2_1_36_axic_fifo/design_1_axi_mem_intercon_imp_auto_pc_0_axi_data_fifo_v2_1_36_fifo_gen_1/<hidden>/<hidden>/<hidden>/<hidden>/<hidden>/<hidden>
  -------------------------------------------------------------------    -------------------

                         (clock clk_fpga_0 rise edge)
                                                      0.000     0.000 r  
    PS7_X0Y0             PS7                          0.000     0.000 r  design_1_i/processing_system7_0/inst/PS7_i/FCLKCLK[0]
                         net (fo=1, routed)           0.337     0.337    design_1_i/processing_system7_0/inst/FCLK_CLK_unbuffered[0]
    BUFGCTRL_X0Y16       BUFG (Prop_bufg_I_O)         0.029     0.366 r  design_1_i/processing_system7_0/inst/buffer_fclk_clk_0.FCLK_CLK_0_BUFG/O
                         net (fo=4149, routed)        0.825     1.191    design_1_wrapper/design_1/design_1_axi_mem_intercon_0/s00_couplers_imp_7HNO1D/design_1_axi_mem_intercon_imp_auto_pc_0/design_1_axi_mem_intercon_imp_auto_pc_0_axi_protocol_converter_v2_1_37_axi_protocol_converter/design_1_axi_mem_intercon_imp_auto_pc_0_axi_protocol_converter_v2_1_37_axi3_conv/design_1_axi_mem_intercon_imp_auto_pc_0_axi_protocol_converter_v2_1_37_a_axi3_conv/design_1_axi_mem_intercon_imp_auto_pc_0_axi_data_fifo_v2_1_36_axic_fifo/design_1_axi_mem_intercon_imp_auto_pc_0_axi_data_fifo_v2_1_36_fifo_gen_1/<hidden>/<hidden>/<hidden>/<hidden>/<hidden>/<hidden>
    SLICE_X47Y51         FDCE                                         r  design_1_wrapper/design_1/design_1_axi_mem_intercon_0/s00_couplers_imp_7HNO1D/design_1_axi_mem_intercon_imp_auto_pc_0/design_1_axi_mem_intercon_imp_auto_pc_0_axi_protocol_converter_v2_1_37_axi_protocol_converter/design_1_axi_mem_intercon_imp_auto_pc_0_axi_protocol_converter_v2_1_37_axi3_conv/design_1_axi_mem_intercon_imp_auto_pc_0_axi_protocol_converter_v2_1_37_a_axi3_conv/design_1_axi_mem_intercon_imp_auto_pc_0_axi_data_fifo_v2_1_36_axic_fifo/design_1_axi_mem_intercon_imp_auto_pc_0_axi_data_fifo_v2_1_36_fifo_gen_1/<hidden>/<hidden>/<hidden>/<hidden>/<hidden>/<hidden>
                         clock pessimism             -0.030     1.161    
    SLICE_X47Y51         FDCE (Remov_fdce_C_CLR)     -0.092     1.069    design_1_wrapper/design_1/design_1_axi_mem_intercon_0/s00_couplers_imp_7HNO1D/design_1_axi_mem_intercon_imp_auto_pc_0/design_1_axi_mem_intercon_imp_auto_pc_0_axi_protocol_converter_v2_1_37_axi_protocol_converter/design_1_axi_mem_intercon_imp_auto_pc_0_axi_protocol_converter_v2_1_37_axi3_conv/design_1_axi_mem_intercon_imp_auto_pc_0_axi_protocol_converter_v2_1_37_a_axi3_conv/design_1_axi_mem_intercon_imp_auto_pc_0_axi_data_fifo_v2_1_36_axic_fifo/design_1_axi_mem_intercon_imp_auto_pc_0_axi_data_fifo_v2_1_36_fifo_gen_1/<hidden>/<hidden>/<hidden>/<hidden>/<hidden>/<hidden>
  -------------------------------------------------------------------
                         required time                         -1.069    
                         arrival time                           1.635    
  -------------------------------------------------------------------
                         slack                                  0.566    





--------------------------------------------------------------------------------------
Path Group:  (none)
From Clock:  
  To Clock:  clk_fpga_0

Max Delay             1 Endpoint
Min Delay             1 Endpoint
--------------------------------------------------------------------------------------


Max Delay Paths
--------------------------------------------------------------------------------------
Slack:                    inf
  Source:                 design_1_i/processing_system7_0/inst/PS7_i/FCLKRESETN[0]
                            (internal pin)
  Destination:            design_1_i/rst_ps7_0_100M/U0/EXT_LPF/ACTIVE_LOW_EXT.ACT_LO_EXT/syncstages_ff_reg[0]/D
                            (rising edge-triggered cell FDRE clocked by clk_fpga_0  {rise@0.000ns fall@5.000ns period=10.000ns})
  Path Group:             (none)
  Path Type:              Setup (Max at Slow Process Corner)
  Data Path Delay:        3.069ns  (logic 0.124ns (4.041%)  route 2.945ns (95.959%))
  Logic Levels:           1  (LUT1=1)
  Clock Uncertainty:      0.152ns  ((TSJ^2 + TIJ^2)^1/2 + DJ) / 2 + PE
    Total System Jitter     (TSJ):    0.050ns
    Total Input Jitter      (TIJ):    0.300ns
    Discrete Jitter          (DJ):    0.000ns
    Phase Error              (PE):    0.000ns
  Timing Exception:       False Path

    Location             Delay type                Incr(ns)  Path(ns)    Netlist Resource(s)
  -------------------------------------------------------------------    -------------------
    PS7_X0Y0             PS7                          0.000     0.000 f  design_1_i/processing_system7_0/inst/PS7_i/FCLKRESETN[0]
                         net (fo=1, routed)           2.945     2.945    design_1_i/rst_ps7_0_100M/U0/EXT_LPF/ext_reset_in
    SLICE_X18Y44         LUT1 (Prop_lut1_I0_O)        0.124     3.069 r  design_1_i/rst_ps7_0_100M/U0/EXT_LPF/ACTIVE_LOW_EXT.ACT_LO_EXT_i_1/O
                         net (fo=1, routed)           0.000     3.069    design_1_i/rst_ps7_0_100M/U0/EXT_LPF/ACTIVE_LOW_EXT.ACT_LO_EXT/src_in
    SLICE_X18Y44         FDRE                                         r  design_1_i/rst_ps7_0_100M/U0/EXT_LPF/ACTIVE_LOW_EXT.ACT_LO_EXT/syncstages_ff_reg[0]/D
  -------------------------------------------------------------------    -------------------

                         (clock clk_fpga_0 rise edge)
                                                      0.000     0.000 r  
    PS7_X0Y0             PS7                          0.000     0.000 r  design_1_i/processing_system7_0/inst/PS7_i/FCLKCLK[0]
                         net (fo=1, routed)           1.088     1.088    design_1_i/processing_system7_0/inst/FCLK_CLK_unbuffered[0]
    BUFGCTRL_X0Y16       BUFG (Prop_bufg_I_O)         0.091     1.179 r  design_1_i/processing_system7_0/inst/buffer_fclk_clk_0.FCLK_CLK_0_BUFG/O
                         net (fo=4149, routed)        1.580     2.759    design_1_i/rst_ps7_0_100M/U0/EXT_LPF/ACTIVE_LOW_EXT.ACT_LO_EXT/dest_clk
    SLICE_X18Y44         FDRE                                         r  design_1_i/rst_ps7_0_100M/U0/EXT_LPF/ACTIVE_LOW_EXT.ACT_LO_EXT/syncstages_ff_reg[0]/C





Min Delay Paths
--------------------------------------------------------------------------------------
Slack:                    inf
  Source:                 design_1_i/processing_system7_0/inst/PS7_i/FCLKRESETN[0]
                            (internal pin)
  Destination:            design_1_i/rst_ps7_0_100M/U0/EXT_LPF/ACTIVE_LOW_EXT.ACT_LO_EXT/syncstages_ff_reg[0]/D
                            (rising edge-triggered cell FDRE clocked by clk_fpga_0  {rise@0.000ns fall@5.000ns period=10.000ns})
  Path Group:             (none)
  Path Type:              Hold (Min at Fast Process Corner)
  Data Path Delay:        1.283ns  (logic 0.045ns (3.508%)  route 1.238ns (96.492%))
  Logic Levels:           1  (LUT1=1)
  Clock Uncertainty:      0.152ns  ((TSJ^2 + TIJ^2)^1/2 + DJ) / 2 + PE
    Total System Jitter     (TSJ):    0.050ns
    Total Input Jitter      (TIJ):    0.300ns
    Discrete Jitter          (DJ):    0.000ns
    Phase Error              (PE):    0.000ns
  Timing Exception:       False Path

    Location             Delay type                Incr(ns)  Path(ns)    Netlist Resource(s)
  -------------------------------------------------------------------    -------------------
    PS7_X0Y0             PS7                          0.000     0.000 f  design_1_i/processing_system7_0/inst/PS7_i/FCLKRESETN[0]
                         net (fo=1, routed)           1.238     1.238    design_1_i/rst_ps7_0_100M/U0/EXT_LPF/ext_reset_in
    SLICE_X18Y44         LUT1 (Prop_lut1_I0_O)        0.045     1.283 r  design_1_i/rst_ps7_0_100M/U0/EXT_LPF/ACTIVE_LOW_EXT.ACT_LO_EXT_i_1/O
                         net (fo=1, routed)           0.000     1.283    design_1_i/rst_ps7_0_100M/U0/EXT_LPF/ACTIVE_LOW_EXT.ACT_LO_EXT/src_in
    SLICE_X18Y44         FDRE                                         r  design_1_i/rst_ps7_0_100M/U0/EXT_LPF/ACTIVE_LOW_EXT.ACT_LO_EXT/syncstages_ff_reg[0]/D
  -------------------------------------------------------------------    -------------------

                         (clock clk_fpga_0 rise edge)
                                                      0.000     0.000 r  
    PS7_X0Y0             PS7                          0.000     0.000 r  design_1_i/processing_system7_0/inst/PS7_i/FCLKCLK[0]
                         net (fo=1, routed)           0.337     0.337    design_1_i/processing_system7_0/inst/FCLK_CLK_unbuffered[0]
    BUFGCTRL_X0Y16       BUFG (Prop_bufg_I_O)         0.029     0.366 r  design_1_i/processing_system7_0/inst/buffer_fclk_clk_0.FCLK_CLK_0_BUFG/O
                         net (fo=4149, routed)        0.865     1.231    design_1_i/rst_ps7_0_100M/U0/EXT_LPF/ACTIVE_LOW_EXT.ACT_LO_EXT/dest_clk
    SLICE_X18Y44         FDRE                                         r  design_1_i/rst_ps7_0_100M/U0/EXT_LPF/ACTIVE_LOW_EXT.ACT_LO_EXT/syncstages_ff_reg[0]/C





--------------------------------------------------------------------------------------
Path Group:  (none)
From Clock:  clk_fpga_0
  To Clock:  clk_fpga_0

Max Delay            34 Endpoints
Min Delay            34 Endpoints
--------------------------------------------------------------------------------------


Max Delay Paths
--------------------------------------------------------------------------------------
Slack:                    inf
  Source:                 design_1_i/rst_ps7_0_100M/U0/ACTIVE_LOW_PR_OUT_DFF[0].FDRE_PER_N/C
                            (rising edge-triggered cell FDRE clocked by clk_fpga_0  {rise@0.000ns fall@5.000ns period=10.000ns})
  Destination:            design_1_i/axi_smc/inst/clk_map/psr_aclk/U0/EXT_LPF/ACTIVE_LOW_AUX.ACT_LO_AUX/syncstages_ff_reg[0]/D
                            (rising edge-triggered cell FDRE clocked by clk_fpga_0  {rise@0.000ns fall@5.000ns period=10.000ns})
  Path Group:             (none)
  Path Type:              Setup (Max at Slow Process Corner)
  Data Path Delay:        5.553ns  (logic 0.642ns (11.561%)  route 4.911ns (88.439%))
  Logic Levels:           1  (LUT1=1)
  Clock Path Skew:        -0.404ns (DCD - SCD + CPR)
    Destination Clock Delay (DCD):    2.647ns
    Source Clock Delay      (SCD):    3.051ns
    Clock Pessimism Removal (CPR):    0.000ns
  Clock Uncertainty:      0.154ns  ((TSJ^2 + TIJ^2)^1/2 + DJ) / 2 + PE
    Total System Jitter     (TSJ):    0.071ns
    Total Input Jitter      (TIJ):    0.300ns
    Discrete Jitter          (DJ):    0.000ns
    Phase Error              (PE):    0.000ns
  Timing Exception:       False Path

    Location             Delay type                Incr(ns)  Path(ns)    Netlist Resource(s)
  -------------------------------------------------------------------    -------------------
                         (clock clk_fpga_0 rise edge)
                                                      0.000     0.000 r  
    PS7_X0Y0             PS7                          0.000     0.000 r  design_1_i/processing_system7_0/inst/PS7_i/FCLKCLK[0]
                         net (fo=1, routed)           1.193     1.193    design_1_i/processing_system7_0/inst/FCLK_CLK_unbuffered[0]
    BUFGCTRL_X0Y16       BUFG (Prop_bufg_I_O)         0.101     1.294 r  design_1_i/processing_system7_0/inst/buffer_fclk_clk_0.FCLK_CLK_0_BUFG/O
                         net (fo=4149, routed)        1.757     3.051    design_1_i/rst_ps7_0_100M/U0/slowest_sync_clk
    SLICE_X14Y44         FDRE                                         r  design_1_i/rst_ps7_0_100M/U0/ACTIVE_LOW_PR_OUT_DFF[0].FDRE_PER_N/C
  -------------------------------------------------------------------    -------------------
    SLICE_X14Y44         FDRE (Prop_fdre_C_Q)         0.518     3.569 f  design_1_i/rst_ps7_0_100M/U0/ACTIVE_LOW_PR_OUT_DFF[0].FDRE_PER_N/Q
                         net (fo=40, routed)          4.911     8.480    design_1_i/axi_smc/inst/clk_map/psr_aclk/U0/EXT_LPF/aresetn
    SLICE_X45Y81         LUT1 (Prop_lut1_I0_O)        0.124     8.604 r  design_1_i/axi_smc/inst/clk_map/psr_aclk/U0/EXT_LPF/ACTIVE_LOW_AUX.ACT_LO_AUX_i_1/O
                         net (fo=1, routed)           0.000     8.604    design_1_i/axi_smc/inst/clk_map/psr_aclk/U0/EXT_LPF/ACTIVE_LOW_AUX.ACT_LO_AUX/src_in
    SLICE_X45Y81         FDRE                                         r  design_1_i/axi_smc/inst/clk_map/psr_aclk/U0/EXT_LPF/ACTIVE_LOW_AUX.ACT_LO_AUX/syncstages_ff_reg[0]/D
  -------------------------------------------------------------------    -------------------

                         (clock clk_fpga_0 rise edge)
                                                      0.000     0.000 r  
    PS7_X0Y0             PS7                          0.000     0.000 r  design_1_i/processing_system7_0/inst/PS7_i/FCLKCLK[0]
                         net (fo=1, routed)           1.088     1.088    design_1_i/processing_system7_0/inst/FCLK_CLK_unbuffered[0]
    BUFGCTRL_X0Y16       BUFG (Prop_bufg_I_O)         0.091     1.179 r  design_1_i/processing_system7_0/inst/buffer_fclk_clk_0.FCLK_CLK_0_BUFG/O
                         net (fo=4149, routed)        1.468     2.647    design_1_i/axi_smc/inst/clk_map/psr_aclk/U0/EXT_LPF/ACTIVE_LOW_AUX.ACT_LO_AUX/dest_clk
    SLICE_X45Y81         FDRE                                         r  design_1_i/axi_smc/inst/clk_map/psr_aclk/U0/EXT_LPF/ACTIVE_LOW_AUX.ACT_LO_AUX/syncstages_ff_reg[0]/C

Slack:                    inf
  Source:                 design_1_i/rst_ps7_0_100M/U0/ACTIVE_LOW_PR_OUT_DFF[0].FDRE_PER_N/C
                            (rising edge-triggered cell FDRE clocked by clk_fpga_0  {rise@0.000ns fall@5.000ns period=10.000ns})
  Destination:            design_1_wrapper/design_1/design_1_axi_mem_intercon_0/s00_couplers_imp_7HNO1D/design_1_axi_mem_intercon_imp_auto_pc_0/design_1_axi_mem_intercon_imp_auto_pc_0_axi_protocol_converter_v2_1_37_axi_protocol_converter/design_1_axi_mem_intercon_imp_auto_pc_0_axi_protocol_converter_v2_1_37_axi3_conv/design_1_axi_mem_intercon_imp_auto_pc_0_axi_protocol_converter_v2_1_37_a_axi3_conv/design_1_axi_mem_intercon_imp_auto_pc_0_axi_data_fifo_v2_1_36_axic_fifo/design_1_axi_mem_intercon_imp_auto_pc_0_axi_data_fifo_v2_1_36_fifo_gen_1/<hidden>/<hidden>/<hidden>/<hidden>/<hidden>/<hidden>
                            (recovery check against rising-edge clock clk_fpga_0  {rise@0.000ns fall@5.000ns period=10.000ns})
  Path Group:             (none)
  Path Type:              Recovery (Max at Slow Process Corner)
  Data Path Delay:        3.633ns  (logic 0.642ns (17.673%)  route 2.991ns (82.327%))
  Logic Levels:           1  (LUT1=1)
  Clock Path Skew:        -0.377ns (DCD - SCD + CPR)
    Destination Clock Delay (DCD):    2.674ns
    Source Clock Delay      (SCD):    3.051ns
    Clock Pessimism Removal (CPR):    0.000ns
  Clock Uncertainty:      0.154ns  ((TSJ^2 + TIJ^2)^1/2 + DJ) / 2 + PE
    Total System Jitter     (TSJ):    0.071ns
    Total Input Jitter      (TIJ):    0.300ns
    Discrete Jitter          (DJ):    0.000ns
    Phase Error              (PE):    0.000ns
  Timing Exception:       False Path

    Location             Delay type                Incr(ns)  Path(ns)    Netlist Resource(s)
  -------------------------------------------------------------------    -------------------
                         (clock clk_fpga_0 rise edge)
                                                      0.000     0.000 r  
    PS7_X0Y0             PS7                          0.000     0.000 r  design_1_i/processing_system7_0/inst/PS7_i/FCLKCLK[0]
                         net (fo=1, routed)           1.193     1.193    design_1_i/processing_system7_0/inst/FCLK_CLK_unbuffered[0]
    BUFGCTRL_X0Y16       BUFG (Prop_bufg_I_O)         0.101     1.294 r  design_1_i/processing_system7_0/inst/buffer_fclk_clk_0.FCLK_CLK_0_BUFG/O
                         net (fo=4149, routed)        1.757     3.051    design_1_i/rst_ps7_0_100M/U0/slowest_sync_clk
    SLICE_X14Y44         FDRE                                         r  design_1_i/rst_ps7_0_100M/U0/ACTIVE_LOW_PR_OUT_DFF[0].FDRE_PER_N/C
  -------------------------------------------------------------------    -------------------
    SLICE_X14Y44         FDRE (Prop_fdre_C_Q)         0.518     3.569 r  design_1_i/rst_ps7_0_100M/U0/ACTIVE_LOW_PR_OUT_DFF[0].FDRE_PER_N/Q
                         net (fo=40, routed)          1.792     5.361    design_1_i/axi_mem_intercon/s00_couplers/auto_pc/inst/gen_axi4_axi3.axi3_conv_inst/USE_WRITE.write_addr_inst/USE_BURSTS.cmd_queue/inst/aresetn
    SLICE_X40Y48         LUT1 (Prop_lut1_I0_O)        0.124     5.485 f  design_1_i/axi_mem_intercon/s00_couplers/auto_pc/inst/gen_axi4_axi3.axi3_conv_inst/USE_WRITE.write_addr_inst/USE_BURSTS.cmd_queue/inst/S_AXI_AREADY_I_i_1/O
                         net (fo=126, routed)         1.198     6.684    design_1_wrapper/design_1/design_1_axi_mem_intercon_0/s00_couplers_imp_7HNO1D/design_1_axi_mem_intercon_imp_auto_pc_0/design_1_axi_mem_intercon_imp_auto_pc_0_axi_protocol_converter_v2_1_37_axi_protocol_converter/design_1_axi_mem_intercon_imp_auto_pc_0_axi_protocol_converter_v2_1_37_axi3_conv/design_1_axi_mem_intercon_imp_auto_pc_0_axi_protocol_converter_v2_1_37_a_axi3_conv/design_1_axi_mem_intercon_imp_auto_pc_0_axi_data_fifo_v2_1_36_axic_fifo/design_1_axi_mem_intercon_imp_auto_pc_0_axi_data_fifo_v2_1_36_fifo_gen_1/<hidden>/<hidden>/<hidden>/<hidden>/<hidden>/<hidden>
    SLICE_X46Y48         FDPE                                         f  design_1_wrapper/design_1/design_1_axi_mem_intercon_0/s00_couplers_imp_7HNO1D/design_1_axi_mem_intercon_imp_auto_pc_0/design_1_axi_mem_intercon_imp_auto_pc_0_axi_protocol_converter_v2_1_37_axi_protocol_converter/design_1_axi_mem_intercon_imp_auto_pc_0_axi_protocol_converter_v2_1_37_axi3_conv/design_1_axi_mem_intercon_imp_auto_pc_0_axi_protocol_converter_v2_1_37_a_axi3_conv/design_1_axi_mem_intercon_imp_auto_pc_0_axi_data_fifo_v2_1_36_axic_fifo/design_1_axi_mem_intercon_imp_auto_pc_0_axi_data_fifo_v2_1_36_fifo_gen_1/<hidden>/<hidden>/<hidden>/<hidden>/<hidden>/<hidden>
  -------------------------------------------------------------------    -------------------

                         (clock clk_fpga_0 rise edge)
                                                      0.000     0.000 r  
    PS7_X0Y0             PS7                          0.000     0.000 r  design_1_i/processing_system7_0/inst/PS7_i/FCLKCLK[0]
                         net (fo=1, routed)           1.088     1.088    design_1_i/processing_system7_0/inst/FCLK_CLK_unbuffered[0]
    BUFGCTRL_X0Y16       BUFG (Prop_bufg_I_O)         0.091     1.179 r  design_1_i/processing_system7_0/inst/buffer_fclk_clk_0.FCLK_CLK_0_BUFG/O
                         net (fo=4149, routed)        1.495     2.674    design_1_wrapper/design_1/design_1_axi_mem_intercon_0/s00_couplers_imp_7HNO1D/design_1_axi_mem_intercon_imp_auto_pc_0/design_1_axi_mem_intercon_imp_auto_pc_0_axi_protocol_converter_v2_1_37_axi_protocol_converter/design_1_axi_mem_intercon_imp_auto_pc_0_axi_protocol_converter_v2_1_37_axi3_conv/design_1_axi_mem_intercon_imp_auto_pc_0_axi_protocol_converter_v2_1_37_a_axi3_conv/design_1_axi_mem_intercon_imp_auto_pc_0_axi_data_fifo_v2_1_36_axic_fifo/design_1_axi_mem_intercon_imp_auto_pc_0_axi_data_fifo_v2_1_36_fifo_gen_1/<hidden>/<hidden>/<hidden>/<hidden>/<hidden>/<hidden>
    SLICE_X46Y48         FDPE                                         r  design_1_wrapper/design_1/design_1_axi_mem_intercon_0/s00_couplers_imp_7HNO1D/design_1_axi_mem_intercon_imp_auto_pc_0/design_1_axi_mem_intercon_imp_auto_pc_0_axi_protocol_converter_v2_1_37_axi_protocol_converter/design_1_axi_mem_intercon_imp_auto_pc_0_axi_protocol_converter_v2_1_37_axi3_conv/design_1_axi_mem_intercon_imp_auto_pc_0_axi_protocol_converter_v2_1_37_a_axi3_conv/design_1_axi_mem_intercon_imp_auto_pc_0_axi_data_fifo_v2_1_36_axic_fifo/design_1_axi_mem_intercon_imp_auto_pc_0_axi_data_fifo_v2_1_36_fifo_gen_1/<hidden>/<hidden>/<hidden>/<hidden>/<hidden>/<hidden>

Slack:                    inf
  Source:                 design_1_i/rst_ps7_0_100M/U0/ACTIVE_LOW_PR_OUT_DFF[0].FDRE_PER_N/C
                            (rising edge-triggered cell FDRE clocked by clk_fpga_0  {rise@0.000ns fall@5.000ns period=10.000ns})
  Destination:            design_1_wrapper/design_1/design_1_axi_mem_intercon_0/s00_couplers_imp_7HNO1D/design_1_axi_mem_intercon_imp_auto_pc_0/design_1_axi_mem_intercon_imp_auto_pc_0_axi_protocol_converter_v2_1_37_axi_protocol_converter/design_1_axi_mem_intercon_imp_auto_pc_0_axi_protocol_converter_v2_1_37_axi3_conv/design_1_axi_mem_intercon_imp_auto_pc_0_axi_protocol_converter_v2_1_37_a_axi3_conv/design_1_axi_mem_intercon_imp_auto_pc_0_axi_data_fifo_v2_1_36_axic_fifo/design_1_axi_mem_intercon_imp_auto_pc_0_axi_data_fifo_v2_1_36_fifo_gen_1/<hidden>/<hidden>/<hidden>/<hidden>/<hidden>/<hidden>
                            (recovery check against rising-edge clock clk_fpga_0  {rise@0.000ns fall@5.000ns period=10.000ns})
  Path Group:             (none)
  Path Type:              Recovery (Max at Slow Process Corner)
  Data Path Delay:        3.633ns  (logic 0.642ns (17.673%)  route 2.991ns (82.327%))
  Logic Levels:           1  (LUT1=1)
  Clock Path Skew:        -0.377ns (DCD - SCD + CPR)
    Destination Clock Delay (DCD):    2.674ns
    Source Clock Delay      (SCD):    3.051ns
    Clock Pessimism Removal (CPR):    0.000ns
  Clock Uncertainty:      0.154ns  ((TSJ^2 + TIJ^2)^1/2 + DJ) / 2 + PE
    Total System Jitter     (TSJ):    0.071ns
    Total Input Jitter      (TIJ):    0.300ns
    Discrete Jitter          (DJ):    0.000ns
    Phase Error              (PE):    0.000ns
  Timing Exception:       False Path

    Location             Delay type                Incr(ns)  Path(ns)    Netlist Resource(s)
  -------------------------------------------------------------------    -------------------
                         (clock clk_fpga_0 rise edge)
                                                      0.000     0.000 r  
    PS7_X0Y0             PS7                          0.000     0.000 r  design_1_i/processing_system7_0/inst/PS7_i/FCLKCLK[0]
                         net (fo=1, routed)           1.193     1.193    design_1_i/processing_system7_0/inst/FCLK_CLK_unbuffered[0]
    BUFGCTRL_X0Y16       BUFG (Prop_bufg_I_O)         0.101     1.294 r  design_1_i/processing_system7_0/inst/buffer_fclk_clk_0.FCLK_CLK_0_BUFG/O
                         net (fo=4149, routed)        1.757     3.051    design_1_i/rst_ps7_0_100M/U0/slowest_sync_clk
    SLICE_X14Y44         FDRE                                         r  design_1_i/rst_ps7_0_100M/U0/ACTIVE_LOW_PR_OUT_DFF[0].FDRE_PER_N/C
  -------------------------------------------------------------------    -------------------
    SLICE_X14Y44         FDRE (Prop_fdre_C_Q)         0.518     3.569 r  design_1_i/rst_ps7_0_100M/U0/ACTIVE_LOW_PR_OUT_DFF[0].FDRE_PER_N/Q
                         net (fo=40, routed)          1.792     5.361    design_1_i/axi_mem_intercon/s00_couplers/auto_pc/inst/gen_axi4_axi3.axi3_conv_inst/USE_WRITE.write_addr_inst/USE_BURSTS.cmd_queue/inst/aresetn
    SLICE_X40Y48         LUT1 (Prop_lut1_I0_O)        0.124     5.485 f  design_1_i/axi_mem_intercon/s00_couplers/auto_pc/inst/gen_axi4_axi3.axi3_conv_inst/USE_WRITE.write_addr_inst/USE_BURSTS.cmd_queue/inst/S_AXI_AREADY_I_i_1/O
                         net (fo=126, routed)         1.198     6.684    design_1_wrapper/design_1/design_1_axi_mem_intercon_0/s00_couplers_imp_7HNO1D/design_1_axi_mem_intercon_imp_auto_pc_0/design_1_axi_mem_intercon_imp_auto_pc_0_axi_protocol_converter_v2_1_37_axi_protocol_converter/design_1_axi_mem_intercon_imp_auto_pc_0_axi_protocol_converter_v2_1_37_axi3_conv/design_1_axi_mem_intercon_imp_auto_pc_0_axi_protocol_converter_v2_1_37_a_axi3_conv/design_1_axi_mem_intercon_imp_auto_pc_0_axi_data_fifo_v2_1_36_axic_fifo/design_1_axi_mem_intercon_imp_auto_pc_0_axi_data_fifo_v2_1_36_fifo_gen_1/<hidden>/<hidden>/<hidden>/<hidden>/<hidden>/<hidden>
    SLICE_X46Y48         FDPE                                         f  design_1_wrapper/design_1/design_1_axi_mem_intercon_0/s00_couplers_imp_7HNO1D/design_1_axi_mem_intercon_imp_auto_pc_0/design_1_axi_mem_intercon_imp_auto_pc_0_axi_protocol_converter_v2_1_37_axi_protocol_converter/design_1_axi_mem_intercon_imp_auto_pc_0_axi_protocol_converter_v2_1_37_axi3_conv/design_1_axi_mem_intercon_imp_auto_pc_0_axi_protocol_converter_v2_1_37_a_axi3_conv/design_1_axi_mem_intercon_imp_auto_pc_0_axi_data_fifo_v2_1_36_axic_fifo/design_1_axi_mem_intercon_imp_auto_pc_0_axi_data_fifo_v2_1_36_fifo_gen_1/<hidden>/<hidden>/<hidden>/<hidden>/<hidden>/<hidden>
  -------------------------------------------------------------------    -------------------

                         (clock clk_fpga_0 rise edge)
                                                      0.000     0.000 r  
    PS7_X0Y0             PS7                          0.000     0.000 r  design_1_i/processing_system7_0/inst/PS7_i/FCLKCLK[0]
                         net (fo=1, routed)           1.088     1.088    design_1_i/processing_system7_0/inst/FCLK_CLK_unbuffered[0]
    BUFGCTRL_X0Y16       BUFG (Prop_bufg_I_O)         0.091     1.179 r  design_1_i/processing_system7_0/inst/buffer_fclk_clk_0.FCLK_CLK_0_BUFG/O
                         net (fo=4149, routed)        1.495     2.674    design_1_wrapper/design_1/design_1_axi_mem_intercon_0/s00_couplers_imp_7HNO1D/design_1_axi_mem_intercon_imp_auto_pc_0/design_1_axi_mem_intercon_imp_auto_pc_0_axi_protocol_converter_v2_1_37_axi_protocol_converter/design_1_axi_mem_intercon_imp_auto_pc_0_axi_protocol_converter_v2_1_37_axi3_conv/design_1_axi_mem_intercon_imp_auto_pc_0_axi_protocol_converter_v2_1_37_a_axi3_conv/design_1_axi_mem_intercon_imp_auto_pc_0_axi_data_fifo_v2_1_36_axic_fifo/design_1_axi_mem_intercon_imp_auto_pc_0_axi_data_fifo_v2_1_36_fifo_gen_1/<hidden>/<hidden>/<hidden>/<hidden>/<hidden>/<hidden>
    SLICE_X46Y48         FDPE                                         r  design_1_wrapper/design_1/design_1_axi_mem_intercon_0/s00_couplers_imp_7HNO1D/design_1_axi_mem_intercon_imp_auto_pc_0/design_1_axi_mem_intercon_imp_auto_pc_0_axi_protocol_converter_v2_1_37_axi_protocol_converter/design_1_axi_mem_intercon_imp_auto_pc_0_axi_protocol_converter_v2_1_37_axi3_conv/design_1_axi_mem_intercon_imp_auto_pc_0_axi_protocol_converter_v2_1_37_a_axi3_conv/design_1_axi_mem_intercon_imp_auto_pc_0_axi_data_fifo_v2_1_36_axic_fifo/design_1_axi_mem_intercon_imp_auto_pc_0_axi_data_fifo_v2_1_36_fifo_gen_1/<hidden>/<hidden>/<hidden>/<hidden>/<hidden>/<hidden>

Slack:                    inf
  Source:                 design_1_i/rst_ps7_0_100M/U0/ACTIVE_LOW_PR_OUT_DFF[0].FDRE_PER_N/C
                            (rising edge-triggered cell FDRE clocked by clk_fpga_0  {rise@0.000ns fall@5.000ns period=10.000ns})
  Destination:            design_1_wrapper/design_1/design_1_axi_mem_intercon_0/s00_couplers_imp_7HNO1D/design_1_axi_mem_intercon_imp_auto_pc_0/design_1_axi_mem_intercon_imp_auto_pc_0_axi_protocol_converter_v2_1_37_axi_protocol_converter/design_1_axi_mem_intercon_imp_auto_pc_0_axi_protocol_converter_v2_1_37_axi3_conv/design_1_axi_mem_intercon_imp_auto_pc_0_axi_protocol_converter_v2_1_37_a_axi3_conv/design_1_axi_mem_intercon_imp_auto_pc_0_axi_data_fifo_v2_1_36_axic_fifo_0/design_1_axi_mem_intercon_imp_auto_pc_0_axi_data_fifo_v2_1_36_fifo_gen/<hidden>/<hidden>/<hidden>/<hidden>/<hidden>/<hidden>
                            (recovery check against rising-edge clock clk_fpga_0  {rise@0.000ns fall@5.000ns period=10.000ns})
  Path Group:             (none)
  Path Type:              Recovery (Max at Slow Process Corner)
  Data Path Delay:        3.479ns  (logic 0.642ns (18.451%)  route 2.837ns (81.549%))
  Logic Levels:           1  (LUT1=1)
  Clock Path Skew:        -0.378ns (DCD - SCD + CPR)
    Destination Clock Delay (DCD):    2.673ns
    Source Clock Delay      (SCD):    3.051ns
    Clock Pessimism Removal (CPR):    0.000ns
  Clock Uncertainty:      0.154ns  ((TSJ^2 + TIJ^2)^1/2 + DJ) / 2 + PE
    Total System Jitter     (TSJ):    0.071ns
    Total Input Jitter      (TIJ):    0.300ns
    Discrete Jitter          (DJ):    0.000ns
    Phase Error              (PE):    0.000ns
  Timing Exception:       False Path

    Location             Delay type                Incr(ns)  Path(ns)    Netlist Resource(s)
  -------------------------------------------------------------------    -------------------
                         (clock clk_fpga_0 rise edge)
                                                      0.000     0.000 r  
    PS7_X0Y0             PS7                          0.000     0.000 r  design_1_i/processing_system7_0/inst/PS7_i/FCLKCLK[0]
                         net (fo=1, routed)           1.193     1.193    design_1_i/processing_system7_0/inst/FCLK_CLK_unbuffered[0]
    BUFGCTRL_X0Y16       BUFG (Prop_bufg_I_O)         0.101     1.294 r  design_1_i/processing_system7_0/inst/buffer_fclk_clk_0.FCLK_CLK_0_BUFG/O
                         net (fo=4149, routed)        1.757     3.051    design_1_i/rst_ps7_0_100M/U0/slowest_sync_clk
    SLICE_X14Y44         FDRE                                         r  design_1_i/rst_ps7_0_100M/U0/ACTIVE_LOW_PR_OUT_DFF[0].FDRE_PER_N/C
  -------------------------------------------------------------------    -------------------
    SLICE_X14Y44         FDRE (Prop_fdre_C_Q)         0.518     3.569 r  design_1_i/rst_ps7_0_100M/U0/ACTIVE_LOW_PR_OUT_DFF[0].FDRE_PER_N/Q
                         net (fo=40, routed)          1.792     5.361    design_1_i/axi_mem_intercon/s00_couplers/auto_pc/inst/gen_axi4_axi3.axi3_conv_inst/USE_WRITE.write_addr_inst/USE_BURSTS.cmd_queue/inst/aresetn
    SLICE_X40Y48         LUT1 (Prop_lut1_I0_O)        0.124     5.485 f  design_1_i/axi_mem_intercon/s00_couplers/auto_pc/inst/gen_axi4_axi3.axi3_conv_inst/USE_WRITE.write_addr_inst/USE_BURSTS.cmd_queue/inst/S_AXI_AREADY_I_i_1/O
                         net (fo=126, routed)         1.045     6.530    design_1_wrapper/design_1/design_1_axi_mem_intercon_0/s00_couplers_imp_7HNO1D/design_1_axi_mem_intercon_imp_auto_pc_0/design_1_axi_mem_intercon_imp_auto_pc_0_axi_protocol_converter_v2_1_37_axi_protocol_converter/design_1_axi_mem_intercon_imp_auto_pc_0_axi_protocol_converter_v2_1_37_axi3_conv/design_1_axi_mem_intercon_imp_auto_pc_0_axi_protocol_converter_v2_1_37_a_axi3_conv/design_1_axi_mem_intercon_imp_auto_pc_0_axi_data_fifo_v2_1_36_axic_fifo_0/design_1_axi_mem_intercon_imp_auto_pc_0_axi_data_fifo_v2_1_36_fifo_gen/<hidden>/<hidden>/<hidden>/<hidden>/<hidden>/<hidden>
    SLICE_X46Y46         FDPE                                         f  design_1_wrapper/design_1/design_1_axi_mem_intercon_0/s00_couplers_imp_7HNO1D/design_1_axi_mem_intercon_imp_auto_pc_0/design_1_axi_mem_intercon_imp_auto_pc_0_axi_protocol_converter_v2_1_37_axi_protocol_converter/design_1_axi_mem_intercon_imp_auto_pc_0_axi_protocol_converter_v2_1_37_axi3_conv/design_1_axi_mem_intercon_imp_auto_pc_0_axi_protocol_converter_v2_1_37_a_axi3_conv/design_1_axi_mem_intercon_imp_auto_pc_0_axi_data_fifo_v2_1_36_axic_fifo_0/design_1_axi_mem_intercon_imp_auto_pc_0_axi_data_fifo_v2_1_36_fifo_gen/<hidden>/<hidden>/<hidden>/<hidden>/<hidden>/<hidden>
  -------------------------------------------------------------------    -------------------

                         (clock clk_fpga_0 rise edge)
                                                      0.000     0.000 r  
    PS7_X0Y0             PS7                          0.000     0.000 r  design_1_i/processing_system7_0/inst/PS7_i/FCLKCLK[0]
                         net (fo=1, routed)           1.088     1.088    design_1_i/processing_system7_0/inst/FCLK_CLK_unbuffered[0]
    BUFGCTRL_X0Y16       BUFG (Prop_bufg_I_O)         0.091     1.179 r  design_1_i/processing_system7_0/inst/buffer_fclk_clk_0.FCLK_CLK_0_BUFG/O
                         net (fo=4149, routed)        1.494     2.673    design_1_wrapper/design_1/design_1_axi_mem_intercon_0/s00_couplers_imp_7HNO1D/design_1_axi_mem_intercon_imp_auto_pc_0/design_1_axi_mem_intercon_imp_auto_pc_0_axi_protocol_converter_v2_1_37_axi_protocol_converter/design_1_axi_mem_intercon_imp_auto_pc_0_axi_protocol_converter_v2_1_37_axi3_conv/design_1_axi_mem_intercon_imp_auto_pc_0_axi_protocol_converter_v2_1_37_a_axi3_conv/design_1_axi_mem_intercon_imp_auto_pc_0_axi_data_fifo_v2_1_36_axic_fifo_0/design_1_axi_mem_intercon_imp_auto_pc_0_axi_data_fifo_v2_1_36_fifo_gen/<hidden>/<hidden>/<hidden>/<hidden>/<hidden>/<hidden>
    SLICE_X46Y46         FDPE                                         r  design_1_wrapper/design_1/design_1_axi_mem_intercon_0/s00_couplers_imp_7HNO1D/design_1_axi_mem_intercon_imp_auto_pc_0/design_1_axi_mem_intercon_imp_auto_pc_0_axi_protocol_converter_v2_1_37_axi_protocol_converter/design_1_axi_mem_intercon_imp_auto_pc_0_axi_protocol_converter_v2_1_37_axi3_conv/design_1_axi_mem_intercon_imp_auto_pc_0_axi_protocol_converter_v2_1_37_a_axi3_conv/design_1_axi_mem_intercon_imp_auto_pc_0_axi_data_fifo_v2_1_36_axic_fifo_0/design_1_axi_mem_intercon_imp_auto_pc_0_axi_data_fifo_v2_1_36_fifo_gen/<hidden>/<hidden>/<hidden>/<hidden>/<hidden>/<hidden>

Slack:                    inf
  Source:                 design_1_i/rst_ps7_0_100M/U0/ACTIVE_LOW_PR_OUT_DFF[0].FDRE_PER_N/C
                            (rising edge-triggered cell FDRE clocked by clk_fpga_0  {rise@0.000ns fall@5.000ns period=10.000ns})
  Destination:            design_1_wrapper/design_1/design_1_axi_mem_intercon_0/s00_couplers_imp_7HNO1D/design_1_axi_mem_intercon_imp_auto_pc_0/design_1_axi_mem_intercon_imp_auto_pc_0_axi_protocol_converter_v2_1_37_axi_protocol_converter/design_1_axi_mem_intercon_imp_auto_pc_0_axi_protocol_converter_v2_1_37_axi3_conv/design_1_axi_mem_intercon_imp_auto_pc_0_axi_protocol_converter_v2_1_37_a_axi3_conv/design_1_axi_mem_intercon_imp_auto_pc_0_axi_data_fifo_v2_1_36_axic_fifo_0/design_1_axi_mem_intercon_imp_auto_pc_0_axi_data_fifo_v2_1_36_fifo_gen/<hidden>/<hidden>/<hidden>/<hidden>/<hidden>/<hidden>
                            (recovery check against rising-edge clock clk_fpga_0  {rise@0.000ns fall@5.000ns period=10.000ns})
  Path Group:             (none)
  Path Type:              Recovery (Max at Slow Process Corner)
  Data Path Delay:        3.479ns  (logic 0.642ns (18.451%)  route 2.837ns (81.549%))
  Logic Levels:           1  (LUT1=1)
  Clock Path Skew:        -0.378ns (DCD - SCD + CPR)
    Destination Clock Delay (DCD):    2.673ns
    Source Clock Delay      (SCD):    3.051ns
    Clock Pessimism Removal (CPR):    0.000ns
  Clock Uncertainty:      0.154ns  ((TSJ^2 + TIJ^2)^1/2 + DJ) / 2 + PE
    Total System Jitter     (TSJ):    0.071ns
    Total Input Jitter      (TIJ):    0.300ns
    Discrete Jitter          (DJ):    0.000ns
    Phase Error              (PE):    0.000ns
  Timing Exception:       False Path

    Location             Delay type                Incr(ns)  Path(ns)    Netlist Resource(s)
  -------------------------------------------------------------------    -------------------
                         (clock clk_fpga_0 rise edge)
                                                      0.000     0.000 r  
    PS7_X0Y0             PS7                          0.000     0.000 r  design_1_i/processing_system7_0/inst/PS7_i/FCLKCLK[0]
                         net (fo=1, routed)           1.193     1.193    design_1_i/processing_system7_0/inst/FCLK_CLK_unbuffered[0]
    BUFGCTRL_X0Y16       BUFG (Prop_bufg_I_O)         0.101     1.294 r  design_1_i/processing_system7_0/inst/buffer_fclk_clk_0.FCLK_CLK_0_BUFG/O
                         net (fo=4149, routed)        1.757     3.051    design_1_i/rst_ps7_0_100M/U0/slowest_sync_clk
    SLICE_X14Y44         FDRE                                         r  design_1_i/rst_ps7_0_100M/U0/ACTIVE_LOW_PR_OUT_DFF[0].FDRE_PER_N/C
  -------------------------------------------------------------------    -------------------
    SLICE_X14Y44         FDRE (Prop_fdre_C_Q)         0.518     3.569 r  design_1_i/rst_ps7_0_100M/U0/ACTIVE_LOW_PR_OUT_DFF[0].FDRE_PER_N/Q
                         net (fo=40, routed)          1.792     5.361    design_1_i/axi_mem_intercon/s00_couplers/auto_pc/inst/gen_axi4_axi3.axi3_conv_inst/USE_WRITE.write_addr_inst/USE_BURSTS.cmd_queue/inst/aresetn
    SLICE_X40Y48         LUT1 (Prop_lut1_I0_O)        0.124     5.485 f  design_1_i/axi_mem_intercon/s00_couplers/auto_pc/inst/gen_axi4_axi3.axi3_conv_inst/USE_WRITE.write_addr_inst/USE_BURSTS.cmd_queue/inst/S_AXI_AREADY_I_i_1/O
                         net (fo=126, routed)         1.045     6.530    design_1_wrapper/design_1/design_1_axi_mem_intercon_0/s00_couplers_imp_7HNO1D/design_1_axi_mem_intercon_imp_auto_pc_0/design_1_axi_mem_intercon_imp_auto_pc_0_axi_protocol_converter_v2_1_37_axi_protocol_converter/design_1_axi_mem_intercon_imp_auto_pc_0_axi_protocol_converter_v2_1_37_axi3_conv/design_1_axi_mem_intercon_imp_auto_pc_0_axi_protocol_converter_v2_1_37_a_axi3_conv/design_1_axi_mem_intercon_imp_auto_pc_0_axi_data_fifo_v2_1_36_axic_fifo_0/design_1_axi_mem_intercon_imp_auto_pc_0_axi_data_fifo_v2_1_36_fifo_gen/<hidden>/<hidden>/<hidden>/<hidden>/<hidden>/<hidden>
    SLICE_X46Y46         FDPE                                         f  design_1_wrapper/design_1/design_1_axi_mem_intercon_0/s00_couplers_imp_7HNO1D/design_1_axi_mem_intercon_imp_auto_pc_0/design_1_axi_mem_intercon_imp_auto_pc_0_axi_protocol_converter_v2_1_37_axi_protocol_converter/design_1_axi_mem_intercon_imp_auto_pc_0_axi_protocol_converter_v2_1_37_axi3_conv/design_1_axi_mem_intercon_imp_auto_pc_0_axi_protocol_converter_v2_1_37_a_axi3_conv/design_1_axi_mem_intercon_imp_auto_pc_0_axi_data_fifo_v2_1_36_axic_fifo_0/design_1_axi_mem_intercon_imp_auto_pc_0_axi_data_fifo_v2_1_36_fifo_gen/<hidden>/<hidden>/<hidden>/<hidden>/<hidden>/<hidden>
  -------------------------------------------------------------------    -------------------

                         (clock clk_fpga_0 rise edge)
                                                      0.000     0.000 r  
    PS7_X0Y0             PS7                          0.000     0.000 r  design_1_i/processing_system7_0/inst/PS7_i/FCLKCLK[0]
                         net (fo=1, routed)           1.088     1.088    design_1_i/processing_system7_0/inst/FCLK_CLK_unbuffered[0]
    BUFGCTRL_X0Y16       BUFG (Prop_bufg_I_O)         0.091     1.179 r  design_1_i/processing_system7_0/inst/buffer_fclk_clk_0.FCLK_CLK_0_BUFG/O
                         net (fo=4149, routed)        1.494     2.673    design_1_wrapper/design_1/design_1_axi_mem_intercon_0/s00_couplers_imp_7HNO1D/design_1_axi_mem_intercon_imp_auto_pc_0/design_1_axi_mem_intercon_imp_auto_pc_0_axi_protocol_converter_v2_1_37_axi_protocol_converter/design_1_axi_mem_intercon_imp_auto_pc_0_axi_protocol_converter_v2_1_37_axi3_conv/design_1_axi_mem_intercon_imp_auto_pc_0_axi_protocol_converter_v2_1_37_a_axi3_conv/design_1_axi_mem_intercon_imp_auto_pc_0_axi_data_fifo_v2_1_36_axic_fifo_0/design_1_axi_mem_intercon_imp_auto_pc_0_axi_data_fifo_v2_1_36_fifo_gen/<hidden>/<hidden>/<hidden>/<hidden>/<hidden>/<hidden>
    SLICE_X46Y46         FDPE                                         r  design_1_wrapper/design_1/design_1_axi_mem_intercon_0/s00_couplers_imp_7HNO1D/design_1_axi_mem_intercon_imp_auto_pc_0/design_1_axi_mem_intercon_imp_auto_pc_0_axi_protocol_converter_v2_1_37_axi_protocol_converter/design_1_axi_mem_intercon_imp_auto_pc_0_axi_protocol_converter_v2_1_37_axi3_conv/design_1_axi_mem_intercon_imp_auto_pc_0_axi_protocol_converter_v2_1_37_a_axi3_conv/design_1_axi_mem_intercon_imp_auto_pc_0_axi_data_fifo_v2_1_36_axic_fifo_0/design_1_axi_mem_intercon_imp_auto_pc_0_axi_data_fifo_v2_1_36_fifo_gen/<hidden>/<hidden>/<hidden>/<hidden>/<hidden>/<hidden>

Slack:                    inf
  Source:                 design_1_i/rst_ps7_0_100M/U0/ACTIVE_LOW_PR_OUT_DFF[0].FDRE_PER_N/C
                            (rising edge-triggered cell FDRE clocked by clk_fpga_0  {rise@0.000ns fall@5.000ns period=10.000ns})
  Destination:            design_1_wrapper/design_1/design_1_axi_mem_intercon_0/s00_couplers_imp_7HNO1D/design_1_axi_mem_intercon_imp_auto_pc_0/design_1_axi_mem_intercon_imp_auto_pc_0_axi_protocol_converter_v2_1_37_axi_protocol_converter/design_1_axi_mem_intercon_imp_auto_pc_0_axi_protocol_converter_v2_1_37_axi3_conv/design_1_axi_mem_intercon_imp_auto_pc_0_axi_protocol_converter_v2_1_37_a_axi3_conv__parameterized0/design_1_axi_mem_intercon_imp_auto_pc_0_axi_data_fifo_v2_1_36_axic_fifo__parameterized0/design_1_axi_mem_intercon_imp_auto_pc_0_axi_data_fifo_v2_1_36_fifo_gen__parameterized0/<hidden>/<hidden>/<hidden>/<hidden>/<hidden>/<hidden>
                            (recovery check against rising-edge clock clk_fpga_0  {rise@0.000ns fall@5.000ns period=10.000ns})
  Path Group:             (none)
  Path Type:              Recovery (Max at Slow Process Corner)
  Data Path Delay:        3.452ns  (logic 0.642ns (18.596%)  route 2.810ns (81.404%))
  Logic Levels:           1  (LUT1=1)
  Clock Path Skew:        -0.378ns (DCD - SCD + CPR)
    Destination Clock Delay (DCD):    2.673ns
    Source Clock Delay      (SCD):    3.051ns
    Clock Pessimism Removal (CPR):    0.000ns
  Clock Uncertainty:      0.154ns  ((TSJ^2 + TIJ^2)^1/2 + DJ) / 2 + PE
    Total System Jitter     (TSJ):    0.071ns
    Total Input Jitter      (TIJ):    0.300ns
    Discrete Jitter          (DJ):    0.000ns
    Phase Error              (PE):    0.000ns
  Timing Exception:       False Path

    Location             Delay type                Incr(ns)  Path(ns)    Netlist Resource(s)
  -------------------------------------------------------------------    -------------------
                         (clock clk_fpga_0 rise edge)
                                                      0.000     0.000 r  
    PS7_X0Y0             PS7                          0.000     0.000 r  design_1_i/processing_system7_0/inst/PS7_i/FCLKCLK[0]
                         net (fo=1, routed)           1.193     1.193    design_1_i/processing_system7_0/inst/FCLK_CLK_unbuffered[0]
    BUFGCTRL_X0Y16       BUFG (Prop_bufg_I_O)         0.101     1.294 r  design_1_i/processing_system7_0/inst/buffer_fclk_clk_0.FCLK_CLK_0_BUFG/O
                         net (fo=4149, routed)        1.757     3.051    design_1_i/rst_ps7_0_100M/U0/slowest_sync_clk
    SLICE_X14Y44         FDRE                                         r  design_1_i/rst_ps7_0_100M/U0/ACTIVE_LOW_PR_OUT_DFF[0].FDRE_PER_N/C
  -------------------------------------------------------------------    -------------------
    SLICE_X14Y44         FDRE (Prop_fdre_C_Q)         0.518     3.569 r  design_1_i/rst_ps7_0_100M/U0/ACTIVE_LOW_PR_OUT_DFF[0].FDRE_PER_N/Q
                         net (fo=40, routed)          1.792     5.361    design_1_i/axi_mem_intercon/s00_couplers/auto_pc/inst/gen_axi4_axi3.axi3_conv_inst/USE_WRITE.write_addr_inst/USE_BURSTS.cmd_queue/inst/aresetn
    SLICE_X40Y48         LUT1 (Prop_lut1_I0_O)        0.124     5.485 f  design_1_i/axi_mem_intercon/s00_couplers/auto_pc/inst/gen_axi4_axi3.axi3_conv_inst/USE_WRITE.write_addr_inst/USE_BURSTS.cmd_queue/inst/S_AXI_AREADY_I_i_1/O
                         net (fo=126, routed)         1.018     6.503    design_1_wrapper/design_1/design_1_axi_mem_intercon_0/s00_couplers_imp_7HNO1D/design_1_axi_mem_intercon_imp_auto_pc_0/design_1_axi_mem_intercon_imp_auto_pc_0_axi_protocol_converter_v2_1_37_axi_protocol_converter/design_1_axi_mem_intercon_imp_auto_pc_0_axi_protocol_converter_v2_1_37_axi3_conv/design_1_axi_mem_intercon_imp_auto_pc_0_axi_protocol_converter_v2_1_37_a_axi3_conv__parameterized0/design_1_axi_mem_intercon_imp_auto_pc_0_axi_data_fifo_v2_1_36_axic_fifo__parameterized0/design_1_axi_mem_intercon_imp_auto_pc_0_axi_data_fifo_v2_1_36_fifo_gen__parameterized0/<hidden>/<hidden>/<hidden>/<hidden>/<hidden>/<hidden>
    SLICE_X39Y42         FDPE                                         f  design_1_wrapper/design_1/design_1_axi_mem_intercon_0/s00_couplers_imp_7HNO1D/design_1_axi_mem_intercon_imp_auto_pc_0/design_1_axi_mem_intercon_imp_auto_pc_0_axi_protocol_converter_v2_1_37_axi_protocol_converter/design_1_axi_mem_intercon_imp_auto_pc_0_axi_protocol_converter_v2_1_37_axi3_conv/design_1_axi_mem_intercon_imp_auto_pc_0_axi_protocol_converter_v2_1_37_a_axi3_conv__parameterized0/design_1_axi_mem_intercon_imp_auto_pc_0_axi_data_fifo_v2_1_36_axic_fifo__parameterized0/design_1_axi_mem_intercon_imp_auto_pc_0_axi_data_fifo_v2_1_36_fifo_gen__parameterized0/<hidden>/<hidden>/<hidden>/<hidden>/<hidden>/<hidden>
  -------------------------------------------------------------------    -------------------

                         (clock clk_fpga_0 rise edge)
                                                      0.000     0.000 r  
    PS7_X0Y0             PS7                          0.000     0.000 r  design_1_i/processing_system7_0/inst/PS7_i/FCLKCLK[0]
                         net (fo=1, routed)           1.088     1.088    design_1_i/processing_system7_0/inst/FCLK_CLK_unbuffered[0]
    BUFGCTRL_X0Y16       BUFG (Prop_bufg_I_O)         0.091     1.179 r  design_1_i/processing_system7_0/inst/buffer_fclk_clk_0.FCLK_CLK_0_BUFG/O
                         net (fo=4149, routed)        1.494     2.673    design_1_wrapper/design_1/design_1_axi_mem_intercon_0/s00_couplers_imp_7HNO1D/design_1_axi_mem_intercon_imp_auto_pc_0/design_1_axi_mem_intercon_imp_auto_pc_0_axi_protocol_converter_v2_1_37_axi_protocol_converter/design_1_axi_mem_intercon_imp_auto_pc_0_axi_protocol_converter_v2_1_37_axi3_conv/design_1_axi_mem_intercon_imp_auto_pc_0_axi_protocol_converter_v2_1_37_a_axi3_conv__parameterized0/design_1_axi_mem_intercon_imp_auto_pc_0_axi_data_fifo_v2_1_36_axic_fifo__parameterized0/design_1_axi_mem_intercon_imp_auto_pc_0_axi_data_fifo_v2_1_36_fifo_gen__parameterized0/<hidden>/<hidden>/<hidden>/<hidden>/<hidden>/<hidden>
    SLICE_X39Y42         FDPE                                         r  design_1_wrapper/design_1/design_1_axi_mem_intercon_0/s00_couplers_imp_7HNO1D/design_1_axi_mem_intercon_imp_auto_pc_0/design_1_axi_mem_intercon_imp_auto_pc_0_axi_protocol_converter_v2_1_37_axi_protocol_converter/design_1_axi_mem_intercon_imp_auto_pc_0_axi_protocol_converter_v2_1_37_axi3_conv/design_1_axi_mem_intercon_imp_auto_pc_0_axi_protocol_converter_v2_1_37_a_axi3_conv__parameterized0/design_1_axi_mem_intercon_imp_auto_pc_0_axi_data_fifo_v2_1_36_axic_fifo__parameterized0/design_1_axi_mem_intercon_imp_auto_pc_0_axi_data_fifo_v2_1_36_fifo_gen__parameterized0/<hidden>/<hidden>/<hidden>/<hidden>/<hidden>/<hidden>

Slack:                    inf
  Source:                 design_1_i/rst_ps7_0_100M/U0/ACTIVE_LOW_PR_OUT_DFF[0].FDRE_PER_N/C
                            (rising edge-triggered cell FDRE clocked by clk_fpga_0  {rise@0.000ns fall@5.000ns period=10.000ns})
  Destination:            design_1_wrapper/design_1/design_1_axi_mem_intercon_0/s00_couplers_imp_7HNO1D/design_1_axi_mem_intercon_imp_auto_pc_0/design_1_axi_mem_intercon_imp_auto_pc_0_axi_protocol_converter_v2_1_37_axi_protocol_converter/design_1_axi_mem_intercon_imp_auto_pc_0_axi_protocol_converter_v2_1_37_axi3_conv/design_1_axi_mem_intercon_imp_auto_pc_0_axi_protocol_converter_v2_1_37_a_axi3_conv__parameterized0/design_1_axi_mem_intercon_imp_auto_pc_0_axi_data_fifo_v2_1_36_axic_fifo__parameterized0/design_1_axi_mem_intercon_imp_auto_pc_0_axi_data_fifo_v2_1_36_fifo_gen__parameterized0/<hidden>/<hidden>/<hidden>/<hidden>/<hidden>/<hidden>
                            (recovery check against rising-edge clock clk_fpga_0  {rise@0.000ns fall@5.000ns period=10.000ns})
  Path Group:             (none)
  Path Type:              Recovery (Max at Slow Process Corner)
  Data Path Delay:        3.452ns  (logic 0.642ns (18.596%)  route 2.810ns (81.404%))
  Logic Levels:           1  (LUT1=1)
  Clock Path Skew:        -0.378ns (DCD - SCD + CPR)
    Destination Clock Delay (DCD):    2.673ns
    Source Clock Delay      (SCD):    3.051ns
    Clock Pessimism Removal (CPR):    0.000ns
  Clock Uncertainty:      0.154ns  ((TSJ^2 + TIJ^2)^1/2 + DJ) / 2 + PE
    Total System Jitter     (TSJ):    0.071ns
    Total Input Jitter      (TIJ):    0.300ns
    Discrete Jitter          (DJ):    0.000ns
    Phase Error              (PE):    0.000ns
  Timing Exception:       False Path

    Location             Delay type                Incr(ns)  Path(ns)    Netlist Resource(s)
  -------------------------------------------------------------------    -------------------
                         (clock clk_fpga_0 rise edge)
                                                      0.000     0.000 r  
    PS7_X0Y0             PS7                          0.000     0.000 r  design_1_i/processing_system7_0/inst/PS7_i/FCLKCLK[0]
                         net (fo=1, routed)           1.193     1.193    design_1_i/processing_system7_0/inst/FCLK_CLK_unbuffered[0]
    BUFGCTRL_X0Y16       BUFG (Prop_bufg_I_O)         0.101     1.294 r  design_1_i/processing_system7_0/inst/buffer_fclk_clk_0.FCLK_CLK_0_BUFG/O
                         net (fo=4149, routed)        1.757     3.051    design_1_i/rst_ps7_0_100M/U0/slowest_sync_clk
    SLICE_X14Y44         FDRE                                         r  design_1_i/rst_ps7_0_100M/U0/ACTIVE_LOW_PR_OUT_DFF[0].FDRE_PER_N/C
  -------------------------------------------------------------------    -------------------
    SLICE_X14Y44         FDRE (Prop_fdre_C_Q)         0.518     3.569 r  design_1_i/rst_ps7_0_100M/U0/ACTIVE_LOW_PR_OUT_DFF[0].FDRE_PER_N/Q
                         net (fo=40, routed)          1.792     5.361    design_1_i/axi_mem_intercon/s00_couplers/auto_pc/inst/gen_axi4_axi3.axi3_conv_inst/USE_WRITE.write_addr_inst/USE_BURSTS.cmd_queue/inst/aresetn
    SLICE_X40Y48         LUT1 (Prop_lut1_I0_O)        0.124     5.485 f  design_1_i/axi_mem_intercon/s00_couplers/auto_pc/inst/gen_axi4_axi3.axi3_conv_inst/USE_WRITE.write_addr_inst/USE_BURSTS.cmd_queue/inst/S_AXI_AREADY_I_i_1/O
                         net (fo=126, routed)         1.018     6.503    design_1_wrapper/design_1/design_1_axi_mem_intercon_0/s00_couplers_imp_7HNO1D/design_1_axi_mem_intercon_imp_auto_pc_0/design_1_axi_mem_intercon_imp_auto_pc_0_axi_protocol_converter_v2_1_37_axi_protocol_converter/design_1_axi_mem_intercon_imp_auto_pc_0_axi_protocol_converter_v2_1_37_axi3_conv/design_1_axi_mem_intercon_imp_auto_pc_0_axi_protocol_converter_v2_1_37_a_axi3_conv__parameterized0/design_1_axi_mem_intercon_imp_auto_pc_0_axi_data_fifo_v2_1_36_axic_fifo__parameterized0/design_1_axi_mem_intercon_imp_auto_pc_0_axi_data_fifo_v2_1_36_fifo_gen__parameterized0/<hidden>/<hidden>/<hidden>/<hidden>/<hidden>/<hidden>
    SLICE_X39Y42         FDPE                                         f  design_1_wrapper/design_1/design_1_axi_mem_intercon_0/s00_couplers_imp_7HNO1D/design_1_axi_mem_intercon_imp_auto_pc_0/design_1_axi_mem_intercon_imp_auto_pc_0_axi_protocol_converter_v2_1_37_axi_protocol_converter/design_1_axi_mem_intercon_imp_auto_pc_0_axi_protocol_converter_v2_1_37_axi3_conv/design_1_axi_mem_intercon_imp_auto_pc_0_axi_protocol_converter_v2_1_37_a_axi3_conv__parameterized0/design_1_axi_mem_intercon_imp_auto_pc_0_axi_data_fifo_v2_1_36_axic_fifo__parameterized0/design_1_axi_mem_intercon_imp_auto_pc_0_axi_data_fifo_v2_1_36_fifo_gen__parameterized0/<hidden>/<hidden>/<hidden>/<hidden>/<hidden>/<hidden>
  -------------------------------------------------------------------    -------------------

                         (clock clk_fpga_0 rise edge)
                                                      0.000     0.000 r  
    PS7_X0Y0             PS7                          0.000     0.000 r  design_1_i/processing_system7_0/inst/PS7_i/FCLKCLK[0]
                         net (fo=1, routed)           1.088     1.088    design_1_i/processing_system7_0/inst/FCLK_CLK_unbuffered[0]
    BUFGCTRL_X0Y16       BUFG (Prop_bufg_I_O)         0.091     1.179 r  design_1_i/processing_system7_0/inst/buffer_fclk_clk_0.FCLK_CLK_0_BUFG/O
                         net (fo=4149, routed)        1.494     2.673    design_1_wrapper/design_1/design_1_axi_mem_intercon_0/s00_couplers_imp_7HNO1D/design_1_axi_mem_intercon_imp_auto_pc_0/design_1_axi_mem_intercon_imp_auto_pc_0_axi_protocol_converter_v2_1_37_axi_protocol_converter/design_1_axi_mem_intercon_imp_auto_pc_0_axi_protocol_converter_v2_1_37_axi3_conv/design_1_axi_mem_intercon_imp_auto_pc_0_axi_protocol_converter_v2_1_37_a_axi3_conv__parameterized0/design_1_axi_mem_intercon_imp_auto_pc_0_axi_data_fifo_v2_1_36_axic_fifo__parameterized0/design_1_axi_mem_intercon_imp_auto_pc_0_axi_data_fifo_v2_1_36_fifo_gen__parameterized0/<hidden>/<hidden>/<hidden>/<hidden>/<hidden>/<hidden>
    SLICE_X39Y42         FDPE                                         r  design_1_wrapper/design_1/design_1_axi_mem_intercon_0/s00_couplers_imp_7HNO1D/design_1_axi_mem_intercon_imp_auto_pc_0/design_1_axi_mem_intercon_imp_auto_pc_0_axi_protocol_converter_v2_1_37_axi_protocol_converter/design_1_axi_mem_intercon_imp_auto_pc_0_axi_protocol_converter_v2_1_37_axi3_conv/design_1_axi_mem_intercon_imp_auto_pc_0_axi_protocol_converter_v2_1_37_a_axi3_conv__parameterized0/design_1_axi_mem_intercon_imp_auto_pc_0_axi_data_fifo_v2_1_36_axic_fifo__parameterized0/design_1_axi_mem_intercon_imp_auto_pc_0_axi_data_fifo_v2_1_36_fifo_gen__parameterized0/<hidden>/<hidden>/<hidden>/<hidden>/<hidden>/<hidden>

Slack:                    inf
  Source:                 design_1_i/axi_smc/inst/clk_map/psr_aclk/U0/ACTIVE_LOW_BSR_OUT_DFF[0].FDRE_BSR_N/C
                            (rising edge-triggered cell FDRE clocked by clk_fpga_0  {rise@0.000ns fall@5.000ns period=10.000ns})
  Destination:            design_1_i/axi_smc/inst/m00_exit_pipeline/m00_exit/inst/xpm_cdc_async_rst_inst/arststages_ff_reg[0]/CLR
                            (recovery check against rising-edge clock clk_fpga_0  {rise@0.000ns fall@5.000ns period=10.000ns})
  Path Group:             (none)
  Path Type:              Recovery (Max at Slow Process Corner)
  Data Path Delay:        3.039ns  (logic 0.642ns (21.125%)  route 2.397ns (78.875%))
  Logic Levels:           1  (LUT1=1)
  Clock Path Skew:        -0.282ns (DCD - SCD + CPR)
    Destination Clock Delay (DCD):    2.654ns
    Source Clock Delay      (SCD):    2.936ns
    Clock Pessimism Removal (CPR):    0.000ns
  Clock Uncertainty:      0.154ns  ((TSJ^2 + TIJ^2)^1/2 + DJ) / 2 + PE
    Total System Jitter     (TSJ):    0.071ns
    Total Input Jitter      (TIJ):    0.300ns
    Discrete Jitter          (DJ):    0.000ns
    Phase Error              (PE):    0.000ns
  Timing Exception:       False Path

    Location             Delay type                Incr(ns)  Path(ns)    Netlist Resource(s)
  -------------------------------------------------------------------    -------------------
                         (clock clk_fpga_0 rise edge)
                                                      0.000     0.000 r  
    PS7_X0Y0             PS7                          0.000     0.000 r  design_1_i/processing_system7_0/inst/PS7_i/FCLKCLK[0]
                         net (fo=1, routed)           1.193     1.193    design_1_i/processing_system7_0/inst/FCLK_CLK_unbuffered[0]
    BUFGCTRL_X0Y16       BUFG (Prop_bufg_I_O)         0.101     1.294 r  design_1_i/processing_system7_0/inst/buffer_fclk_clk_0.FCLK_CLK_0_BUFG/O
                         net (fo=4149, routed)        1.642     2.936    design_1_i/axi_smc/inst/clk_map/psr_aclk/U0/aclk
    SLICE_X46Y82         FDRE                                         r  design_1_i/axi_smc/inst/clk_map/psr_aclk/U0/ACTIVE_LOW_BSR_OUT_DFF[0].FDRE_BSR_N/C
  -------------------------------------------------------------------    -------------------
    SLICE_X46Y82         FDRE (Prop_fdre_C_Q)         0.518     3.454 r  design_1_i/axi_smc/inst/clk_map/psr_aclk/U0/ACTIVE_LOW_BSR_OUT_DFF[0].FDRE_BSR_N/Q
                         net (fo=9, routed)           1.775     5.229    design_1_i/axi_smc/inst/m00_exit_pipeline/m00_exit/inst/xpm_cdc_async_rst_inst/src_arst
    SLICE_X35Y85         LUT1 (Prop_lut1_I0_O)        0.124     5.353 f  design_1_i/axi_smc/inst/m00_exit_pipeline/m00_exit/inst/xpm_cdc_async_rst_inst/arststages_ff[2]_i_1/O
                         net (fo=3, routed)           0.622     5.975    design_1_i/axi_smc/inst/m00_exit_pipeline/m00_exit/inst/xpm_cdc_async_rst_inst/reset_pol
    SLICE_X34Y85         FDCE                                         f  design_1_i/axi_smc/inst/m00_exit_pipeline/m00_exit/inst/xpm_cdc_async_rst_inst/arststages_ff_reg[0]/CLR
  -------------------------------------------------------------------    -------------------

                         (clock clk_fpga_0 rise edge)
                                                      0.000     0.000 r  
    PS7_X0Y0             PS7                          0.000     0.000 r  design_1_i/processing_system7_0/inst/PS7_i/FCLKCLK[0]
                         net (fo=1, routed)           1.088     1.088    design_1_i/processing_system7_0/inst/FCLK_CLK_unbuffered[0]
    BUFGCTRL_X0Y16       BUFG (Prop_bufg_I_O)         0.091     1.179 r  design_1_i/processing_system7_0/inst/buffer_fclk_clk_0.FCLK_CLK_0_BUFG/O
                         net (fo=4149, routed)        1.475     2.654    design_1_i/axi_smc/inst/m00_exit_pipeline/m00_exit/inst/xpm_cdc_async_rst_inst/dest_clk
    SLICE_X34Y85         FDCE                                         r  design_1_i/axi_smc/inst/m00_exit_pipeline/m00_exit/inst/xpm_cdc_async_rst_inst/arststages_ff_reg[0]/C

Slack:                    inf
  Source:                 design_1_i/axi_smc/inst/clk_map/psr_aclk/U0/ACTIVE_LOW_BSR_OUT_DFF[0].FDRE_BSR_N/C
                            (rising edge-triggered cell FDRE clocked by clk_fpga_0  {rise@0.000ns fall@5.000ns period=10.000ns})
  Destination:            design_1_i/axi_smc/inst/m00_exit_pipeline/m00_exit/inst/xpm_cdc_async_rst_inst/arststages_ff_reg[1]/CLR
                            (recovery check against rising-edge clock clk_fpga_0  {rise@0.000ns fall@5.000ns period=10.000ns})
  Path Group:             (none)
  Path Type:              Recovery (Max at Slow Process Corner)
  Data Path Delay:        3.039ns  (logic 0.642ns (21.125%)  route 2.397ns (78.875%))
  Logic Levels:           1  (LUT1=1)
  Clock Path Skew:        -0.282ns (DCD - SCD + CPR)
    Destination Clock Delay (DCD):    2.654ns
    Source Clock Delay      (SCD):    2.936ns
    Clock Pessimism Removal (CPR):    0.000ns
  Clock Uncertainty:      0.154ns  ((TSJ^2 + TIJ^2)^1/2 + DJ) / 2 + PE
    Total System Jitter     (TSJ):    0.071ns
    Total Input Jitter      (TIJ):    0.300ns
    Discrete Jitter          (DJ):    0.000ns
    Phase Error              (PE):    0.000ns
  Timing Exception:       False Path

    Location             Delay type                Incr(ns)  Path(ns)    Netlist Resource(s)
  -------------------------------------------------------------------    -------------------
                         (clock clk_fpga_0 rise edge)
                                                      0.000     0.000 r  
    PS7_X0Y0             PS7                          0.000     0.000 r  design_1_i/processing_system7_0/inst/PS7_i/FCLKCLK[0]
                         net (fo=1, routed)           1.193     1.193    design_1_i/processing_system7_0/inst/FCLK_CLK_unbuffered[0]
    BUFGCTRL_X0Y16       BUFG (Prop_bufg_I_O)         0.101     1.294 r  design_1_i/processing_system7_0/inst/buffer_fclk_clk_0.FCLK_CLK_0_BUFG/O
                         net (fo=4149, routed)        1.642     2.936    design_1_i/axi_smc/inst/clk_map/psr_aclk/U0/aclk
    SLICE_X46Y82         FDRE                                         r  design_1_i/axi_smc/inst/clk_map/psr_aclk/U0/ACTIVE_LOW_BSR_OUT_DFF[0].FDRE_BSR_N/C
  -------------------------------------------------------------------    -------------------
    SLICE_X46Y82         FDRE (Prop_fdre_C_Q)         0.518     3.454 r  design_1_i/axi_smc/inst/clk_map/psr_aclk/U0/ACTIVE_LOW_BSR_OUT_DFF[0].FDRE_BSR_N/Q
                         net (fo=9, routed)           1.775     5.229    design_1_i/axi_smc/inst/m00_exit_pipeline/m00_exit/inst/xpm_cdc_async_rst_inst/src_arst
    SLICE_X35Y85         LUT1 (Prop_lut1_I0_O)        0.124     5.353 f  design_1_i/axi_smc/inst/m00_exit_pipeline/m00_exit/inst/xpm_cdc_async_rst_inst/arststages_ff[2]_i_1/O
                         net (fo=3, routed)           0.622     5.975    design_1_i/axi_smc/inst/m00_exit_pipeline/m00_exit/inst/xpm_cdc_async_rst_inst/reset_pol
    SLICE_X34Y85         FDCE                                         f  design_1_i/axi_smc/inst/m00_exit_pipeline/m00_exit/inst/xpm_cdc_async_rst_inst/arststages_ff_reg[1]/CLR
  -------------------------------------------------------------------    -------------------

                         (clock clk_fpga_0 rise edge)
                                                      0.000     0.000 r  
    PS7_X0Y0             PS7                          0.000     0.000 r  design_1_i/processing_system7_0/inst/PS7_i/FCLKCLK[0]
                         net (fo=1, routed)           1.088     1.088    design_1_i/processing_system7_0/inst/FCLK_CLK_unbuffered[0]
    BUFGCTRL_X0Y16       BUFG (Prop_bufg_I_O)         0.091     1.179 r  design_1_i/processing_system7_0/inst/buffer_fclk_clk_0.FCLK_CLK_0_BUFG/O
                         net (fo=4149, routed)        1.475     2.654    design_1_i/axi_smc/inst/m00_exit_pipeline/m00_exit/inst/xpm_cdc_async_rst_inst/dest_clk
    SLICE_X34Y85         FDCE                                         r  design_1_i/axi_smc/inst/m00_exit_pipeline/m00_exit/inst/xpm_cdc_async_rst_inst/arststages_ff_reg[1]/C

Slack:                    inf
  Source:                 design_1_i/axi_smc/inst/clk_map/psr_aclk/U0/ACTIVE_LOW_BSR_OUT_DFF[0].FDRE_BSR_N/C
                            (rising edge-triggered cell FDRE clocked by clk_fpga_0  {rise@0.000ns fall@5.000ns period=10.000ns})
  Destination:            design_1_i/axi_smc/inst/m00_exit_pipeline/m00_exit/inst/xpm_cdc_async_rst_inst/arststages_ff_reg[2]/CLR
                            (recovery check against rising-edge clock clk_fpga_0  {rise@0.000ns fall@5.000ns period=10.000ns})
  Path Group:             (none)
  Path Type:              Recovery (Max at Slow Process Corner)
  Data Path Delay:        3.039ns  (logic 0.642ns (21.125%)  route 2.397ns (78.875%))
  Logic Levels:           1  (LUT1=1)
  Clock Path Skew:        -0.282ns (DCD - SCD + CPR)
    Destination Clock Delay (DCD):    2.654ns
    Source Clock Delay      (SCD):    2.936ns
    Clock Pessimism Removal (CPR):    0.000ns
  Clock Uncertainty:      0.154ns  ((TSJ^2 + TIJ^2)^1/2 + DJ) / 2 + PE
    Total System Jitter     (TSJ):    0.071ns
    Total Input Jitter      (TIJ):    0.300ns
    Discrete Jitter          (DJ):    0.000ns
    Phase Error              (PE):    0.000ns
  Timing Exception:       False Path

    Location             Delay type                Incr(ns)  Path(ns)    Netlist Resource(s)
  -------------------------------------------------------------------    -------------------
                         (clock clk_fpga_0 rise edge)
                                                      0.000     0.000 r  
    PS7_X0Y0             PS7                          0.000     0.000 r  design_1_i/processing_system7_0/inst/PS7_i/FCLKCLK[0]
                         net (fo=1, routed)           1.193     1.193    design_1_i/processing_system7_0/inst/FCLK_CLK_unbuffered[0]
    BUFGCTRL_X0Y16       BUFG (Prop_bufg_I_O)         0.101     1.294 r  design_1_i/processing_system7_0/inst/buffer_fclk_clk_0.FCLK_CLK_0_BUFG/O
                         net (fo=4149, routed)        1.642     2.936    design_1_i/axi_smc/inst/clk_map/psr_aclk/U0/aclk
    SLICE_X46Y82         FDRE                                         r  design_1_i/axi_smc/inst/clk_map/psr_aclk/U0/ACTIVE_LOW_BSR_OUT_DFF[0].FDRE_BSR_N/C
  -------------------------------------------------------------------    -------------------
    SLICE_X46Y82         FDRE (Prop_fdre_C_Q)         0.518     3.454 r  design_1_i/axi_smc/inst/clk_map/psr_aclk/U0/ACTIVE_LOW_BSR_OUT_DFF[0].FDRE_BSR_N/Q
                         net (fo=9, routed)           1.775     5.229    design_1_i/axi_smc/inst/m00_exit_pipeline/m00_exit/inst/xpm_cdc_async_rst_inst/src_arst
    SLICE_X35Y85         LUT1 (Prop_lut1_I0_O)        0.124     5.353 f  design_1_i/axi_smc/inst/m00_exit_pipeline/m00_exit/inst/xpm_cdc_async_rst_inst/arststages_ff[2]_i_1/O
                         net (fo=3, routed)           0.622     5.975    design_1_i/axi_smc/inst/m00_exit_pipeline/m00_exit/inst/xpm_cdc_async_rst_inst/reset_pol
    SLICE_X34Y85         FDCE                                         f  design_1_i/axi_smc/inst/m00_exit_pipeline/m00_exit/inst/xpm_cdc_async_rst_inst/arststages_ff_reg[2]/CLR
  -------------------------------------------------------------------    -------------------

                         (clock clk_fpga_0 rise edge)
                                                      0.000     0.000 r  
    PS7_X0Y0             PS7                          0.000     0.000 r  design_1_i/processing_system7_0/inst/PS7_i/FCLKCLK[0]
                         net (fo=1, routed)           1.088     1.088    design_1_i/processing_system7_0/inst/FCLK_CLK_unbuffered[0]
    BUFGCTRL_X0Y16       BUFG (Prop_bufg_I_O)         0.091     1.179 r  design_1_i/processing_system7_0/inst/buffer_fclk_clk_0.FCLK_CLK_0_BUFG/O
                         net (fo=4149, routed)        1.475     2.654    design_1_i/axi_smc/inst/m00_exit_pipeline/m00_exit/inst/xpm_cdc_async_rst_inst/dest_clk
    SLICE_X34Y85         FDCE                                         r  design_1_i/axi_smc/inst/m00_exit_pipeline/m00_exit/inst/xpm_cdc_async_rst_inst/arststages_ff_reg[2]/C





Min Delay Paths
--------------------------------------------------------------------------------------
Slack:                    inf
  Source:                 design_1_i/axi_smc/inst/clk_map/psr_aclk/U0/ACTIVE_LOW_BSR_OUT_DFF[0].FDRE_BSR_N/C
                            (rising edge-triggered cell FDRE clocked by clk_fpga_0  {rise@0.000ns fall@5.000ns period=10.000ns})
  Destination:            design_1_i/axi_smc/inst/s00_entry_pipeline/s00_transaction_regulator/inst/xpm_cdc_async_rst_inst/arststages_ff_reg[0]/CLR
                            (removal check against rising-edge clock clk_fpga_0  {rise@0.000ns fall@5.000ns period=10.000ns})
  Path Group:             (none)
  Path Type:              Removal (Min at Fast Process Corner)
  Data Path Delay:        0.707ns  (logic 0.209ns (29.579%)  route 0.498ns (70.421%))
  Logic Levels:           1  (LUT1=1)
  Clock Path Skew:        0.302ns (DCD - SCD - CPR)
    Destination Clock Delay (DCD):    1.188ns
    Source Clock Delay      (SCD):    0.886ns
    Clock Pessimism Removal (CPR):    -0.000ns
  Clock Uncertainty:      0.154ns  ((TSJ^2 + TIJ^2)^1/2 + DJ) / 2 + PE
    Total System Jitter     (TSJ):    0.071ns
    Total Input Jitter      (TIJ):    0.300ns
    Discrete Jitter          (DJ):    0.000ns
    Phase Error              (PE):    0.000ns
  Timing Exception:       False Path

    Location             Delay type                Incr(ns)  Path(ns)    Netlist Resource(s)
  -------------------------------------------------------------------    -------------------
                         (clock clk_fpga_0 rise edge)
                                                      0.000     0.000 r  
    PS7_X0Y0             PS7                          0.000     0.000 r  design_1_i/processing_system7_0/inst/PS7_i/FCLKCLK[0]
                         net (fo=1, routed)           0.310     0.310    design_1_i/processing_system7_0/inst/FCLK_CLK_unbuffered[0]
    BUFGCTRL_X0Y16       BUFG (Prop_bufg_I_O)         0.026     0.336 r  design_1_i/processing_system7_0/inst/buffer_fclk_clk_0.FCLK_CLK_0_BUFG/O
                         net (fo=4149, routed)        0.550     0.886    design_1_i/axi_smc/inst/clk_map/psr_aclk/U0/aclk
    SLICE_X46Y82         FDRE                                         r  design_1_i/axi_smc/inst/clk_map/psr_aclk/U0/ACTIVE_LOW_BSR_OUT_DFF[0].FDRE_BSR_N/C
  -------------------------------------------------------------------    -------------------
    SLICE_X46Y82         FDRE (Prop_fdre_C_Q)         0.164     1.050 r  design_1_i/axi_smc/inst/clk_map/psr_aclk/U0/ACTIVE_LOW_BSR_OUT_DFF[0].FDRE_BSR_N/Q
                         net (fo=9, routed)           0.382     1.432    design_1_i/axi_smc/inst/s00_entry_pipeline/s00_transaction_regulator/inst/xpm_cdc_async_rst_inst/src_arst
    SLICE_X36Y87         LUT1 (Prop_lut1_I0_O)        0.045     1.477 f  design_1_i/axi_smc/inst/s00_entry_pipeline/s00_transaction_regulator/inst/xpm_cdc_async_rst_inst/arststages_ff[2]_i_1/O
                         net (fo=3, routed)           0.115     1.592    design_1_i/axi_smc/inst/s00_entry_pipeline/s00_transaction_regulator/inst/xpm_cdc_async_rst_inst/reset_pol
    SLICE_X36Y88         FDCE                                         f  design_1_i/axi_smc/inst/s00_entry_pipeline/s00_transaction_regulator/inst/xpm_cdc_async_rst_inst/arststages_ff_reg[0]/CLR
  -------------------------------------------------------------------    -------------------

                         (clock clk_fpga_0 rise edge)
                                                      0.000     0.000 r  
    PS7_X0Y0             PS7                          0.000     0.000 r  design_1_i/processing_system7_0/inst/PS7_i/FCLKCLK[0]
                         net (fo=1, routed)           0.337     0.337    design_1_i/processing_system7_0/inst/FCLK_CLK_unbuffered[0]
    BUFGCTRL_X0Y16       BUFG (Prop_bufg_I_O)         0.029     0.366 r  design_1_i/processing_system7_0/inst/buffer_fclk_clk_0.FCLK_CLK_0_BUFG/O
                         net (fo=4149, routed)        0.822     1.188    design_1_i/axi_smc/inst/s00_entry_pipeline/s00_transaction_regulator/inst/xpm_cdc_async_rst_inst/dest_clk
    SLICE_X36Y88         FDCE                                         r  design_1_i/axi_smc/inst/s00_entry_pipeline/s00_transaction_regulator/inst/xpm_cdc_async_rst_inst/arststages_ff_reg[0]/C

Slack:                    inf
  Source:                 design_1_i/axi_smc/inst/clk_map/psr_aclk/U0/ACTIVE_LOW_BSR_OUT_DFF[0].FDRE_BSR_N/C
                            (rising edge-triggered cell FDRE clocked by clk_fpga_0  {rise@0.000ns fall@5.000ns period=10.000ns})
  Destination:            design_1_i/axi_smc/inst/s00_entry_pipeline/s00_transaction_regulator/inst/xpm_cdc_async_rst_inst/arststages_ff_reg[1]/CLR
                            (removal check against rising-edge clock clk_fpga_0  {rise@0.000ns fall@5.000ns period=10.000ns})
  Path Group:             (none)
  Path Type:              Removal (Min at Fast Process Corner)
  Data Path Delay:        0.707ns  (logic 0.209ns (29.579%)  route 0.498ns (70.421%))
  Logic Levels:           1  (LUT1=1)
  Clock Path Skew:        0.302ns (DCD - SCD - CPR)
    Destination Clock Delay (DCD):    1.188ns
    Source Clock Delay      (SCD):    0.886ns
    Clock Pessimism Removal (CPR):    -0.000ns
  Clock Uncertainty:      0.154ns  ((TSJ^2 + TIJ^2)^1/2 + DJ) / 2 + PE
    Total System Jitter     (TSJ):    0.071ns
    Total Input Jitter      (TIJ):    0.300ns
    Discrete Jitter          (DJ):    0.000ns
    Phase Error              (PE):    0.000ns
  Timing Exception:       False Path

    Location             Delay type                Incr(ns)  Path(ns)    Netlist Resource(s)
  -------------------------------------------------------------------    -------------------
                         (clock clk_fpga_0 rise edge)
                                                      0.000     0.000 r  
    PS7_X0Y0             PS7                          0.000     0.000 r  design_1_i/processing_system7_0/inst/PS7_i/FCLKCLK[0]
                         net (fo=1, routed)           0.310     0.310    design_1_i/processing_system7_0/inst/FCLK_CLK_unbuffered[0]
    BUFGCTRL_X0Y16       BUFG (Prop_bufg_I_O)         0.026     0.336 r  design_1_i/processing_system7_0/inst/buffer_fclk_clk_0.FCLK_CLK_0_BUFG/O
                         net (fo=4149, routed)        0.550     0.886    design_1_i/axi_smc/inst/clk_map/psr_aclk/U0/aclk
    SLICE_X46Y82         FDRE                                         r  design_1_i/axi_smc/inst/clk_map/psr_aclk/U0/ACTIVE_LOW_BSR_OUT_DFF[0].FDRE_BSR_N/C
  -------------------------------------------------------------------    -------------------
    SLICE_X46Y82         FDRE (Prop_fdre_C_Q)         0.164     1.050 r  design_1_i/axi_smc/inst/clk_map/psr_aclk/U0/ACTIVE_LOW_BSR_OUT_DFF[0].FDRE_BSR_N/Q
                         net (fo=9, routed)           0.382     1.432    design_1_i/axi_smc/inst/s00_entry_pipeline/s00_transaction_regulator/inst/xpm_cdc_async_rst_inst/src_arst
    SLICE_X36Y87         LUT1 (Prop_lut1_I0_O)        0.045     1.477 f  design_1_i/axi_smc/inst/s00_entry_pipeline/s00_transaction_regulator/inst/xpm_cdc_async_rst_inst/arststages_ff[2]_i_1/O
                         net (fo=3, routed)           0.115     1.592    design_1_i/axi_smc/inst/s00_entry_pipeline/s00_transaction_regulator/inst/xpm_cdc_async_rst_inst/reset_pol
    SLICE_X36Y88         FDCE                                         f  design_1_i/axi_smc/inst/s00_entry_pipeline/s00_transaction_regulator/inst/xpm_cdc_async_rst_inst/arststages_ff_reg[1]/CLR
  -------------------------------------------------------------------    -------------------

                         (clock clk_fpga_0 rise edge)
                                                      0.000     0.000 r  
    PS7_X0Y0             PS7                          0.000     0.000 r  design_1_i/processing_system7_0/inst/PS7_i/FCLKCLK[0]
                         net (fo=1, routed)           0.337     0.337    design_1_i/processing_system7_0/inst/FCLK_CLK_unbuffered[0]
    BUFGCTRL_X0Y16       BUFG (Prop_bufg_I_O)         0.029     0.366 r  design_1_i/processing_system7_0/inst/buffer_fclk_clk_0.FCLK_CLK_0_BUFG/O
                         net (fo=4149, routed)        0.822     1.188    design_1_i/axi_smc/inst/s00_entry_pipeline/s00_transaction_regulator/inst/xpm_cdc_async_rst_inst/dest_clk
    SLICE_X36Y88         FDCE                                         r  design_1_i/axi_smc/inst/s00_entry_pipeline/s00_transaction_regulator/inst/xpm_cdc_async_rst_inst/arststages_ff_reg[1]/C

Slack:                    inf
  Source:                 design_1_i/axi_smc/inst/clk_map/psr_aclk/U0/ACTIVE_LOW_BSR_OUT_DFF[0].FDRE_BSR_N/C
                            (rising edge-triggered cell FDRE clocked by clk_fpga_0  {rise@0.000ns fall@5.000ns period=10.000ns})
  Destination:            design_1_i/axi_smc/inst/s00_entry_pipeline/s00_transaction_regulator/inst/xpm_cdc_async_rst_inst/arststages_ff_reg[2]/CLR
                            (removal check against rising-edge clock clk_fpga_0  {rise@0.000ns fall@5.000ns period=10.000ns})
  Path Group:             (none)
  Path Type:              Removal (Min at Fast Process Corner)
  Data Path Delay:        0.707ns  (logic 0.209ns (29.579%)  route 0.498ns (70.421%))
  Logic Levels:           1  (LUT1=1)
  Clock Path Skew:        0.302ns (DCD - SCD - CPR)
    Destination Clock Delay (DCD):    1.188ns
    Source Clock Delay      (SCD):    0.886ns
    Clock Pessimism Removal (CPR):    -0.000ns
  Clock Uncertainty:      0.154ns  ((TSJ^2 + TIJ^2)^1/2 + DJ) / 2 + PE
    Total System Jitter     (TSJ):    0.071ns
    Total Input Jitter      (TIJ):    0.300ns
    Discrete Jitter          (DJ):    0.000ns
    Phase Error              (PE):    0.000ns
  Timing Exception:       False Path

    Location             Delay type                Incr(ns)  Path(ns)    Netlist Resource(s)
  -------------------------------------------------------------------    -------------------
                         (clock clk_fpga_0 rise edge)
                                                      0.000     0.000 r  
    PS7_X0Y0             PS7                          0.000     0.000 r  design_1_i/processing_system7_0/inst/PS7_i/FCLKCLK[0]
                         net (fo=1, routed)           0.310     0.310    design_1_i/processing_system7_0/inst/FCLK_CLK_unbuffered[0]
    BUFGCTRL_X0Y16       BUFG (Prop_bufg_I_O)         0.026     0.336 r  design_1_i/processing_system7_0/inst/buffer_fclk_clk_0.FCLK_CLK_0_BUFG/O
                         net (fo=4149, routed)        0.550     0.886    design_1_i/axi_smc/inst/clk_map/psr_aclk/U0/aclk
    SLICE_X46Y82         FDRE                                         r  design_1_i/axi_smc/inst/clk_map/psr_aclk/U0/ACTIVE_LOW_BSR_OUT_DFF[0].FDRE_BSR_N/C
  -------------------------------------------------------------------    -------------------
    SLICE_X46Y82         FDRE (Prop_fdre_C_Q)         0.164     1.050 r  design_1_i/axi_smc/inst/clk_map/psr_aclk/U0/ACTIVE_LOW_BSR_OUT_DFF[0].FDRE_BSR_N/Q
                         net (fo=9, routed)           0.382     1.432    design_1_i/axi_smc/inst/s00_entry_pipeline/s00_transaction_regulator/inst/xpm_cdc_async_rst_inst/src_arst
    SLICE_X36Y87         LUT1 (Prop_lut1_I0_O)        0.045     1.477 f  design_1_i/axi_smc/inst/s00_entry_pipeline/s00_transaction_regulator/inst/xpm_cdc_async_rst_inst/arststages_ff[2]_i_1/O
                         net (fo=3, routed)           0.115     1.592    design_1_i/axi_smc/inst/s00_entry_pipeline/s00_transaction_regulator/inst/xpm_cdc_async_rst_inst/reset_pol
    SLICE_X36Y88         FDCE                                         f  design_1_i/axi_smc/inst/s00_entry_pipeline/s00_transaction_regulator/inst/xpm_cdc_async_rst_inst/arststages_ff_reg[2]/CLR
  -------------------------------------------------------------------    -------------------

                         (clock clk_fpga_0 rise edge)
                                                      0.000     0.000 r  
    PS7_X0Y0             PS7                          0.000     0.000 r  design_1_i/processing_system7_0/inst/PS7_i/FCLKCLK[0]
                         net (fo=1, routed)           0.337     0.337    design_1_i/processing_system7_0/inst/FCLK_CLK_unbuffered[0]
    BUFGCTRL_X0Y16       BUFG (Prop_bufg_I_O)         0.029     0.366 r  design_1_i/processing_system7_0/inst/buffer_fclk_clk_0.FCLK_CLK_0_BUFG/O
                         net (fo=4149, routed)        0.822     1.188    design_1_i/axi_smc/inst/s00_entry_pipeline/s00_transaction_regulator/inst/xpm_cdc_async_rst_inst/dest_clk
    SLICE_X36Y88         FDCE                                         r  design_1_i/axi_smc/inst/s00_entry_pipeline/s00_transaction_regulator/inst/xpm_cdc_async_rst_inst/arststages_ff_reg[2]/C

Slack:                    inf
  Source:                 design_1_i/axi_smc/inst/clk_map/psr_aclk/U0/ACTIVE_LOW_BSR_OUT_DFF[0].FDRE_BSR_N/C
                            (rising edge-triggered cell FDRE clocked by clk_fpga_0  {rise@0.000ns fall@5.000ns period=10.000ns})
  Destination:            design_1_i/axi_smc/inst/s00_nodes/s00_aw_node/inst/s_sc_xpm_cdc_async_rst_inst/arststages_ff_reg[0]/CLR
                            (removal check against rising-edge clock clk_fpga_0  {rise@0.000ns fall@5.000ns period=10.000ns})
  Path Group:             (none)
  Path Type:              Removal (Min at Fast Process Corner)
  Data Path Delay:        0.766ns  (logic 0.207ns (27.019%)  route 0.559ns (72.981%))
  Logic Levels:           1  (LUT1=1)
  Clock Path Skew:        0.300ns (DCD - SCD - CPR)
    Destination Clock Delay (DCD):    1.186ns
    Source Clock Delay      (SCD):    0.886ns
    Clock Pessimism Removal (CPR):    -0.000ns
  Clock Uncertainty:      0.154ns  ((TSJ^2 + TIJ^2)^1/2 + DJ) / 2 + PE
    Total System Jitter     (TSJ):    0.071ns
    Total Input Jitter      (TIJ):    0.300ns
    Discrete Jitter          (DJ):    0.000ns
    Phase Error              (PE):    0.000ns
  Timing Exception:       False Path

    Location             Delay type                Incr(ns)  Path(ns)    Netlist Resource(s)
  -------------------------------------------------------------------    -------------------
                         (clock clk_fpga_0 rise edge)
                                                      0.000     0.000 r  
    PS7_X0Y0             PS7                          0.000     0.000 r  design_1_i/processing_system7_0/inst/PS7_i/FCLKCLK[0]
                         net (fo=1, routed)           0.310     0.310    design_1_i/processing_system7_0/inst/FCLK_CLK_unbuffered[0]
    BUFGCTRL_X0Y16       BUFG (Prop_bufg_I_O)         0.026     0.336 r  design_1_i/processing_system7_0/inst/buffer_fclk_clk_0.FCLK_CLK_0_BUFG/O
                         net (fo=4149, routed)        0.550     0.886    design_1_i/axi_smc/inst/clk_map/psr_aclk/U0/aclk
    SLICE_X46Y82         FDRE                                         r  design_1_i/axi_smc/inst/clk_map/psr_aclk/U0/ACTIVE_LOW_BSR_OUT_DFF[0].FDRE_BSR_N/C
  -------------------------------------------------------------------    -------------------
    SLICE_X46Y82         FDRE (Prop_fdre_C_Q)         0.164     1.050 r  design_1_i/axi_smc/inst/clk_map/psr_aclk/U0/ACTIVE_LOW_BSR_OUT_DFF[0].FDRE_BSR_N/Q
                         net (fo=9, routed)           0.382     1.432    design_1_i/axi_smc/inst/s00_nodes/s00_aw_node/inst/s_sc_xpm_cdc_async_rst_inst/src_arst
    SLICE_X36Y87         LUT1 (Prop_lut1_I0_O)        0.043     1.475 f  design_1_i/axi_smc/inst/s00_nodes/s00_aw_node/inst/s_sc_xpm_cdc_async_rst_inst/arststages_ff[2]_i_1/O
                         net (fo=3, routed)           0.177     1.652    design_1_i/axi_smc/inst/s00_nodes/s00_aw_node/inst/s_sc_xpm_cdc_async_rst_inst/reset_pol
    SLICE_X36Y87         FDCE                                         f  design_1_i/axi_smc/inst/s00_nodes/s00_aw_node/inst/s_sc_xpm_cdc_async_rst_inst/arststages_ff_reg[0]/CLR
  -------------------------------------------------------------------    -------------------

                         (clock clk_fpga_0 rise edge)
                                                      0.000     0.000 r  
    PS7_X0Y0             PS7                          0.000     0.000 r  design_1_i/processing_system7_0/inst/PS7_i/FCLKCLK[0]
                         net (fo=1, routed)           0.337     0.337    design_1_i/processing_system7_0/inst/FCLK_CLK_unbuffered[0]
    BUFGCTRL_X0Y16       BUFG (Prop_bufg_I_O)         0.029     0.366 r  design_1_i/processing_system7_0/inst/buffer_fclk_clk_0.FCLK_CLK_0_BUFG/O
                         net (fo=4149, routed)        0.820     1.186    design_1_i/axi_smc/inst/s00_nodes/s00_aw_node/inst/s_sc_xpm_cdc_async_rst_inst/dest_clk
    SLICE_X36Y87         FDCE                                         r  design_1_i/axi_smc/inst/s00_nodes/s00_aw_node/inst/s_sc_xpm_cdc_async_rst_inst/arststages_ff_reg[0]/C

Slack:                    inf
  Source:                 design_1_i/axi_smc/inst/clk_map/psr_aclk/U0/ACTIVE_LOW_BSR_OUT_DFF[0].FDRE_BSR_N/C
                            (rising edge-triggered cell FDRE clocked by clk_fpga_0  {rise@0.000ns fall@5.000ns period=10.000ns})
  Destination:            design_1_i/axi_smc/inst/s00_nodes/s00_aw_node/inst/s_sc_xpm_cdc_async_rst_inst/arststages_ff_reg[1]/CLR
                            (removal check against rising-edge clock clk_fpga_0  {rise@0.000ns fall@5.000ns period=10.000ns})
  Path Group:             (none)
  Path Type:              Removal (Min at Fast Process Corner)
  Data Path Delay:        0.766ns  (logic 0.207ns (27.019%)  route 0.559ns (72.981%))
  Logic Levels:           1  (LUT1=1)
  Clock Path Skew:        0.300ns (DCD - SCD - CPR)
    Destination Clock Delay (DCD):    1.186ns
    Source Clock Delay      (SCD):    0.886ns
    Clock Pessimism Removal (CPR):    -0.000ns
  Clock Uncertainty:      0.154ns  ((TSJ^2 + TIJ^2)^1/2 + DJ) / 2 + PE
    Total System Jitter     (TSJ):    0.071ns
    Total Input Jitter      (TIJ):    0.300ns
    Discrete Jitter          (DJ):    0.000ns
    Phase Error              (PE):    0.000ns
  Timing Exception:       False Path

    Location             Delay type                Incr(ns)  Path(ns)    Netlist Resource(s)
  -------------------------------------------------------------------    -------------------
                         (clock clk_fpga_0 rise edge)
                                                      0.000     0.000 r  
    PS7_X0Y0             PS7                          0.000     0.000 r  design_1_i/processing_system7_0/inst/PS7_i/FCLKCLK[0]
                         net (fo=1, routed)           0.310     0.310    design_1_i/processing_system7_0/inst/FCLK_CLK_unbuffered[0]
    BUFGCTRL_X0Y16       BUFG (Prop_bufg_I_O)         0.026     0.336 r  design_1_i/processing_system7_0/inst/buffer_fclk_clk_0.FCLK_CLK_0_BUFG/O
                         net (fo=4149, routed)        0.550     0.886    design_1_i/axi_smc/inst/clk_map/psr_aclk/U0/aclk
    SLICE_X46Y82         FDRE                                         r  design_1_i/axi_smc/inst/clk_map/psr_aclk/U0/ACTIVE_LOW_BSR_OUT_DFF[0].FDRE_BSR_N/C
  -------------------------------------------------------------------    -------------------
    SLICE_X46Y82         FDRE (Prop_fdre_C_Q)         0.164     1.050 r  design_1_i/axi_smc/inst/clk_map/psr_aclk/U0/ACTIVE_LOW_BSR_OUT_DFF[0].FDRE_BSR_N/Q
                         net (fo=9, routed)           0.382     1.432    design_1_i/axi_smc/inst/s00_nodes/s00_aw_node/inst/s_sc_xpm_cdc_async_rst_inst/src_arst
    SLICE_X36Y87         LUT1 (Prop_lut1_I0_O)        0.043     1.475 f  design_1_i/axi_smc/inst/s00_nodes/s00_aw_node/inst/s_sc_xpm_cdc_async_rst_inst/arststages_ff[2]_i_1/O
                         net (fo=3, routed)           0.177     1.652    design_1_i/axi_smc/inst/s00_nodes/s00_aw_node/inst/s_sc_xpm_cdc_async_rst_inst/reset_pol
    SLICE_X36Y87         FDCE                                         f  design_1_i/axi_smc/inst/s00_nodes/s00_aw_node/inst/s_sc_xpm_cdc_async_rst_inst/arststages_ff_reg[1]/CLR
  -------------------------------------------------------------------    -------------------

                         (clock clk_fpga_0 rise edge)
                                                      0.000     0.000 r  
    PS7_X0Y0             PS7                          0.000     0.000 r  design_1_i/processing_system7_0/inst/PS7_i/FCLKCLK[0]
                         net (fo=1, routed)           0.337     0.337    design_1_i/processing_system7_0/inst/FCLK_CLK_unbuffered[0]
    BUFGCTRL_X0Y16       BUFG (Prop_bufg_I_O)         0.029     0.366 r  design_1_i/processing_system7_0/inst/buffer_fclk_clk_0.FCLK_CLK_0_BUFG/O
                         net (fo=4149, routed)        0.820     1.186    design_1_i/axi_smc/inst/s00_nodes/s00_aw_node/inst/s_sc_xpm_cdc_async_rst_inst/dest_clk
    SLICE_X36Y87         FDCE                                         r  design_1_i/axi_smc/inst/s00_nodes/s00_aw_node/inst/s_sc_xpm_cdc_async_rst_inst/arststages_ff_reg[1]/C

Slack:                    inf
  Source:                 design_1_i/axi_smc/inst/clk_map/psr_aclk/U0/ACTIVE_LOW_BSR_OUT_DFF[0].FDRE_BSR_N/C
                            (rising edge-triggered cell FDRE clocked by clk_fpga_0  {rise@0.000ns fall@5.000ns period=10.000ns})
  Destination:            design_1_i/axi_smc/inst/s00_nodes/s00_aw_node/inst/s_sc_xpm_cdc_async_rst_inst/arststages_ff_reg[2]/CLR
                            (removal check against rising-edge clock clk_fpga_0  {rise@0.000ns fall@5.000ns period=10.000ns})
  Path Group:             (none)
  Path Type:              Removal (Min at Fast Process Corner)
  Data Path Delay:        0.766ns  (logic 0.207ns (27.019%)  route 0.559ns (72.981%))
  Logic Levels:           1  (LUT1=1)
  Clock Path Skew:        0.300ns (DCD - SCD - CPR)
    Destination Clock Delay (DCD):    1.186ns
    Source Clock Delay      (SCD):    0.886ns
    Clock Pessimism Removal (CPR):    -0.000ns
  Clock Uncertainty:      0.154ns  ((TSJ^2 + TIJ^2)^1/2 + DJ) / 2 + PE
    Total System Jitter     (TSJ):    0.071ns
    Total Input Jitter      (TIJ):    0.300ns
    Discrete Jitter          (DJ):    0.000ns
    Phase Error              (PE):    0.000ns
  Timing Exception:       False Path

    Location             Delay type                Incr(ns)  Path(ns)    Netlist Resource(s)
  -------------------------------------------------------------------    -------------------
                         (clock clk_fpga_0 rise edge)
                                                      0.000     0.000 r  
    PS7_X0Y0             PS7                          0.000     0.000 r  design_1_i/processing_system7_0/inst/PS7_i/FCLKCLK[0]
                         net (fo=1, routed)           0.310     0.310    design_1_i/processing_system7_0/inst/FCLK_CLK_unbuffered[0]
    BUFGCTRL_X0Y16       BUFG (Prop_bufg_I_O)         0.026     0.336 r  design_1_i/processing_system7_0/inst/buffer_fclk_clk_0.FCLK_CLK_0_BUFG/O
                         net (fo=4149, routed)        0.550     0.886    design_1_i/axi_smc/inst/clk_map/psr_aclk/U0/aclk
    SLICE_X46Y82         FDRE                                         r  design_1_i/axi_smc/inst/clk_map/psr_aclk/U0/ACTIVE_LOW_BSR_OUT_DFF[0].FDRE_BSR_N/C
  -------------------------------------------------------------------    -------------------
    SLICE_X46Y82         FDRE (Prop_fdre_C_Q)         0.164     1.050 r  design_1_i/axi_smc/inst/clk_map/psr_aclk/U0/ACTIVE_LOW_BSR_OUT_DFF[0].FDRE_BSR_N/Q
                         net (fo=9, routed)           0.382     1.432    design_1_i/axi_smc/inst/s00_nodes/s00_aw_node/inst/s_sc_xpm_cdc_async_rst_inst/src_arst
    SLICE_X36Y87         LUT1 (Prop_lut1_I0_O)        0.043     1.475 f  design_1_i/axi_smc/inst/s00_nodes/s00_aw_node/inst/s_sc_xpm_cdc_async_rst_inst/arststages_ff[2]_i_1/O
                         net (fo=3, routed)           0.177     1.652    design_1_i/axi_smc/inst/s00_nodes/s00_aw_node/inst/s_sc_xpm_cdc_async_rst_inst/reset_pol
    SLICE_X36Y87         FDCE                                         f  design_1_i/axi_smc/inst/s00_nodes/s00_aw_node/inst/s_sc_xpm_cdc_async_rst_inst/arststages_ff_reg[2]/CLR
  -------------------------------------------------------------------    -------------------

                         (clock clk_fpga_0 rise edge)
                                                      0.000     0.000 r  
    PS7_X0Y0             PS7                          0.000     0.000 r  design_1_i/processing_system7_0/inst/PS7_i/FCLKCLK[0]
                         net (fo=1, routed)           0.337     0.337    design_1_i/processing_system7_0/inst/FCLK_CLK_unbuffered[0]
    BUFGCTRL_X0Y16       BUFG (Prop_bufg_I_O)         0.029     0.366 r  design_1_i/processing_system7_0/inst/buffer_fclk_clk_0.FCLK_CLK_0_BUFG/O
                         net (fo=4149, routed)        0.820     1.186    design_1_i/axi_smc/inst/s00_nodes/s00_aw_node/inst/s_sc_xpm_cdc_async_rst_inst/dest_clk
    SLICE_X36Y87         FDCE                                         r  design_1_i/axi_smc/inst/s00_nodes/s00_aw_node/inst/s_sc_xpm_cdc_async_rst_inst/arststages_ff_reg[2]/C

Slack:                    inf
  Source:                 design_1_i/axi_smc/inst/clk_map/psr_aclk/U0/ACTIVE_LOW_BSR_OUT_DFF[0].FDRE_BSR_N/C
                            (rising edge-triggered cell FDRE clocked by clk_fpga_0  {rise@0.000ns fall@5.000ns period=10.000ns})
  Destination:            design_1_i/axi_smc/inst/s00_entry_pipeline/s00_si_converter/inst/xpm_cdc_async_rst_inst/arststages_ff_reg[0]/CLR
                            (removal check against rising-edge clock clk_fpga_0  {rise@0.000ns fall@5.000ns period=10.000ns})
  Path Group:             (none)
  Path Type:              Removal (Min at Fast Process Corner)
  Data Path Delay:        0.865ns  (logic 0.213ns (24.617%)  route 0.652ns (75.383%))
  Logic Levels:           1  (LUT1=1)
  Clock Path Skew:        0.391ns (DCD - SCD - CPR)
    Destination Clock Delay (DCD):    1.277ns
    Source Clock Delay      (SCD):    0.886ns
    Clock Pessimism Removal (CPR):    -0.000ns
  Clock Uncertainty:      0.154ns  ((TSJ^2 + TIJ^2)^1/2 + DJ) / 2 + PE
    Total System Jitter     (TSJ):    0.071ns
    Total Input Jitter      (TIJ):    0.300ns
    Discrete Jitter          (DJ):    0.000ns
    Phase Error              (PE):    0.000ns
  Timing Exception:       False Path

    Location             Delay type                Incr(ns)  Path(ns)    Netlist Resource(s)
  -------------------------------------------------------------------    -------------------
                         (clock clk_fpga_0 rise edge)
                                                      0.000     0.000 r  
    PS7_X0Y0             PS7                          0.000     0.000 r  design_1_i/processing_system7_0/inst/PS7_i/FCLKCLK[0]
                         net (fo=1, routed)           0.310     0.310    design_1_i/processing_system7_0/inst/FCLK_CLK_unbuffered[0]
    BUFGCTRL_X0Y16       BUFG (Prop_bufg_I_O)         0.026     0.336 r  design_1_i/processing_system7_0/inst/buffer_fclk_clk_0.FCLK_CLK_0_BUFG/O
                         net (fo=4149, routed)        0.550     0.886    design_1_i/axi_smc/inst/clk_map/psr_aclk/U0/aclk
    SLICE_X46Y82         FDRE                                         r  design_1_i/axi_smc/inst/clk_map/psr_aclk/U0/ACTIVE_LOW_BSR_OUT_DFF[0].FDRE_BSR_N/C
  -------------------------------------------------------------------    -------------------
    SLICE_X46Y82         FDRE (Prop_fdre_C_Q)         0.164     1.050 r  design_1_i/axi_smc/inst/clk_map/psr_aclk/U0/ACTIVE_LOW_BSR_OUT_DFF[0].FDRE_BSR_N/Q
                         net (fo=9, routed)           0.475     1.525    design_1_i/axi_smc/inst/s00_entry_pipeline/s00_si_converter/inst/xpm_cdc_async_rst_inst/src_arst
    SLICE_X36Y100        LUT1 (Prop_lut1_I0_O)        0.049     1.574 f  design_1_i/axi_smc/inst/s00_entry_pipeline/s00_si_converter/inst/xpm_cdc_async_rst_inst/arststages_ff[2]_i_1/O
                         net (fo=3, routed)           0.177     1.751    design_1_i/axi_smc/inst/s00_entry_pipeline/s00_si_converter/inst/xpm_cdc_async_rst_inst/reset_pol
    SLICE_X36Y100        FDCE                                         f  design_1_i/axi_smc/inst/s00_entry_pipeline/s00_si_converter/inst/xpm_cdc_async_rst_inst/arststages_ff_reg[0]/CLR
  -------------------------------------------------------------------    -------------------

                         (clock clk_fpga_0 rise edge)
                                                      0.000     0.000 r  
    PS7_X0Y0             PS7                          0.000     0.000 r  design_1_i/processing_system7_0/inst/PS7_i/FCLKCLK[0]
                         net (fo=1, routed)           0.337     0.337    design_1_i/processing_system7_0/inst/FCLK_CLK_unbuffered[0]
    BUFGCTRL_X0Y16       BUFG (Prop_bufg_I_O)         0.029     0.366 r  design_1_i/processing_system7_0/inst/buffer_fclk_clk_0.FCLK_CLK_0_BUFG/O
                         net (fo=4149, routed)        0.911     1.277    design_1_i/axi_smc/inst/s00_entry_pipeline/s00_si_converter/inst/xpm_cdc_async_rst_inst/dest_clk
    SLICE_X36Y100        FDCE                                         r  design_1_i/axi_smc/inst/s00_entry_pipeline/s00_si_converter/inst/xpm_cdc_async_rst_inst/arststages_ff_reg[0]/C

Slack:                    inf
  Source:                 design_1_i/axi_smc/inst/clk_map/psr_aclk/U0/ACTIVE_LOW_BSR_OUT_DFF[0].FDRE_BSR_N/C
                            (rising edge-triggered cell FDRE clocked by clk_fpga_0  {rise@0.000ns fall@5.000ns period=10.000ns})
  Destination:            design_1_i/axi_smc/inst/s00_entry_pipeline/s00_si_converter/inst/xpm_cdc_async_rst_inst/arststages_ff_reg[1]/CLR
                            (removal check against rising-edge clock clk_fpga_0  {rise@0.000ns fall@5.000ns period=10.000ns})
  Path Group:             (none)
  Path Type:              Removal (Min at Fast Process Corner)
  Data Path Delay:        0.865ns  (logic 0.213ns (24.617%)  route 0.652ns (75.383%))
  Logic Levels:           1  (LUT1=1)
  Clock Path Skew:        0.391ns (DCD - SCD - CPR)
    Destination Clock Delay (DCD):    1.277ns
    Source Clock Delay      (SCD):    0.886ns
    Clock Pessimism Removal (CPR):    -0.000ns
  Clock Uncertainty:      0.154ns  ((TSJ^2 + TIJ^2)^1/2 + DJ) / 2 + PE
    Total System Jitter     (TSJ):    0.071ns
    Total Input Jitter      (TIJ):    0.300ns
    Discrete Jitter          (DJ):    0.000ns
    Phase Error              (PE):    0.000ns
  Timing Exception:       False Path

    Location             Delay type                Incr(ns)  Path(ns)    Netlist Resource(s)
  -------------------------------------------------------------------    -------------------
                         (clock clk_fpga_0 rise edge)
                                                      0.000     0.000 r  
    PS7_X0Y0             PS7                          0.000     0.000 r  design_1_i/processing_system7_0/inst/PS7_i/FCLKCLK[0]
                         net (fo=1, routed)           0.310     0.310    design_1_i/processing_system7_0/inst/FCLK_CLK_unbuffered[0]
    BUFGCTRL_X0Y16       BUFG (Prop_bufg_I_O)         0.026     0.336 r  design_1_i/processing_system7_0/inst/buffer_fclk_clk_0.FCLK_CLK_0_BUFG/O
                         net (fo=4149, routed)        0.550     0.886    design_1_i/axi_smc/inst/clk_map/psr_aclk/U0/aclk
    SLICE_X46Y82         FDRE                                         r  design_1_i/axi_smc/inst/clk_map/psr_aclk/U0/ACTIVE_LOW_BSR_OUT_DFF[0].FDRE_BSR_N/C
  -------------------------------------------------------------------    -------------------
    SLICE_X46Y82         FDRE (Prop_fdre_C_Q)         0.164     1.050 r  design_1_i/axi_smc/inst/clk_map/psr_aclk/U0/ACTIVE_LOW_BSR_OUT_DFF[0].FDRE_BSR_N/Q
                         net (fo=9, routed)           0.475     1.525    design_1_i/axi_smc/inst/s00_entry_pipeline/s00_si_converter/inst/xpm_cdc_async_rst_inst/src_arst
    SLICE_X36Y100        LUT1 (Prop_lut1_I0_O)        0.049     1.574 f  design_1_i/axi_smc/inst/s00_entry_pipeline/s00_si_converter/inst/xpm_cdc_async_rst_inst/arststages_ff[2]_i_1/O
                         net (fo=3, routed)           0.177     1.751    design_1_i/axi_smc/inst/s00_entry_pipeline/s00_si_converter/inst/xpm_cdc_async_rst_inst/reset_pol
    SLICE_X36Y100        FDCE                                         f  design_1_i/axi_smc/inst/s00_entry_pipeline/s00_si_converter/inst/xpm_cdc_async_rst_inst/arststages_ff_reg[1]/CLR
  -------------------------------------------------------------------    -------------------

                         (clock clk_fpga_0 rise edge)
                                                      0.000     0.000 r  
    PS7_X0Y0             PS7                          0.000     0.000 r  design_1_i/processing_system7_0/inst/PS7_i/FCLKCLK[0]
                         net (fo=1, routed)           0.337     0.337    design_1_i/processing_system7_0/inst/FCLK_CLK_unbuffered[0]
    BUFGCTRL_X0Y16       BUFG (Prop_bufg_I_O)         0.029     0.366 r  design_1_i/processing_system7_0/inst/buffer_fclk_clk_0.FCLK_CLK_0_BUFG/O
                         net (fo=4149, routed)        0.911     1.277    design_1_i/axi_smc/inst/s00_entry_pipeline/s00_si_converter/inst/xpm_cdc_async_rst_inst/dest_clk
    SLICE_X36Y100        FDCE                                         r  design_1_i/axi_smc/inst/s00_entry_pipeline/s00_si_converter/inst/xpm_cdc_async_rst_inst/arststages_ff_reg[1]/C

Slack:                    inf
  Source:                 design_1_i/axi_smc/inst/clk_map/psr_aclk/U0/ACTIVE_LOW_BSR_OUT_DFF[0].FDRE_BSR_N/C
                            (rising edge-triggered cell FDRE clocked by clk_fpga_0  {rise@0.000ns fall@5.000ns period=10.000ns})
  Destination:            design_1_i/axi_smc/inst/s00_entry_pipeline/s00_si_converter/inst/xpm_cdc_async_rst_inst/arststages_ff_reg[2]/CLR
                            (removal check against rising-edge clock clk_fpga_0  {rise@0.000ns fall@5.000ns period=10.000ns})
  Path Group:             (none)
  Path Type:              Removal (Min at Fast Process Corner)
  Data Path Delay:        0.865ns  (logic 0.213ns (24.617%)  route 0.652ns (75.383%))
  Logic Levels:           1  (LUT1=1)
  Clock Path Skew:        0.391ns (DCD - SCD - CPR)
    Destination Clock Delay (DCD):    1.277ns
    Source Clock Delay      (SCD):    0.886ns
    Clock Pessimism Removal (CPR):    -0.000ns
  Clock Uncertainty:      0.154ns  ((TSJ^2 + TIJ^2)^1/2 + DJ) / 2 + PE
    Total System Jitter     (TSJ):    0.071ns
    Total Input Jitter      (TIJ):    0.300ns
    Discrete Jitter          (DJ):    0.000ns
    Phase Error              (PE):    0.000ns
  Timing Exception:       False Path

    Location             Delay type                Incr(ns)  Path(ns)    Netlist Resource(s)
  -------------------------------------------------------------------    -------------------
                         (clock clk_fpga_0 rise edge)
                                                      0.000     0.000 r  
    PS7_X0Y0             PS7                          0.000     0.000 r  design_1_i/processing_system7_0/inst/PS7_i/FCLKCLK[0]
                         net (fo=1, routed)           0.310     0.310    design_1_i/processing_system7_0/inst/FCLK_CLK_unbuffered[0]
    BUFGCTRL_X0Y16       BUFG (Prop_bufg_I_O)         0.026     0.336 r  design_1_i/processing_system7_0/inst/buffer_fclk_clk_0.FCLK_CLK_0_BUFG/O
                         net (fo=4149, routed)        0.550     0.886    design_1_i/axi_smc/inst/clk_map/psr_aclk/U0/aclk
    SLICE_X46Y82         FDRE                                         r  design_1_i/axi_smc/inst/clk_map/psr_aclk/U0/ACTIVE_LOW_BSR_OUT_DFF[0].FDRE_BSR_N/C
  -------------------------------------------------------------------    -------------------
    SLICE_X46Y82         FDRE (Prop_fdre_C_Q)         0.164     1.050 r  design_1_i/axi_smc/inst/clk_map/psr_aclk/U0/ACTIVE_LOW_BSR_OUT_DFF[0].FDRE_BSR_N/Q
                         net (fo=9, routed)           0.475     1.525    design_1_i/axi_smc/inst/s00_entry_pipeline/s00_si_converter/inst/xpm_cdc_async_rst_inst/src_arst
    SLICE_X36Y100        LUT1 (Prop_lut1_I0_O)        0.049     1.574 f  design_1_i/axi_smc/inst/s00_entry_pipeline/s00_si_converter/inst/xpm_cdc_async_rst_inst/arststages_ff[2]_i_1/O
                         net (fo=3, routed)           0.177     1.751    design_1_i/axi_smc/inst/s00_entry_pipeline/s00_si_converter/inst/xpm_cdc_async_rst_inst/reset_pol
    SLICE_X36Y100        FDCE                                         f  design_1_i/axi_smc/inst/s00_entry_pipeline/s00_si_converter/inst/xpm_cdc_async_rst_inst/arststages_ff_reg[2]/CLR
  -------------------------------------------------------------------    -------------------

                         (clock clk_fpga_0 rise edge)
                                                      0.000     0.000 r  
    PS7_X0Y0             PS7                          0.000     0.000 r  design_1_i/processing_system7_0/inst/PS7_i/FCLKCLK[0]
                         net (fo=1, routed)           0.337     0.337    design_1_i/processing_system7_0/inst/FCLK_CLK_unbuffered[0]
    BUFGCTRL_X0Y16       BUFG (Prop_bufg_I_O)         0.029     0.366 r  design_1_i/processing_system7_0/inst/buffer_fclk_clk_0.FCLK_CLK_0_BUFG/O
                         net (fo=4149, routed)        0.911     1.277    design_1_i/axi_smc/inst/s00_entry_pipeline/s00_si_converter/inst/xpm_cdc_async_rst_inst/dest_clk
    SLICE_X36Y100        FDCE                                         r  design_1_i/axi_smc/inst/s00_entry_pipeline/s00_si_converter/inst/xpm_cdc_async_rst_inst/arststages_ff_reg[2]/C

Slack:                    inf
  Source:                 design_1_i/axi_smc/inst/clk_map/psr_aclk/U0/ACTIVE_LOW_BSR_OUT_DFF[0].FDRE_BSR_N/C
                            (rising edge-triggered cell FDRE clocked by clk_fpga_0  {rise@0.000ns fall@5.000ns period=10.000ns})
  Destination:            design_1_i/axi_smc/inst/s00_entry_pipeline/s00_mmu/inst/xpm_cdc_async_rst_inst/arststages_ff_reg[0]/CLR
                            (removal check against rising-edge clock clk_fpga_0  {rise@0.000ns fall@5.000ns period=10.000ns})
  Path Group:             (none)
  Path Type:              Removal (Min at Fast Process Corner)
  Data Path Delay:        0.882ns  (logic 0.209ns (23.708%)  route 0.673ns (76.292%))
  Logic Levels:           1  (LUT1=1)
  Clock Path Skew:        0.392ns (DCD - SCD - CPR)
    Destination Clock Delay (DCD):    1.278ns
    Source Clock Delay      (SCD):    0.886ns
    Clock Pessimism Removal (CPR):    -0.000ns
  Clock Uncertainty:      0.154ns  ((TSJ^2 + TIJ^2)^1/2 + DJ) / 2 + PE
    Total System Jitter     (TSJ):    0.071ns
    Total Input Jitter      (TIJ):    0.300ns
    Discrete Jitter          (DJ):    0.000ns
    Phase Error              (PE):    0.000ns
  Timing Exception:       False Path

    Location             Delay type                Incr(ns)  Path(ns)    Netlist Resource(s)
  -------------------------------------------------------------------    -------------------
                         (clock clk_fpga_0 rise edge)
                                                      0.000     0.000 r  
    PS7_X0Y0             PS7                          0.000     0.000 r  design_1_i/processing_system7_0/inst/PS7_i/FCLKCLK[0]
                         net (fo=1, routed)           0.310     0.310    design_1_i/processing_system7_0/inst/FCLK_CLK_unbuffered[0]
    BUFGCTRL_X0Y16       BUFG (Prop_bufg_I_O)         0.026     0.336 r  design_1_i/processing_system7_0/inst/buffer_fclk_clk_0.FCLK_CLK_0_BUFG/O
                         net (fo=4149, routed)        0.550     0.886    design_1_i/axi_smc/inst/clk_map/psr_aclk/U0/aclk
    SLICE_X46Y82         FDRE                                         r  design_1_i/axi_smc/inst/clk_map/psr_aclk/U0/ACTIVE_LOW_BSR_OUT_DFF[0].FDRE_BSR_N/C
  -------------------------------------------------------------------    -------------------
    SLICE_X46Y82         FDRE (Prop_fdre_C_Q)         0.164     1.050 r  design_1_i/axi_smc/inst/clk_map/psr_aclk/U0/ACTIVE_LOW_BSR_OUT_DFF[0].FDRE_BSR_N/Q
                         net (fo=9, routed)           0.475     1.525    design_1_i/axi_smc/inst/s00_entry_pipeline/s00_mmu/inst/xpm_cdc_async_rst_inst/src_arst
    SLICE_X36Y100        LUT1 (Prop_lut1_I0_O)        0.045     1.570 f  design_1_i/axi_smc/inst/s00_entry_pipeline/s00_mmu/inst/xpm_cdc_async_rst_inst/arststages_ff[2]_i_1/O
                         net (fo=3, routed)           0.197     1.767    design_1_i/axi_smc/inst/s00_entry_pipeline/s00_mmu/inst/xpm_cdc_async_rst_inst/reset_pol
    SLICE_X35Y100        FDCE                                         f  design_1_i/axi_smc/inst/s00_entry_pipeline/s00_mmu/inst/xpm_cdc_async_rst_inst/arststages_ff_reg[0]/CLR
  -------------------------------------------------------------------    -------------------

                         (clock clk_fpga_0 rise edge)
                                                      0.000     0.000 r  
    PS7_X0Y0             PS7                          0.000     0.000 r  design_1_i/processing_system7_0/inst/PS7_i/FCLKCLK[0]
                         net (fo=1, routed)           0.337     0.337    design_1_i/processing_system7_0/inst/FCLK_CLK_unbuffered[0]
    BUFGCTRL_X0Y16       BUFG (Prop_bufg_I_O)         0.029     0.366 r  design_1_i/processing_system7_0/inst/buffer_fclk_clk_0.FCLK_CLK_0_BUFG/O
                         net (fo=4149, routed)        0.912     1.278    design_1_i/axi_smc/inst/s00_entry_pipeline/s00_mmu/inst/xpm_cdc_async_rst_inst/dest_clk
    SLICE_X35Y100        FDCE                                         r  design_1_i/axi_smc/inst/s00_entry_pipeline/s00_mmu/inst/xpm_cdc_async_rst_inst/arststages_ff_reg[0]/C





