  **** HLS Build v2025.2 6295257
Sourcing Tcl script 'C:/Users/hp/HW-AFDM-OTFS/hls/scripts/run_hls.tcl'
INFO: [HLS 200-1510] Running: open_project -reset C:/Users/hp/HW-AFDM-OTFS/hls/proj/dfts_fde_W12_R16_LEOKa 
WARNING: [HLS 200-2182] The 'dfts_fde_W12_R16_LEOKa' project will not automatically appear within Vitis IDE workspaces and is meant only for TCL batch use.  Please use open_component instead of open_project/open_solution to generate Vitis IDE compatible component files and directory structure.
Resolution: For help on HLS 200-2182 see docs.amd.com/access/sources/dita/topic?Doc_Version=2025.2%20English&url=ug1448-hls-guidance&resourceid=200-2182.html
INFO: [HLS 200-10] Creating and opening solution 'C:/Users/hp/HW-AFDM-OTFS/hls/proj/dfts_fde_W12_R16_LEOKa'.
INFO: [HLS 200-1510] Running: set_top dfts_fde 
INFO: [HLS 200-1510] Running: add_files C:/Users/hp/HW-AFDM-OTFS/hls/src/blocks.cpp -cflags -DWD=12 -DWR=16 -IC:/Users/hp/HW-AFDM-OTFS/hls/src -IC:/Users/hp/HW-AFDM-OTFS/hls/generated/R16_LEOKa 
INFO: [HLS 200-10] Adding design file 'C:/Users/hp/HW-AFDM-OTFS/hls/src/blocks.cpp' to the project
INFO: [HLS 200-1510] Running: add_files -tb C:/Users/hp/HW-AFDM-OTFS/hls/tb/tb_blocks.cpp -cflags -DWD=12 -DWR=16 -IC:/Users/hp/HW-AFDM-OTFS/hls/src -IC:/Users/hp/HW-AFDM-OTFS/hls/generated/R16_LEOKa 
INFO: [HLS 200-10] Adding test bench file 'C:/Users/hp/HW-AFDM-OTFS/hls/tb/tb_blocks.cpp' to the project
INFO: [HLS 200-1510] Running: open_solution -reset sol -flow_target vivado 
INFO: [HLS 200-10] Creating and opening solution 'C:/Users/hp/HW-AFDM-OTFS/hls/proj/dfts_fde_W12_R16_LEOKa/sol'.
INFO: [HLS 200-10] Cleaning up the solution database.
INFO: [HLS 200-1505] Using flow_target 'vivado'
Resolution: For help on HLS 200-1505 see docs.amd.com/access/sources/dita/topic?Doc_Version=2025.2%20English&url=ug1448-hls-guidance&resourceid=200-1505.html
INFO: [HLS 200-1510] Running: set_part xc7z020clg484-1 
INFO: [HLS 200-1611] Setting target device to 'xc7z020-clg484-1'
INFO: [HLS 200-1510] Running: create_clock -period 10.0 -name default 
INFO: [SYN 201-201] Setting up clock 'default' with a period of 10ns.
INFO: [HLS 200-1510] Running: csim_design -argv C:/Users/hp/HW-AFDM-OTFS/hls/generated/W12_R16_LEOKa 
INFO: [SIM 211-2] *************** CSIM start ***************
INFO: [HLS 200-2191] C-Simulation will use clang-16 as the compiler
INFO: [HLS 200-2036] Building debug C Simulation binaries
   Compiling ../../../../../tb/tb_blocks.cpp in debug mode
   Compiling ../../../../../src/blocks.cpp in debug mode
   Generating csim.exe
In file included from ../../../../../tb/tb_blocks.cpp:6:
In file included from C:/Users/hp/HW-AFDM-OTFS/hls/src\blocks.h:5:
In file included from C:/Users/hp/HW-AFDM-OTFS/hls/src/types.h:7:
In file included from D:/2025.2/Vitis/include\ap_fixed.h:9:
In file included from D:/2025.2/Vitis/include\etc/ap_common.h:668:
In file included from D:/2025.2/Vitis/include\etc/ap_private.h:68:
In file included from D:/2025.2/Vitis/include\hls_half.h:26:
In file included from D:/2025.2/Vitis/include/etc/hls_half_fpo.h:19:
In file included from D:/2025.2/Vitis/include\hls_fpo.h:140:
In file included from D:/2025.2/Vitis/include/floating_point_v7_1_bitacc_cmodel.h:150:
D:/2025.2/Vitis/include\gmp.h:58:9: warning: '__GMP_LIBGMP_DLL' macro redefined [-Wmacro-redefined]
#define __GMP_LIBGMP_DLL  0
        ^
D:/2025.2/Vitis/include/floating_point_v7_1_bitacc_cmodel.h:142:9: note: previous definition is here
#define __GMP_LIBGMP_DLL 1
        ^
1 warning generated.
In file included from ../../../../../src/blocks.cpp:3:
In file included from C:/Users/hp/HW-AFDM-OTFS/hls/src/blocks.h:5:
In file included from C:/Users/hp/HW-AFDM-OTFS/hls/src/types.h:7:
In file included from D:/2025.2/Vitis/include\ap_fixed.h:9:
In file included from D:/2025.2/Vitis/include\etc/ap_common.h:668:
In file included from D:/2025.2/Vitis/include\etc/ap_private.h:68:
In file included from D:/2025.2/Vitis/include\hls_half.h:26:
In file included from D:/2025.2/Vitis/include/etc/hls_half_fpo.h:19:
In file included from D:/2025.2/Vitis/include\hls_fpo.h:140:
In file included from D:/2025.2/Vitis/include/floating_point_v7_1_bitacc_cmodel.h:150:
D:/2025.2/Vitis/include\gmp.h:58:9: warning: '__GMP_LIBGMP_DLL' macro redefined [-Wmacro-redefined]
#define __GMP_LIBGMP_DLL  0
        ^
D:/2025.2/Vitis/include/floating_point_v7_1_bitacc_cmodel.h:142:9: note: previous definition is here
#define __GMP_LIBGMP_DLL 1
        ^
1 warning generated.
WD = 12, WR = 16, vectors: C:/Users/hp/HW-AFDM-OTFS/hls/generated/W12_R16_LEOKa
  afdm_mod            20 frames,   5120 samples, 0 mismatches
  afdm_demod          20 frames,   5120 samples, 0 mismatches
  afdm_mod_c2zero     20 frames,   5120 samples, 0 mismatches
  afdm_demod_c2zero   20 frames,   5120 samples, 0 mismatches
  otfs_zak_mod        20 frames,   5120 samples, 0 mismatches
  otfs_zak_demod      20 frames,   5120 samples, 0 mismatches
  otfs_isfft_mod      20 frames,   5120 samples, 0 mismatches
  otfs_sfft_demod     20 frames,   5120 samples, 0 mismatches
  otfs_ps_mod         20 frames,   5120 samples, 0 mismatches
  ofdm_mod            20 frames,   5120 samples, 0 mismatches
  ofdm_demod          20 frames,   5120 samples, 0 mismatches
  dfts_mod            20 frames,   5120 samples, 0 mismatches
  dfts_demod          20 frames,   5120 samples, 0 mismatches
  dfts_fde            20 frames,   5120 samples, 0 mismatches
PASS: bit-exact with MATLAB
INFO: [SIM 211-1] CSim done with 0 errors.
INFO: [SIM 211-3] *************** CSIM finish ***************
INFO: [HLS 200-2161] Finished Command csim_design Elapsed time: 00:00:10; Allocated memory: 0.676 MB.
INFO: [HLS 200-1510] Running: csynth_design 
INFO: [HLS 200-111] Finished File checks and directory preparation: CPU user time: 0 seconds. CPU system time: 0 seconds. Elapsed time: 2.208 seconds; current allocated memory: 140.027 MB.
INFO: [HLS 200-2191] C-Synthesis will use clang-16 as the compiler
INFO: [HLS 200-10] Analyzing design file '../src/blocks.cpp' ... 
INFO: [HLS 200-111] Finished Source Code Analysis and Preprocessing: CPU user time: 0 seconds. CPU system time: 0 seconds. Elapsed time: 13.903 seconds; current allocated memory: 142.812 MB.
INFO: [HLS 200-777] Using interface defaults for 'Vivado' flow target.
INFO: [HLS 200-1995] There were 10,675 instructions in the design after the 'Compile/Link' phase of compilation. See the Design Size Report for more details (C:/Users/hp/HW-AFDM-OTFS/hls/proj/dfts_fde_W12_R16_LEOKa/sol/syn/report/csynth_design_size.rpt:2)
INFO: [HLS 200-1995] There were 1,666 instructions in the design after the 'Unroll/Inline (step 1)' phase of compilation. See the Design Size Report for more details (C:/Users/hp/HW-AFDM-OTFS/hls/proj/dfts_fde_W12_R16_LEOKa/sol/syn/report/csynth_design_size.rpt:2)
INFO: [HLS 200-1995] There were 831 instructions in the design after the 'Unroll/Inline (step 2)' phase of compilation. See the Design Size Report for more details (C:/Users/hp/HW-AFDM-OTFS/hls/proj/dfts_fde_W12_R16_LEOKa/sol/syn/report/csynth_design_size.rpt:2)
INFO: [HLS 200-1995] There were 784 instructions in the design after the 'Unroll/Inline (step 3)' phase of compilation. See the Design Size Report for more details (C:/Users/hp/HW-AFDM-OTFS/hls/proj/dfts_fde_W12_R16_LEOKa/sol/syn/report/csynth_design_size.rpt:2)
INFO: [HLS 200-1995] There were 742 instructions in the design after the 'Unroll/Inline (step 4)' phase of compilation. See the Design Size Report for more details (C:/Users/hp/HW-AFDM-OTFS/hls/proj/dfts_fde_W12_R16_LEOKa/sol/syn/report/csynth_design_size.rpt:2)
INFO: [HLS 200-1995] There were 740 instructions in the design after the 'Array/Struct (step 1)' phase of compilation. See the Design Size Report for more details (C:/Users/hp/HW-AFDM-OTFS/hls/proj/dfts_fde_W12_R16_LEOKa/sol/syn/report/csynth_design_size.rpt:2)
INFO: [HLS 200-1995] There were 740 instructions in the design after the 'Array/Struct (step 2)' phase of compilation. See the Design Size Report for more details (C:/Users/hp/HW-AFDM-OTFS/hls/proj/dfts_fde_W12_R16_LEOKa/sol/syn/report/csynth_design_size.rpt:2)
INFO: [HLS 200-1995] There were 764 instructions in the design after the 'Array/Struct (step 3)' phase of compilation. See the Design Size Report for more details (C:/Users/hp/HW-AFDM-OTFS/hls/proj/dfts_fde_W12_R16_LEOKa/sol/syn/report/csynth_design_size.rpt:2)
INFO: [HLS 200-1995] There were 756 instructions in the design after the 'Array/Struct (step 4)' phase of compilation. See the Design Size Report for more details (C:/Users/hp/HW-AFDM-OTFS/hls/proj/dfts_fde_W12_R16_LEOKa/sol/syn/report/csynth_design_size.rpt:2)
INFO: [HLS 200-1995] There were 756 instructions in the design after the 'Array/Struct (step 5)' phase of compilation. See the Design Size Report for more details (C:/Users/hp/HW-AFDM-OTFS/hls/proj/dfts_fde_W12_R16_LEOKa/sol/syn/report/csynth_design_size.rpt:2)
INFO: [HLS 200-1995] There were 744 instructions in the design after the 'Performance (step 1)' phase of compilation. See the Design Size Report for more details (C:/Users/hp/HW-AFDM-OTFS/hls/proj/dfts_fde_W12_R16_LEOKa/sol/syn/report/csynth_design_size.rpt:2)
INFO: [HLS 200-1995] There were 740 instructions in the design after the 'Performance (step 2)' phase of compilation. See the Design Size Report for more details (C:/Users/hp/HW-AFDM-OTFS/hls/proj/dfts_fde_W12_R16_LEOKa/sol/syn/report/csynth_design_size.rpt:2)
INFO: [HLS 200-1995] There were 740 instructions in the design after the 'Performance (step 3)' phase of compilation. See the Design Size Report for more details (C:/Users/hp/HW-AFDM-OTFS/hls/proj/dfts_fde_W12_R16_LEOKa/sol/syn/report/csynth_design_size.rpt:2)
INFO: [HLS 200-1995] There were 740 instructions in the design after the 'Performance (step 4)' phase of compilation. See the Design Size Report for more details (C:/Users/hp/HW-AFDM-OTFS/hls/proj/dfts_fde_W12_R16_LEOKa/sol/syn/report/csynth_design_size.rpt:2)
INFO: [HLS 200-1995] There were 746 instructions in the design after the 'HW Transforms (step 1)' phase of compilation. See the Design Size Report for more details (C:/Users/hp/HW-AFDM-OTFS/hls/proj/dfts_fde_W12_R16_LEOKa/sol/syn/report/csynth_design_size.rpt:2)
INFO: [HLS 200-1995] There were 789 instructions in the design after the 'HW Transforms (step 2)' phase of compilation. See the Design Size Report for more details (C:/Users/hp/HW-AFDM-OTFS/hls/proj/dfts_fde_W12_R16_LEOKa/sol/syn/report/csynth_design_size.rpt:2)
INFO: [HLS 214-291] Loop 'VITIS_LOOP_42_1' is marked as complete unroll implied by the pipeline pragma (C:/Users/hp/HW-AFDM-OTFS/hls/src/fft.h:42:22)
INFO: [HLS 214-186] Unrolling loop 'VITIS_LOOP_42_1' (C:/Users/hp/HW-AFDM-OTFS/hls/src/fft.h:42:22) in function 'bitrev<8>' completely with a factor of 8 (C:/Users/hp/HW-AFDM-OTFS/hls/src/fft.h:40:0)
INFO: [HLS 214-178] Inlining function 'cmul(cdata const&, crom const&, ap_fixed<32, 8, (ap_q_mode)5, (ap_o_mode)3, 0>&, ap_fixed<32, 8, (ap_q_mode)5, (ap_o_mode)3, 0>&) (.43.53.63)' into 'butterfly(cdata const&, cdata const&, crom const&, bool, cdata&, cdata&) (.40.50.60)' (C:/Users/hp/HW-AFDM-OTFS/hls/src/fft.h:28:0)
INFO: [HLS 214-178] Inlining function 'int bitrev<8>(int)' into 'void fft<256, 8>(cdata*, crom const*)' (C:/Users/hp/HW-AFDM-OTFS/hls/src/fft.h:49:0)
INFO: [HLS 214-241] Aggregating bram variable 'x' with compact=bit mode in 24-bits (../src/blocks.cpp:101:0)
INFO: [HLS 214-241] Aggregating bram variable 'w' with compact=bit mode in 32-bits (../src/blocks.cpp:101:0)
INFO: [HLS 214-241] Aggregating bram variable 'r' with compact=bit mode in 24-bits (../src/blocks.cpp:101:0)
INFO: [HLS 214-376] Pipelining loop< VITIS_LOOP_103_1> at ../src/blocks.cpp:103:23 due to pipeline_loops threshold
INFO: [HLS 214-376] Pipelining loop< equalize> at ../src/blocks.cpp:106:5 due to pipeline_loops threshold
INFO: [HLS 214-376] Pipelining loop< VITIS_LOOP_113_2> at ../src/blocks.cpp:113:23 due to pipeline_loops threshold
INFO: [HLS 214-364] Automatically inlining function 'butterfly(cdata const&, cdata const&, crom const&, bool, cdata&, cdata&) (.40.50.60)' to improve effectiveness of pipeline pragma in function 'void fft<256, 8>(cdata*, crom const*)' (C:/Users/hp/HW-AFDM-OTFS/hls/src/fft.h:69:13)
INFO: [HLS 200-111] Finished Compiling Optimization and Transform: CPU user time: 1 seconds. CPU system time: 0 seconds. Elapsed time: 10.08 seconds; current allocated memory: 144.566 MB.
INFO: [HLS 200-111] Finished Checking Pragmas: CPU user time: 0 seconds. CPU system time: 0 seconds. Elapsed time: 0.004 seconds; current allocated memory: 144.566 MB.
INFO: [HLS 200-10] Starting code transformations ...
INFO: [HLS 200-111] Finished Standard Transforms: CPU user time: 0 seconds. CPU system time: 0 seconds. Elapsed time: 0.06 seconds; current allocated memory: 149.770 MB.
INFO: [HLS 200-10] Checking synthesizability ...
INFO: [HLS 200-111] Finished Checking Synthesizability: CPU user time: 0 seconds. CPU system time: 0 seconds. Elapsed time: 0.047 seconds; current allocated memory: 151.652 MB.
INFO: [XFORM 203-401] Performing if-conversion on hyperblock from (C:/Users/hp/HW-AFDM-OTFS/hls/src/fft.h:64:1) to (C:/Users/hp/HW-AFDM-OTFS/hls/src/fft.h:61:9) in function 'fft<256, 8>'... converting 3 basic blocks.
INFO: [XFORM 203-11] Balancing expressions in function 'fft<256, 8>' (C:/Users/hp/HW-AFDM-OTFS/hls/src/fft.h:22:9)...7 expression(s) balanced.
INFO: [HLS 200-111] Finished Loop, function and other optimizations: CPU user time: 0 seconds. CPU system time: 0 seconds. Elapsed time: 0.181 seconds; current allocated memory: 174.246 MB.
INFO: [HLS 200-2061] Successfully converted nested loops 'stages'(C:/Users/hp/HW-AFDM-OTFS/hls/src/fft.h:58:5) and 'butterflies'(C:/Users/hp/HW-AFDM-OTFS/hls/src/fft.h:61:9) in function 'fft<256, 8>' into perfectly nested loops.
INFO: [XFORM 203-541] Flattening a loop nest 'stages' (C:/Users/hp/HW-AFDM-OTFS/hls/src/fft.h:58:5) in function 'fft<256, 8>'.
WARNING: [HLS 200-1946] Dependence pragma (C:/Users/hp/HW-AFDM-OTFS/hls/src/fft.h:65:1) in loop 'butterflies' may become invalid because the loop was flattened with the outer loop 'stages'.
WARNING: [HLS 200-1946] Dependence pragma (C:/Users/hp/HW-AFDM-OTFS/hls/src/fft.h:65:1) in loop 'butterflies' may become invalid because the loop was flattened with the outer loop 'stages'.
WARNING: [ANALYSIS 214-52] Found false inter dependency for variable 'tmp.re' (C:/Users/hp/HW-AFDM-OTFS/hls/src/fft.h:51).
WARNING: [ANALYSIS 214-52] Found false inter dependency for variable 'tmp.im' (C:/Users/hp/HW-AFDM-OTFS/hls/src/fft.h:51).
WARNING: [ANALYSIS 214-52] Found false inter dependency for variable 'tmp.re'.
WARNING: [ANALYSIS 214-52] Found false inter dependency for variable 'tmp.im'.
INFO: [HLS 200-111] Finished Architecture Synthesis: CPU user time: 0 seconds. CPU system time: 0 seconds. Elapsed time: 1.621 seconds; current allocated memory: 229.527 MB.
INFO: [HLS 200-10] Starting hardware synthesis ...
INFO: [HLS 200-10] Synthesizing 'dfts_fde' ...
WARNING: [SYN 201-103] Legalizing function name 'fft<256, 8>_Pipeline_reorder' to 'fft_256_8_Pipeline_reorder'.
WARNING: [SYN 201-103] Legalizing function name 'fft<256, 8>_Pipeline_stages_butterflies' to 'fft_256_8_Pipeline_stages_butterflies'.
WARNING: [SYN 201-103] Legalizing function name 'fft<256, 8>_Pipeline_copy_out' to 'fft_256_8_Pipeline_copy_out'.
WARNING: [SYN 201-103] Legalizing function name 'fft<256, 8>' to 'fft_256_8_s'.
INFO: [HLS 200-10] ----------------------------------------------------------------
INFO: [HLS 200-42] -- Implementing module 'dfts_fde_Pipeline_VITIS_LOOP_103_1' 
INFO: [HLS 200-10] ----------------------------------------------------------------
INFO: [SCHED 204-11] Starting scheduling ...
INFO: [SCHED 204-61] Pipelining loop 'VITIS_LOOP_103_1'.
INFO: [HLS 200-1470] Pipelining result : Target II = NA, Final II = 1, Depth = 2, loop 'VITIS_LOOP_103_1'
INFO: [SCHED 204-11] Finished scheduling.
INFO: [HLS 200-111] Finished Scheduling: CPU user time: 0 seconds. CPU system time: 0 seconds. Elapsed time: 0.182 seconds; current allocated memory: 233.379 MB.
INFO: [BIND 205-100] Starting micro-architecture generation ...
INFO: [BIND 205-101] Performing variable lifetime analysis.
INFO: [BIND 205-101] Exploring resource sharing.
INFO: [BIND 205-101] Binding ...
INFO: [BIND 205-100] Finished micro-architecture generation.
INFO: [HLS 200-111] Finished Binding: CPU user time: 0 seconds. CPU system time: 0 seconds. Elapsed time: 0.024 seconds; current allocated memory: 234.445 MB.
INFO: [HLS 200-10] ----------------------------------------------------------------
INFO: [HLS 200-42] -- Implementing module 'fft_256_8_Pipeline_reorder' 
INFO: [HLS 200-10] ----------------------------------------------------------------
INFO: [SCHED 204-11] Starting scheduling ...
INFO: [SCHED 204-61] Pipelining loop 'reorder'.
INFO: [HLS 200-1470] Pipelining result : Target II = 1, Final II = 1, Depth = 2, loop 'reorder'
INFO: [SCHED 204-11] Finished scheduling.
INFO: [HLS 200-111] Finished Scheduling: CPU user time: 0 seconds. CPU system time: 0 seconds. Elapsed time: 0.036 seconds; current allocated memory: 234.660 MB.
INFO: [BIND 205-100] Starting micro-architecture generation ...
INFO: [BIND 205-101] Performing variable lifetime analysis.
INFO: [BIND 205-101] Exploring resource sharing.
INFO: [BIND 205-101] Binding ...
INFO: [BIND 205-100] Finished micro-architecture generation.
INFO: [HLS 200-111] Finished Binding: CPU user time: 0 seconds. CPU system time: 0 seconds. Elapsed time: 0.025 seconds; current allocated memory: 234.664 MB.
INFO: [HLS 200-10] ----------------------------------------------------------------
INFO: [HLS 200-42] -- Implementing module 'fft_256_8_Pipeline_stages_butterflies' 
INFO: [HLS 200-10] ----------------------------------------------------------------
INFO: [SCHED 204-11] Starting scheduling ...
INFO: [SCHED 204-61] Pipelining loop 'stages_butterflies'.
INFO: [HLS 200-1470] Pipelining result : Target II = 2, Final II = 2, Depth = 24, loop 'stages_butterflies'
INFO: [SCHED 204-11] Finished scheduling.
INFO: [HLS 200-111] Finished Scheduling: CPU user time: 0 seconds. CPU system time: 0 seconds. Elapsed time: 0.186 seconds; current allocated memory: 236.977 MB.
INFO: [BIND 205-100] Starting micro-architecture generation ...
INFO: [BIND 205-101] Performing variable lifetime analysis.
INFO: [BIND 205-101] Exploring resource sharing.
INFO: [BIND 205-101] Binding ...
INFO: [BIND 205-100] Finished micro-architecture generation.
INFO: [HLS 200-111] Finished Binding: CPU user time: 0 seconds. CPU system time: 0 seconds. Elapsed time: 0.116 seconds; current allocated memory: 237.121 MB.
INFO: [HLS 200-10] ----------------------------------------------------------------
INFO: [HLS 200-42] -- Implementing module 'fft_256_8_Pipeline_copy_out' 
INFO: [HLS 200-10] ----------------------------------------------------------------
INFO: [SCHED 204-11] Starting scheduling ...
INFO: [SCHED 204-61] Pipelining loop 'copy_out'.
INFO: [HLS 200-1470] Pipelining result : Target II = 1, Final II = 1, Depth = 2, loop 'copy_out'
INFO: [SCHED 204-11] Finished scheduling.
INFO: [HLS 200-111] Finished Scheduling: CPU user time: 0 seconds. CPU system time: 0 seconds. Elapsed time: 0.072 seconds; current allocated memory: 237.289 MB.
INFO: [BIND 205-100] Starting micro-architecture generation ...
INFO: [BIND 205-101] Performing variable lifetime analysis.
INFO: [BIND 205-101] Exploring resource sharing.
INFO: [BIND 205-101] Binding ...
INFO: [BIND 205-100] Finished micro-architecture generation.
INFO: [HLS 200-111] Finished Binding: CPU user time: 0 seconds. CPU system time: 0 seconds. Elapsed time: 0.025 seconds; current allocated memory: 237.371 MB.
INFO: [HLS 200-10] ----------------------------------------------------------------
INFO: [HLS 200-42] -- Implementing module 'fft_256_8_s' 
INFO: [HLS 200-10] ----------------------------------------------------------------
INFO: [SCHED 204-11] Starting scheduling ...
INFO: [SCHED 204-11] Finished scheduling.
INFO: [HLS 200-111] Finished Scheduling: CPU user time: 0 seconds. CPU system time: 0 seconds. Elapsed time: 0.026 seconds; current allocated memory: 237.438 MB.
INFO: [BIND 205-100] Starting micro-architecture generation ...
INFO: [BIND 205-101] Performing variable lifetime analysis.
INFO: [BIND 205-101] Exploring resource sharing.
INFO: [BIND 205-101] Binding ...
INFO: [BIND 205-100] Finished micro-architecture generation.
INFO: [HLS 200-111] Finished Binding: CPU user time: 0 seconds. CPU system time: 0 seconds. Elapsed time: 0.021 seconds; current allocated memory: 237.484 MB.
INFO: [HLS 200-10] ----------------------------------------------------------------
INFO: [HLS 200-42] -- Implementing module 'dfts_fde_Pipeline_equalize' 
INFO: [HLS 200-10] ----------------------------------------------------------------
INFO: [SCHED 204-11] Starting scheduling ...
INFO: [HLS 200-486] Changing DSP latency (root=re) to 3 in order to utilize available DSP registers.
INFO: [SCHED 204-61] Pipelining loop 'equalize'.
INFO: [HLS 200-1470] Pipelining result : Target II = NA, Final II = 1, Depth = 6, loop 'equalize'
INFO: [SCHED 204-11] Finished scheduling.
INFO: [HLS 200-111] Finished Scheduling: CPU user time: 1 seconds. CPU system time: 0 seconds. Elapsed time: 0.082 seconds; current allocated memory: 238.062 MB.
INFO: [BIND 205-100] Starting micro-architecture generation ...
INFO: [BIND 205-101] Performing variable lifetime analysis.
INFO: [BIND 205-101] Exploring resource sharing.
INFO: [BIND 205-101] Binding ...
INFO: [BIND 205-100] Finished micro-architecture generation.
INFO: [HLS 200-111] Finished Binding: CPU user time: 0 seconds. CPU system time: 0 seconds. Elapsed time: 0.044 seconds; current allocated memory: 238.164 MB.
INFO: [HLS 200-10] ----------------------------------------------------------------
INFO: [HLS 200-42] -- Implementing module 'dfts_fde_Pipeline_VITIS_LOOP_113_2' 
INFO: [HLS 200-10] ----------------------------------------------------------------
INFO: [SCHED 204-11] Starting scheduling ...
INFO: [SCHED 204-61] Pipelining loop 'VITIS_LOOP_113_2'.
INFO: [HLS 200-1470] Pipelining result : Target II = NA, Final II = 1, Depth = 2, loop 'VITIS_LOOP_113_2'
INFO: [SCHED 204-11] Finished scheduling.
INFO: [HLS 200-111] Finished Scheduling: CPU user time: 0 seconds. CPU system time: 0 seconds. Elapsed time: 0.061 seconds; current allocated memory: 238.277 MB.
INFO: [BIND 205-100] Starting micro-architecture generation ...
INFO: [BIND 205-101] Performing variable lifetime analysis.
INFO: [BIND 205-101] Exploring resource sharing.
INFO: [BIND 205-101] Binding ...
INFO: [BIND 205-100] Finished micro-architecture generation.
INFO: [HLS 200-111] Finished Binding: CPU user time: 0 seconds. CPU system time: 0 seconds. Elapsed time: 0.024 seconds; current allocated memory: 238.340 MB.
INFO: [HLS 200-10] ----------------------------------------------------------------
INFO: [HLS 200-42] -- Implementing module 'dfts_fde' 
INFO: [HLS 200-10] ----------------------------------------------------------------
INFO: [SCHED 204-11] Starting scheduling ...
INFO: [SCHED 204-11] Finished scheduling.
INFO: [HLS 200-111] Finished Scheduling: CPU user time: 0 seconds. CPU system time: 0 seconds. Elapsed time: 0.027 seconds; current allocated memory: 238.520 MB.
INFO: [BIND 205-100] Starting micro-architecture generation ...
INFO: [BIND 205-101] Performing variable lifetime analysis.
INFO: [BIND 205-101] Exploring resource sharing.
INFO: [BIND 205-101] Binding ...
INFO: [BIND 205-100] Finished micro-architecture generation.
INFO: [HLS 200-111] Finished Binding: CPU user time: 0 seconds. CPU system time: 0 seconds. Elapsed time: 0.019 seconds; current allocated memory: 238.551 MB.
INFO: [HLS 200-10] ----------------------------------------------------------------
INFO: [HLS 200-10] -- Generating RTL for module 'dfts_fde_Pipeline_VITIS_LOOP_103_1' 
INFO: [HLS 200-10] ----------------------------------------------------------------
INFO: [HLS 200-1030] Apply Unified Pipeline Control on module 'dfts_fde_Pipeline_VITIS_LOOP_103_1' pipeline 'VITIS_LOOP_103_1' pipeline type 'loop pipeline'
INFO: [RTGEN 206-100] Finished creating RTL model for 'dfts_fde_Pipeline_VITIS_LOOP_103_1'.
INFO: [HLS 200-111] Finished Creating RTL model: CPU user time: 0 seconds. CPU system time: 0 seconds. Elapsed time: 0.052 seconds; current allocated memory: 240.031 MB.
INFO: [HLS 200-10] ----------------------------------------------------------------
INFO: [HLS 200-10] -- Generating RTL for module 'fft_256_8_Pipeline_reorder' 
INFO: [HLS 200-10] ----------------------------------------------------------------
INFO: [HLS 200-1030] Apply Unified Pipeline Control on module 'fft_256_8_Pipeline_reorder' pipeline 'reorder' pipeline type 'loop pipeline'
INFO: [RTGEN 206-100] Finished creating RTL model for 'fft_256_8_Pipeline_reorder'.
INFO: [HLS 200-111] Finished Creating RTL model: CPU user time: 0 seconds. CPU system time: 0 seconds. Elapsed time: 0.138 seconds; current allocated memory: 241.262 MB.
INFO: [HLS 200-10] ----------------------------------------------------------------
INFO: [HLS 200-10] -- Generating RTL for module 'fft_256_8_Pipeline_stages_butterflies' 
INFO: [HLS 200-10] ----------------------------------------------------------------
INFO: [HLS 200-1030] Apply Unified Pipeline Control on module 'fft_256_8_Pipeline_stages_butterflies' pipeline 'stages_butterflies' pipeline type 'loop pipeline'
INFO: [RTGEN 206-100] Generating core module 'mul_16s_12s_28_1_1': 4 instance(s).
INFO: [RTGEN 206-100] Generating core module 'mul_7s_7s_7_1_1': 1 instance(s).
INFO: [RTGEN 206-100] Generating core module 'udiv_9s_9ns_7_13_1': 1 instance(s).
INFO: [RTGEN 206-100] Finished creating RTL model for 'fft_256_8_Pipeline_stages_butterflies'.
INFO: [HLS 200-111] Finished Creating RTL model: CPU user time: 0 seconds. CPU system time: 0 seconds. Elapsed time: 0.231 seconds; current allocated memory: 244.652 MB.
INFO: [HLS 200-10] ----------------------------------------------------------------
INFO: [HLS 200-10] -- Generating RTL for module 'fft_256_8_Pipeline_copy_out' 
INFO: [HLS 200-10] ----------------------------------------------------------------
INFO: [HLS 200-1030] Apply Unified Pipeline Control on module 'fft_256_8_Pipeline_copy_out' pipeline 'copy_out' pipeline type 'loop pipeline'
INFO: [RTGEN 206-100] Finished creating RTL model for 'fft_256_8_Pipeline_copy_out'.
INFO: [HLS 200-111] Finished Creating RTL model: CPU user time: 0 seconds. CPU system time: 0 seconds. Elapsed time: 0.353 seconds; current allocated memory: 250.340 MB.
INFO: [HLS 200-10] ----------------------------------------------------------------
INFO: [HLS 200-10] -- Generating RTL for module 'fft_256_8_s' 
INFO: [HLS 200-10] ----------------------------------------------------------------
INFO: [RTGEN 206-100] Finished creating RTL model for 'fft_256_8_s'.
INFO: [RTMG 210-278] Implementing memory 'dfts_fde_fft_256_8_s_tmp_re_RAM_AUTO_1R1W' using auto RAMs.
INFO: [HLS 200-111] Finished Creating RTL model: CPU user time: 0 seconds. CPU system time: 0 seconds. Elapsed time: 1.194 seconds; current allocated memory: 250.340 MB.
INFO: [HLS 200-10] ----------------------------------------------------------------
INFO: [HLS 200-10] -- Generating RTL for module 'dfts_fde_Pipeline_equalize' 
INFO: [HLS 200-10] ----------------------------------------------------------------
INFO: [HLS 200-1030] Apply Unified Pipeline Control on module 'dfts_fde_Pipeline_equalize' pipeline 'equalize' pipeline type 'loop pipeline'
INFO: [RTGEN 206-100] Generating core module 'mac_mulsub_16s_12s_28s_28_4_1': 1 instance(s).
INFO: [RTGEN 206-100] Generating core module 'mul_16s_12s_28_1_1': 3 instance(s).
INFO: [RTGEN 206-100] Finished creating RTL model for 'dfts_fde_Pipeline_equalize'.
INFO: [HLS 200-111] Finished Creating RTL model: CPU user time: 0 seconds. CPU system time: 0 seconds. Elapsed time: 0.147 seconds; current allocated memory: 251.066 MB.
INFO: [HLS 200-10] ----------------------------------------------------------------
INFO: [HLS 200-10] -- Generating RTL for module 'dfts_fde_Pipeline_VITIS_LOOP_113_2' 
INFO: [HLS 200-10] ----------------------------------------------------------------
INFO: [HLS 200-1030] Apply Unified Pipeline Control on module 'dfts_fde_Pipeline_VITIS_LOOP_113_2' pipeline 'VITIS_LOOP_113_2' pipeline type 'loop pipeline'
INFO: [RTGEN 206-100] Finished creating RTL model for 'dfts_fde_Pipeline_VITIS_LOOP_113_2'.
INFO: [HLS 200-111] Finished Creating RTL model: CPU user time: 1 seconds. CPU system time: 1 seconds. Elapsed time: 0.374 seconds; current allocated memory: 253.602 MB.
INFO: [HLS 200-10] ----------------------------------------------------------------
INFO: [HLS 200-10] -- Generating RTL for module 'dfts_fde' 
INFO: [HLS 200-10] ----------------------------------------------------------------
INFO: [RTGEN 206-500] Setting interface mode on port 'dfts_fde/r' to 'ap_memory'.
INFO: [RTGEN 206-500] Setting interface mode on port 'dfts_fde/w' to 'ap_memory'.
INFO: [RTGEN 206-500] Setting interface mode on port 'dfts_fde/x' to 'ap_memory'.
INFO: [RTGEN 206-500] Setting interface mode on function 'dfts_fde' to 'ap_ctrl_hs'.
INFO: [RTGEN 206-100] Finished creating RTL model for 'dfts_fde'.
INFO: [RTMG 210-279] Implementing memory 'dfts_fde_TW256_FWD_re_ROM_AUTO_1R' using auto ROMs.
INFO: [RTMG 210-279] Implementing memory 'dfts_fde_TW256_FWD_im_ROM_AUTO_1R' using auto ROMs.
INFO: [RTMG 210-279] Implementing memory 'dfts_fde_TW256_INV_im_ROM_AUTO_1R' using auto ROMs.
INFO: [RTMG 210-278] Implementing memory 'dfts_fde_buf_re_RAM_AUTO_1R1W' using auto RAMs.
INFO: [HLS 200-111] Finished Creating RTL model: CPU user time: 0 seconds. CPU system time: 0 seconds. Elapsed time: 0.17 seconds; current allocated memory: 254.559 MB.
INFO: [HLS 200-111] Finished Generating all RTL models: CPU user time: 0 seconds. CPU system time: 0 seconds. Elapsed time: 1.078 seconds; current allocated memory: 257.930 MB.
INFO: [HLS 200-2225] Wrote inferred directives to file C:/Users/hp/HW-AFDM-OTFS/hls/proj/dfts_fde_W12_R16_LEOKa/sol/syn/inferred_directives.ini
INFO: [HLS 200-111] Finished Updating report files: CPU user time: 1 seconds. CPU system time: 0 seconds. Elapsed time: 1.767 seconds; current allocated memory: 263.367 MB.
INFO: [VHDL 208-304] Generating VHDL RTL for dfts_fde.
INFO: [VLOG 209-307] Generating Verilog RTL for dfts_fde.
INFO: [HLS 200-790] **** Loop Constraint Status: All loop constraints were satisfied.
INFO: [HLS 200-789] **** Estimated Fmax: 141.16 MHz
INFO: [HLS 200-2161] Finished Command csynth_design Elapsed time: 00:00:37; Allocated memory: 123.719 MB.
INFO: [HLS 200-1510] Running: export_design -flow impl -rtl verilog -format ip_catalog 
INFO: [IMPL 213-8] Exporting RTL as a Vivado IP.

****** Vivado v2025.2 (64-bit)
  **** SW Build 6299465 on Fri Nov 14 19:35:11 GMT 2025
  **** IP Build 6300035 on Fri Nov 14 10:48:45 MST 2025
  **** SharedData Build 6298862 on Thu Nov 13 04:50:51 MST 2025
  **** Start of session at: Tue Sep 29 20:55:37 2026
    ** Copyright 1986-2022 Xilinx, Inc. All Rights Reserved.
    ** Copyright 2022-2025 Advanced Micro Devices, Inc. All Rights Reserved.

source run_ippack.tcl -notrace
INFO: calling package_hls_ip ip_types=vitis sysgen json_file=C:/Users/hp/HW-AFDM-OTFS/hls/proj/dfts_fde_W12_R16_LEOKa/sol/sol_data.json outdir=C:/Users/hp/HW-AFDM-OTFS/hls/proj/dfts_fde_W12_R16_LEOKa/sol/impl/ip srcdir=C:/Users/hp/HW-AFDM-OTFS/hls/proj/dfts_fde_W12_R16_LEOKa/sol ippack_options_dict= ippack_options_dict=
INFO: Copied 1 ipmisc file(s) to C:/Users/hp/HW-AFDM-OTFS/hls/proj/dfts_fde_W12_R16_LEOKa/sol/impl/ip/misc
INFO: Copied 21 verilog file(s) to C:/Users/hp/HW-AFDM-OTFS/hls/proj/dfts_fde_W12_R16_LEOKa/sol/impl/ip/hdl/verilog
INFO: Copied 18 vhdl file(s) to C:/Users/hp/HW-AFDM-OTFS/hls/proj/dfts_fde_W12_R16_LEOKa/sol/impl/ip/hdl/vhdl
ipx::create_core: Time (s): cpu = 00:00:15 ; elapsed = 00:00:09 . Memory (MB): peak = 538.777 ; gain = 215.074
INFO: Import ports from HDL: C:/Users/hp/HW-AFDM-OTFS/hls/proj/dfts_fde_W12_R16_LEOKa/sol/impl/ip/hdl/vhdl/dfts_fde.vhd (dfts_fde)
INFO: Add clock interface ap_clk
INFO: Add reset interface ap_rst
INFO: Add ap_ctrl interface ap_ctrl
INFO: Add data interface r_address0
INFO: [IP_Flow 19-234] Refreshing IP repositories
INFO: [IP_Flow 19-1704] No user IP repositories specified
INFO: [IP_Flow 19-2313] Loaded Vivado IP repository 'D:/2025.2/Vivado/data/ip'.
INFO: Add data interface r_q0
INFO: Add data interface w_address0
INFO: Add data interface w_q0
INFO: Add data interface x_address0
INFO: Add data interface x_d0
INFO: Calling post_process_vitis to specialize IP
INFO: Calling post_process_sysgen to specialize IP
Generating sysgen info xml from json file
INFO: Created IP C:/Users/hp/HW-AFDM-OTFS/hls/proj/dfts_fde_W12_R16_LEOKa/sol/impl/ip/component.xml
INFO: Created IP archive C:/Users/hp/HW-AFDM-OTFS/hls/proj/dfts_fde_W12_R16_LEOKa/sol/impl/ip/xilinx_com_hls_dfts_fde_1_0.zip
INFO: [Common 17-206] Exiting Vivado at Tue Sep 29 20:55:51 2026...
INFO: [IMPL 213-8] Starting RTL evaluation using Vivado ...

C:\Users\hp\HW-AFDM-OTFS\hls\proj\dfts_fde_W12_R16_LEOKa\sol\impl\verilog>D:/2025.2/Vivado/bin/vivado  -mode batch -source run_vivado.tcl   || exit $? 

****** Vivado v2025.2 (64-bit)
  **** SW Build 6299465 on Fri Nov 14 19:35:11 GMT 2025
  **** IP Build 6300035 on Fri Nov 14 10:48:45 MST 2025
  **** SharedData Build 6298862 on Thu Nov 13 04:50:51 MST 2025
  **** Start of session at: Tue Sep 29 20:55:53 2026
    ** Copyright 1986-2022 Xilinx, Inc. All Rights Reserved.
    ** Copyright 2022-2025 Advanced Micro Devices, Inc. All Rights Reserved.

source run_vivado.tcl
# source ./settings.tcl
## set top_module dfts_fde
## set language verilog
## set family zynq
## set device xc7z020
## set package -clg484
## set speed -1
## set clock ap_clk
## set fsm_ext "off"
## set add_io_buffers false 
# source -notrace ./extraction.tcl
# set vivado_proj_name project
# set vivado_proj_dir .
# set target_device "${device}${package}${speed}"
# set target_clk_period_ns "10.000"
# set target_clk_freq_hz [expr {floor(1000 / $target_clk_period_ns) * 1000000}]
# set other_clks_freq_hz {}
# set ip_vlnv xilinx.com:hls:dfts_fde:1.0
# set ip_repo_path ../ip
# set bd_design_name bd_0
# set bd_inst_name hls_inst
# set bd_props {}
# set has_synth true
# set synth_design_args {-directive sdx_optimization_effort_high}
# set synth_dcp ""
# set synth_props {}
# set has_impl 1
# set impl_props {}
# set has_subcore 0
# set report_options [dict create]
# dict set report_options report_level 2
# dict set report_options report_max_paths 10
# dict set report_options stdout_hls_reports 1
# dict set report_options stdout_vivado_reports 0
# dict set report_options hls_project dfts_fde_W12_R16_LEOKa
# dict set report_options hls_solution sol
# dict set report_options has_synth $has_synth
# dict set report_options has_impl $has_impl
# dict set report_options vivado_reportbasename $top_module
# dict set report_options vivado_reportdir ./report
# dict set report_options hls_impl_dir ..
# dict set report_options hls_reportdir ../report/$language
# dict set report_options target_clk_period $target_clk_period_ns
# dict set report_options target_device $target_device
# dict set report_options language $language
# dict set report_options clock_name $clock
# dict set report_options error_if_impl_timing_fails false
# dict set report_options topmodule "dfts_fde"
# dict set report_options funcmodules {dfts_fde_dfts_fde_Pipeline_VITIS_LOOP_103_1 dfts_fde_fft_256_8_Pipeline_reorder dfts_fde_fft_256_8_Pipeline_stages_butterflies dfts_fde_fft_256_8_Pipeline_copy_out dfts_fde_fft_256_8_s dfts_fde_dfts_fde_Pipeline_equalize dfts_fde_dfts_fde_Pipeline_VITIS_LOOP_113_2}
# dict set report_options bindmodules {dfts_fde_flow_control_loop_pipe_sequential_init dfts_fde_udiv_9s_9ns_7_13_1 dfts_fde_mul_7s_7s_7_1_1 dfts_fde_mul_16s_12s_28_1_1 dfts_fde_fft_256_8_s_tmp_re_RAM_AUTO_1R1W dfts_fde_mac_mulsub_16s_12s_28s_28_4_1 dfts_fde_TW256_FWD_re_ROM_AUTO_1R dfts_fde_TW256_FWD_im_ROM_AUTO_1R dfts_fde_TW256_INV_im_ROM_AUTO_1R dfts_fde_buf_re_RAM_AUTO_1R1W}
# dict set report_options max_module_depth 7
# create_project $vivado_proj_name $vivado_proj_dir -part $target_device -force
create_project: Time (s): cpu = 00:00:15 ; elapsed = 00:00:09 . Memory (MB): peak = 531.664 ; gain = 220.496
# set_property target_language $language [current_project]
# if { ![file exists $ip_repo_path] } {
#   error "Cannot find packaged HLS IP"
# }
# set_property ip_repo_paths [file normalize $ip_repo_path] [current_project]
# update_ip_catalog
INFO: [IP_Flow 19-234] Refreshing IP repositories
INFO: [IP_Flow 19-1700] Loaded user IP repository 'c:/Users/hp/HW-AFDM-OTFS/hls/proj/dfts_fde_W12_R16_LEOKa/sol/impl/ip'.
INFO: [IP_Flow 19-2313] Loaded Vivado IP repository 'D:/2025.2/Vivado/data/ip'.
# create_bd_design bd_0
Wrote  : <C:\Users\hp\HW-AFDM-OTFS\hls\proj\dfts_fde_W12_R16_LEOKa\sol\impl\verilog\project.srcs\sources_1\bd\bd_0\bd_0.bd> 
# set cell_inst [create_bd_cell -type ip -vlnv $ip_vlnv $bd_inst_name]
# if { [llength $bd_props] } { 
#   set_property -dict $bd_props $cell_inst 
# }
# make_bd_pins_external $cell_inst
# make_bd_intf_pins_external $cell_inst
# set bd_clk_ports [get_bd_ports -filter {TYPE==clk}]
# if { $target_clk_freq_hz ne "" } { 
#   foreach bd_clk_port $bd_clk_ports {
#     # Remove "_0" suffix from BD ports & interfaces so they match IP ports 
#     set clk_name [regsub {_0$} [get_property name $bd_clk_port] {}]
#     set port_freq_hz $target_clk_freq_hz
#     if { [dict exists $other_clks_freq_hz $clk_name] } {
#         set port_freq_hz [dict get $other_clks_freq_hz $clk_name]
#     }
#     set_property CONFIG.FREQ_HZ $port_freq_hz $bd_clk_port
#   }
# }
# foreach bd_port [get_bd_intf_ports] {
#   set_property name [regsub {_0$} [get_property name $bd_port] {}] $bd_port
# }
# foreach bd_port [get_bd_ports -filter {INTF!=TRUE}] {
#   set_property name [regsub {_0$} [get_property name $bd_port] {}] $bd_port
# }
# set s_axi_addr_width_min 32
WARNING: [BD 5-233] No interface ports matched 'get_bd_intf_ports -filter {MODE == "Slave" && VLNV =~ "xilinx.com:interface:aximm_rtl:*"}'
# foreach bd_port [get_bd_intf_ports -filter {MODE == "Slave" && VLNV =~ "xilinx.com:interface:aximm_rtl:*"}] {
#   set bd_port_addr_width [get_property CONFIG.ADDR_WIDTH $bd_port]
#   if { $bd_port_addr_width < $s_axi_addr_width_min } {
#     puts "INFO: Updating $bd_port CONFIG.ADDR_WIDTH to $s_axi_addr_width_min"
#     set_property CONFIG.ADDR_WIDTH $s_axi_addr_width_min $bd_port
#   }
# }
# set_msg_config -id {[BD 41-1265]} -severity {CRITICAL WARNING} -new_severity {INFO}
# assign_bd_address
INFO: [BD 41-3093] Triggering Legacy Auto Assign Algorithm
Wrote  : <C:\Users\hp\HW-AFDM-OTFS\hls\proj\dfts_fde_W12_R16_LEOKa\sol\impl\verilog\project.srcs\sources_1\bd\bd_0\bd_0.bd> 
Verilog Output written to : C:/Users/hp/HW-AFDM-OTFS/hls/proj/dfts_fde_W12_R16_LEOKa/sol/impl/verilog/project.gen/sources_1/bd/bd_0/synth/bd_0.v
Verilog Output written to : C:/Users/hp/HW-AFDM-OTFS/hls/proj/dfts_fde_W12_R16_LEOKa/sol/impl/verilog/project.gen/sources_1/bd/bd_0/sim/bd_0.v
Verilog Output written to : C:/Users/hp/HW-AFDM-OTFS/hls/proj/dfts_fde_W12_R16_LEOKa/sol/impl/verilog/project.gen/sources_1/bd/bd_0/hdl/bd_0_wrapper.v
# set toprtl [make_wrapper -files [get_files ${bd_design_name}.bd] -top]
# add_files -norecurse $toprtl
# set top_inst_name [file root [file tail $toprtl]]
# puts "Using BD top: $top_inst_name"
Using BD top: bd_0_wrapper
# set xdc_files [glob -nocomplain ./*.xdc]
# if { [llength $xdc_files] } {
#     add_files -fileset constrs_1 -norecurse $xdc_files
# }
# launch_runs synth_1 -scripts_only
INFO: [BD 41-1662] The design 'bd_0.bd' is already validated. Therefore parameter propagation will not be re-run.
Verilog Output written to : C:/Users/hp/HW-AFDM-OTFS/hls/proj/dfts_fde_W12_R16_LEOKa/sol/impl/verilog/project.gen/sources_1/bd/bd_0/synth/bd_0.v
Verilog Output written to : C:/Users/hp/HW-AFDM-OTFS/hls/proj/dfts_fde_W12_R16_LEOKa/sol/impl/verilog/project.gen/sources_1/bd/bd_0/sim/bd_0.v
Verilog Output written to : C:/Users/hp/HW-AFDM-OTFS/hls/proj/dfts_fde_W12_R16_LEOKa/sol/impl/verilog/project.gen/sources_1/bd/bd_0/hdl/bd_0_wrapper.v
INFO: [BD 41-1029] Generation completed for the IP Integrator block hls_inst .
Exporting to file C:/Users/hp/HW-AFDM-OTFS/hls/proj/dfts_fde_W12_R16_LEOKa/sol/impl/verilog/project.gen/sources_1/bd/bd_0/hw_handoff/bd_0.hwh
Generated Hardware Definition File C:/Users/hp/HW-AFDM-OTFS/hls/proj/dfts_fde_W12_R16_LEOKa/sol/impl/verilog/project.gen/sources_1/bd/bd_0/synth/bd_0.hwdef
INFO: [BD 41-3262] Generated VHDL Instantiation Template file c:/Users/hp/HW-AFDM-OTFS/hls/proj/dfts_fde_W12_R16_LEOKa/sol/impl/verilog/project.gen/sources_1/bd/bd_0/bd_0.vho
INFO: [BD 41-3262] Generated Verilog Instantiation Template file c:/Users/hp/HW-AFDM-OTFS/hls/proj/dfts_fde_W12_R16_LEOKa/sol/impl/verilog/project.gen/sources_1/bd/bd_0/bd_0.veo
INFO: [BD 41-3262] Generated System Verilog Instantiation Template file c:/Users/hp/HW-AFDM-OTFS/hls/proj/dfts_fde_W12_R16_LEOKa/sol/impl/verilog/project.gen/sources_1/bd/bd_0/bd_0_sv.sveo
WARNING: [Vivado 12-7122] Auto Incremental Compile:: No reference checkpoint was found in run synth_1. Auto-incremental flow will not be run, the standard flow will be run instead.
# foreach run [get_runs -filter {IS_SYNTHESIS == 1}] {
#   reset_run [get_runs $run]
# }
# set_property XPM_LIBRARIES {XPM_MEMORY XPM_FIFO} [current_project]
# hls_vivado_reports_setup $report_options
TIMESTAMP: HLS-REPORT: initialize report directories: 2026-09-29 20:56:13 +0530
# if { $has_subcore } { report_ip_status }
# if { $has_synth || $has_impl } {
#   # synth properties setting
#   set_property -name {STEPS.SYNTH_DESIGN.ARGS.MORE OPTIONS} -value {-mode out_of_context} -objects [get_runs synth_1]
#   set ip_inst [get_ips -quiet ${bd_design_name}*${bd_inst_name}*]
#   if { ![llength $ip_inst] } {
#       error "Cannot find HLS IP instance: ${bd_design_name}*${bd_inst_name}*"
#   }
#   set synth_run [get_runs -filter {IS_SYNTHESIS == 1} ${ip_inst}*]
#   if { ![llength $synth_run] } {
#       error "Cannot find synth run for HLS IP: ${ip_inst}*"
#   }
# 
#   if { [llength $synth_design_args] } {
#       set_property -name {STEPS.SYNTH_DESIGN.ARGS.MORE OPTIONS} -value $synth_design_args -objects $synth_run
#   }
# 
#   if { [llength $synth_props] } {
#     set_property -dict $synth_props $synth_run
#   }
# 
#   # launch run synth
#   launch_runs synth_1
#   wait_on_run synth_1
#   # synth reports
#   hls_vivado_reports_synth synth_1 $report_options
#   if { $synth_dcp ne "" } {
#     file mkdir [file dirname $synth_dcp]
#     set run_dcp [glob -nocomplain [get_property DIRECTORY $synth_run]/*.dcp]
#     if { [llength $run_dcp] != 1 } { error "Cannot find single dcp file for run $synth_run" }
#     file copy -force $run_dcp $synth_dcp
#   }
# }
WARNING: [Vivado 12-7122] Auto Incremental Compile:: No reference checkpoint was found in run synth_1. Auto-incremental flow will not be run, the standard flow will be run instead.
[Tue Sep 29 20:56:13 2026] Launched bd_0_hls_inst_0_synth_1...
Run output will be captured here: C:/Users/hp/HW-AFDM-OTFS/hls/proj/dfts_fde_W12_R16_LEOKa/sol/impl/verilog/project.runs/bd_0_hls_inst_0_synth_1/runme.log
[Tue Sep 29 20:56:13 2026] Launched synth_1...
Run output will be captured here: C:/Users/hp/HW-AFDM-OTFS/hls/proj/dfts_fde_W12_R16_LEOKa/sol/impl/verilog/project.runs/synth_1/runme.log
[Tue Sep 29 20:56:13 2026] Waiting for synth_1 to finish...


*** Running vivado
    with args -log bd_0_wrapper.vds -m64 -product Vivado -mode batch -messageDb vivado.pb -notrace -source bd_0_wrapper.tcl



****** Vivado v2025.2 (64-bit)
  **** SW Build 6299465 on Fri Nov 14 19:35:11 GMT 2025
  **** IP Build 6300035 on Fri Nov 14 10:48:45 MST 2025
  **** SharedData Build 6298862 on Thu Nov 13 04:50:51 MST 2025
  **** Start of session at: Tue Sep 29 20:57:56 2026
    ** Copyright 1986-2022 Xilinx, Inc. All Rights Reserved.
    ** Copyright 2022-2025 Advanced Micro Devices, Inc. All Rights Reserved.

source bd_0_wrapper.tcl -notrace
create_project: Time (s): cpu = 00:00:22 ; elapsed = 00:00:13 . Memory (MB): peak = 533.586 ; gain = 220.844
INFO: [IP_Flow 19-234] Refreshing IP repositories
INFO: [IP_Flow 19-1700] Loaded user IP repository 'c:/Users/hp/HW-AFDM-OTFS/hls/proj/dfts_fde_W12_R16_LEOKa/sol/impl/ip'.
INFO: [IP_Flow 19-2313] Loaded Vivado IP repository 'D:/2025.2/Vivado/data/ip'.
WARNING: [IP_Flow 19-4995] The host OS only allows 260 characters in a normal path. The IP cache path is more than 80 characters. If you experience issues with IP caching, please consider changing the IP cache to a location with a shorter path. Alternately consider using the OS subst command to map part of the path to a drive letter. 
Current IP cache path is c:/Users/hp/HW-AFDM-OTFS/hls/proj/dfts_fde_W12_R16_LEOKa/sol/impl/verilog/project.cache/ip 
Command: synth_design -top bd_0_wrapper -part xc7z020clg484-1 -mode out_of_context
Starting synth_design
Attempting to get a license for feature 'Synthesis' and/or device 'xc7z020'
INFO: [Common 17-349] Got license for feature 'Synthesis' and/or device 'xc7z020'
INFO: [Device 21-403] Loading part xc7z020clg484-1
INFO: [Synth 8-7079] Multithreading enabled for synth_design using a maximum of 2 processes.
INFO: [Synth 8-7078] Launching helper process for spawning children vivado processes
INFO: [Synth 8-7075] Helper process launched with PID 30376
---------------------------------------------------------------------------------
Starting RTL Elaboration : Time (s): cpu = 00:00:10 ; elapsed = 00:00:11 . Memory (MB): peak = 1314.285 ; gain = 538.324
---------------------------------------------------------------------------------
INFO: [Synth 8-6157] synthesizing module 'bd_0_wrapper' [c:/Users/hp/HW-AFDM-OTFS/hls/proj/dfts_fde_W12_R16_LEOKa/sol/impl/verilog/project.gen/sources_1/bd/bd_0/hdl/bd_0_wrapper.v:13]
INFO: [Synth 8-6157] synthesizing module 'bd_0' [c:/Users/hp/HW-AFDM-OTFS/hls/proj/dfts_fde_W12_R16_LEOKa/sol/impl/verilog/project.gen/sources_1/bd/bd_0/synth/bd_0.v:13]
INFO: [Synth 8-6157] synthesizing module 'bd_0_hls_inst_0' [C:/Users/hp/HW-AFDM-OTFS/hls/proj/dfts_fde_W12_R16_LEOKa/sol/impl/verilog/project.runs/synth_1/.Xil/Vivado-14828-SaY-PC/realtime/bd_0_hls_inst_0_stub.v:6]
INFO: [Synth 8-6155] done synthesizing module 'bd_0_hls_inst_0' (0#1) [C:/Users/hp/HW-AFDM-OTFS/hls/proj/dfts_fde_W12_R16_LEOKa/sol/impl/verilog/project.runs/synth_1/.Xil/Vivado-14828-SaY-PC/realtime/bd_0_hls_inst_0_stub.v:6]
INFO: [Synth 8-6155] done synthesizing module 'bd_0' (0#1) [c:/Users/hp/HW-AFDM-OTFS/hls/proj/dfts_fde_W12_R16_LEOKa/sol/impl/verilog/project.gen/sources_1/bd/bd_0/synth/bd_0.v:13]
INFO: [Synth 8-6155] done synthesizing module 'bd_0_wrapper' (0#1) [c:/Users/hp/HW-AFDM-OTFS/hls/proj/dfts_fde_W12_R16_LEOKa/sol/impl/verilog/project.gen/sources_1/bd/bd_0/hdl/bd_0_wrapper.v:13]
---------------------------------------------------------------------------------
Finished RTL Elaboration : Time (s): cpu = 00:00:13 ; elapsed = 00:00:15 . Memory (MB): peak = 1438.074 ; gain = 662.113
---------------------------------------------------------------------------------
---------------------------------------------------------------------------------
Start Handling Custom Attributes
---------------------------------------------------------------------------------
---------------------------------------------------------------------------------
Finished Handling Custom Attributes : Time (s): cpu = 00:00:14 ; elapsed = 00:00:15 . Memory (MB): peak = 1438.074 ; gain = 662.113
---------------------------------------------------------------------------------
---------------------------------------------------------------------------------
Finished RTL Optimization Phase 1 : Time (s): cpu = 00:00:14 ; elapsed = 00:00:15 . Memory (MB): peak = 1438.074 ; gain = 662.113
---------------------------------------------------------------------------------
Netlist sorting complete. Time (s): cpu = 00:00:00 ; elapsed = 00:00:00.003 . Memory (MB): peak = 1438.074 ; gain = 0.000
INFO: [Project 1-570] Preparing netlist for logic optimization

Processing XDC Constraints
Initializing timing engine
Parsing XDC File [c:/Users/hp/HW-AFDM-OTFS/hls/proj/dfts_fde_W12_R16_LEOKa/sol/impl/verilog/project.gen/sources_1/bd/bd_0/ip/bd_0_hls_inst_0/bd_0_hls_inst_0/bd_0_hls_inst_0_in_context.xdc] for cell 'bd_0_i/hls_inst'
Finished Parsing XDC File [c:/Users/hp/HW-AFDM-OTFS/hls/proj/dfts_fde_W12_R16_LEOKa/sol/impl/verilog/project.gen/sources_1/bd/bd_0/ip/bd_0_hls_inst_0/bd_0_hls_inst_0/bd_0_hls_inst_0_in_context.xdc] for cell 'bd_0_i/hls_inst'
Parsing XDC File [C:/Users/hp/HW-AFDM-OTFS/hls/proj/dfts_fde_W12_R16_LEOKa/sol/impl/verilog/dfts_fde.xdc]
Finished Parsing XDC File [C:/Users/hp/HW-AFDM-OTFS/hls/proj/dfts_fde_W12_R16_LEOKa/sol/impl/verilog/dfts_fde.xdc]
Parsing XDC File [C:/Users/hp/HW-AFDM-OTFS/hls/proj/dfts_fde_W12_R16_LEOKa/sol/impl/verilog/project.runs/synth_1/dont_touch.xdc]
Finished Parsing XDC File [C:/Users/hp/HW-AFDM-OTFS/hls/proj/dfts_fde_W12_R16_LEOKa/sol/impl/verilog/project.runs/synth_1/dont_touch.xdc]
Completed Processing XDC Constraints

Netlist sorting complete. Time (s): cpu = 00:00:00 ; elapsed = 00:00:00.001 . Memory (MB): peak = 1438.074 ; gain = 0.000
INFO: [Project 1-111] Unisim Transformation Summary:
No Unisim elements were transformed.

Constraint Validation Runtime : Time (s): cpu = 00:00:00 ; elapsed = 00:00:00.040 . Memory (MB): peak = 1438.074 ; gain = 0.000
---------------------------------------------------------------------------------
Finished Constraint Validation : Time (s): cpu = 00:00:30 ; elapsed = 00:00:32 . Memory (MB): peak = 1438.074 ; gain = 662.113
---------------------------------------------------------------------------------
---------------------------------------------------------------------------------
Start Loading Part and Timing Information
---------------------------------------------------------------------------------
Loading part: xc7z020clg484-1
---------------------------------------------------------------------------------
Finished Loading Part and Timing Information : Time (s): cpu = 00:00:30 ; elapsed = 00:00:32 . Memory (MB): peak = 1438.074 ; gain = 662.113
---------------------------------------------------------------------------------
---------------------------------------------------------------------------------
Start Applying 'set_property' XDC Constraints
---------------------------------------------------------------------------------
---------------------------------------------------------------------------------
Finished applying 'set_property' XDC Constraints : Time (s): cpu = 00:00:30 ; elapsed = 00:00:32 . Memory (MB): peak = 1438.074 ; gain = 662.113
---------------------------------------------------------------------------------
---------------------------------------------------------------------------------
Finished RTL Optimization Phase 2 : Time (s): cpu = 00:00:30 ; elapsed = 00:00:32 . Memory (MB): peak = 1438.074 ; gain = 662.113
---------------------------------------------------------------------------------
---------------------------------------------------------------------------------
Start RTL Component Statistics 
---------------------------------------------------------------------------------
Detailed RTL Component Info : 
---------------------------------------------------------------------------------
Finished RTL Component Statistics 
---------------------------------------------------------------------------------
---------------------------------------------------------------------------------
Start Part Resource Summary
---------------------------------------------------------------------------------
Part Resources:
DSPs: 220 (col length:60)
BRAMs: 280 (col length: RAMB18 60 RAMB36 30)
---------------------------------------------------------------------------------
Finished Part Resource Summary
---------------------------------------------------------------------------------
---------------------------------------------------------------------------------
Start Cross Boundary and Area Optimization
---------------------------------------------------------------------------------
---------------------------------------------------------------------------------
Finished Cross Boundary and Area Optimization : Time (s): cpu = 00:00:33 ; elapsed = 00:00:35 . Memory (MB): peak = 1438.074 ; gain = 662.113
---------------------------------------------------------------------------------
---------------------------------------------------------------------------------
Start Applying XDC Timing Constraints
---------------------------------------------------------------------------------
---------------------------------------------------------------------------------
Finished Applying XDC Timing Constraints : Time (s): cpu = 00:00:45 ; elapsed = 00:00:48 . Memory (MB): peak = 1612.922 ; gain = 836.961
---------------------------------------------------------------------------------
---------------------------------------------------------------------------------
Start Timing Optimization
---------------------------------------------------------------------------------
---------------------------------------------------------------------------------
Finished Timing Optimization : Time (s): cpu = 00:00:45 ; elapsed = 00:00:48 . Memory (MB): peak = 1612.922 ; gain = 836.961
---------------------------------------------------------------------------------
---------------------------------------------------------------------------------
Start Technology Mapping
---------------------------------------------------------------------------------
---------------------------------------------------------------------------------
Finished Technology Mapping : Time (s): cpu = 00:00:45 ; elapsed = 00:00:48 . Memory (MB): peak = 1622.512 ; gain = 846.551
---------------------------------------------------------------------------------
---------------------------------------------------------------------------------
Start IO Insertion
---------------------------------------------------------------------------------
---------------------------------------------------------------------------------
Start Flattening Before IO Insertion
---------------------------------------------------------------------------------
---------------------------------------------------------------------------------
Finished Flattening Before IO Insertion
---------------------------------------------------------------------------------
---------------------------------------------------------------------------------
Start Final Netlist Cleanup
---------------------------------------------------------------------------------
---------------------------------------------------------------------------------
Finished Final Netlist Cleanup
---------------------------------------------------------------------------------
---------------------------------------------------------------------------------
Finished IO Insertion : Time (s): cpu = 00:00:55 ; elapsed = 00:00:58 . Memory (MB): peak = 1872.316 ; gain = 1096.355
---------------------------------------------------------------------------------
---------------------------------------------------------------------------------
Start Renaming Generated Instances
---------------------------------------------------------------------------------
---------------------------------------------------------------------------------
Finished Renaming Generated Instances : Time (s): cpu = 00:00:55 ; elapsed = 00:00:58 . Memory (MB): peak = 1872.316 ; gain = 1096.355
---------------------------------------------------------------------------------
---------------------------------------------------------------------------------
Start Rebuilding User Hierarchy
---------------------------------------------------------------------------------
---------------------------------------------------------------------------------
Finished Rebuilding User Hierarchy : Time (s): cpu = 00:00:55 ; elapsed = 00:00:58 . Memory (MB): peak = 1872.316 ; gain = 1096.355
---------------------------------------------------------------------------------
---------------------------------------------------------------------------------
Start Renaming Generated Ports
---------------------------------------------------------------------------------
---------------------------------------------------------------------------------
Finished Renaming Generated Ports : Time (s): cpu = 00:00:55 ; elapsed = 00:00:58 . Memory (MB): peak = 1872.316 ; gain = 1096.355
---------------------------------------------------------------------------------
---------------------------------------------------------------------------------
Start Handling Custom Attributes
---------------------------------------------------------------------------------
---------------------------------------------------------------------------------
Finished Handling Custom Attributes : Time (s): cpu = 00:00:55 ; elapsed = 00:00:58 . Memory (MB): peak = 1872.316 ; gain = 1096.355
---------------------------------------------------------------------------------
---------------------------------------------------------------------------------
Start Renaming Generated Nets
---------------------------------------------------------------------------------
---------------------------------------------------------------------------------
Finished Renaming Generated Nets : Time (s): cpu = 00:00:55 ; elapsed = 00:00:58 . Memory (MB): peak = 1872.316 ; gain = 1096.355
---------------------------------------------------------------------------------
---------------------------------------------------------------------------------
Start Writing Synthesis Report
---------------------------------------------------------------------------------

Report BlackBoxes: 
+------+----------------+----------+
|      |BlackBox name   |Instances |
+------+----------------+----------+
|1     |bd_0_hls_inst_0 |         1|
+------+----------------+----------+

Report Cell Usage: 
+------+--------------+------+
|      |Cell          |Count |
+------+--------------+------+
|1     |bd_0_hls_inst |     1|
+------+--------------+------+
---------------------------------------------------------------------------------
Finished Writing Synthesis Report : Time (s): cpu = 00:00:55 ; elapsed = 00:00:58 . Memory (MB): peak = 1872.316 ; gain = 1096.355
---------------------------------------------------------------------------------
Synthesis finished with 0 errors, 0 critical warnings and 0 warnings.
Synthesis Optimization Runtime : Time (s): cpu = 00:00:37 ; elapsed = 00:00:54 . Memory (MB): peak = 1872.316 ; gain = 1096.355
Synthesis Optimization Complete : Time (s): cpu = 00:00:55 ; elapsed = 00:00:58 . Memory (MB): peak = 1872.316 ; gain = 1096.355
INFO: [Project 1-571] Translating synthesized netlist
Netlist sorting complete. Time (s): cpu = 00:00:00 ; elapsed = 00:00:00.003 . Memory (MB): peak = 1872.316 ; gain = 0.000
INFO: [Project 1-570] Preparing netlist for logic optimization
INFO: [Opt 31-138] Pushed 0 inverter(s) to 0 load pin(s).
Netlist sorting complete. Time (s): cpu = 00:00:00 ; elapsed = 00:00:00 . Memory (MB): peak = 1872.316 ; gain = 0.000
INFO: [Project 1-111] Unisim Transformation Summary:
No Unisim elements were transformed.

Synth Design complete | Checksum: 5d5911c5
INFO: [Common 17-83] Releasing license: Synthesis
21 Infos, 1 Warnings, 0 Critical Warnings and 0 Errors encountered.
synth_design completed successfully
synth_design: Time (s): cpu = 00:01:04 ; elapsed = 00:01:10 . Memory (MB): peak = 1872.316 ; gain = 1331.777
INFO: [Common 17-1381] The checkpoint 'C:/Users/hp/HW-AFDM-OTFS/hls/proj/dfts_fde_W12_R16_LEOKa/sol/impl/verilog/project.runs/synth_1/bd_0_wrapper.dcp' has been generated.
INFO: [Vivado 12-24828] Executing command : report_utilization -file bd_0_wrapper_utilization_synth.rpt -pb bd_0_wrapper_utilization_synth.pb
INFO: [Common 17-206] Exiting Vivado at Tue Sep 29 20:59:23 2026...
[Tue Sep 29 20:59:25 2026] synth_1 finished
wait_on_runs: Time (s): cpu = 00:00:00 ; elapsed = 00:03:11 . Memory (MB): peak = 588.207 ; gain = 0.000
TIMESTAMP: HLS-REPORT: synthesis open_run: 2026-09-29 20:59:25 +0530
INFO: HLS-REPORT: Opening synthesis design database: open_run synth_1
Design is defaulting to impl run constrset: constrs_1
Design is defaulting to synth run part: xc7z020clg484-1
INFO: [Device 21-403] Loading part xc7z020clg484-1
INFO: [Project 1-5699] Read binary netlist with skipMacroContent - 1
INFO: [Project 1-454] Reading design checkpoint 'c:/Users/hp/HW-AFDM-OTFS/hls/proj/dfts_fde_W12_R16_LEOKa/sol/impl/verilog/project.gen/sources_1/bd/bd_0/ip/bd_0_hls_inst_0/bd_0_hls_inst_0.dcp' for cell 'bd_0_i/hls_inst'
Netlist sorting complete. Time (s): cpu = 00:00:00 ; elapsed = 00:00:00.029 . Memory (MB): peak = 842.504 ; gain = 0.000
INFO: [Netlist 29-17] Analyzing 95 Unisim elements for replacement
INFO: [Netlist 29-28] Unisim Transformation completed in 0 CPU seconds
INFO: [Project 1-479] Netlist was created with Vivado 2025.2
INFO: [Project 1-570] Preparing netlist for logic optimization
Parsing XDC File [C:/Users/hp/HW-AFDM-OTFS/hls/proj/dfts_fde_W12_R16_LEOKa/sol/impl/verilog/dfts_fde.xdc]
Finished Parsing XDC File [C:/Users/hp/HW-AFDM-OTFS/hls/proj/dfts_fde_W12_R16_LEOKa/sol/impl/verilog/dfts_fde.xdc]
INFO: [Opt 31-138] Pushed 0 inverter(s) to 0 load pin(s).
Netlist sorting complete. Time (s): cpu = 00:00:00 ; elapsed = 00:00:00.001 . Memory (MB): peak = 988.344 ; gain = 0.000
INFO: [Project 1-111] Unisim Transformation Summary:
No Unisim elements were transformed.

open_run: Time (s): cpu = 00:00:07 ; elapsed = 00:00:07 . Memory (MB): peak = 988.344 ; gain = 400.137
TIMESTAMP: HLS-REPORT: synthesis generate_reports_vivado: 2026-09-29 20:59:32 +0530
INFO: HLS-REPORT: Running report: report_utilization -file ./report/dfts_fde_utilization_synth.rpt
INFO: HLS-REPORT: Running report: report_utilization -hierarchical -hierarchical_depth 7 -file ./report/dfts_fde_utilization_hierarchical_synth.rpt
INFO: HLS-REPORT: Running report: report_timing_summary -file ./report/dfts_fde_timing_synth.rpt
INFO: [Timing 38-35] Done setting XDC timing constraints.
INFO: [Timing 38-91] UpdateTimingParams: Speed grade: -1, Delay Type: min_max.
INFO: [Timing 38-191] Multithreading enabled for timing update using a maximum of 2 CPUs
WARNING: [Timing 38-242] The property HD.CLK_SRC of clock port "ap_clk" is not set. In out-of-context mode, this prevents timing estimation for clock delay/skew
Resolution: Set the HD.CLK_SRC property of the out-of-context port to the location of the clock buffer instance in the top-level design
report_timing_summary: Time (s): cpu = 00:00:14 ; elapsed = 00:00:14 . Memory (MB): peak = 1530.730 ; gain = 542.387
INFO: HLS-REPORT: Running report: report_power -file ./report/dfts_fde_power_synth.rpt -xpe ./dfts_fde_power.xpe
Command: report_power -file ./report/dfts_fde_power_synth.rpt -xpe ./dfts_fde_power.xpe
Running Vector-less Activity Propagation...

Finished Running Vector-less Activity Propagation
12 Infos, 2 Warnings, 0 Critical Warnings and 0 Errors encountered.
report_power completed successfully
INFO: HLS-REPORT: Running report: report_timing -max_paths 10 -file ./report/dfts_fde_timing_paths_synth.rpt
INFO: [Timing 38-91] UpdateTimingParams: Speed grade: -1, Delay Type: max.
INFO: [Timing 38-191] Multithreading enabled for timing update using a maximum of 2 CPUs
INFO: [Timing 38-78] ReportTimingParams: -max_paths 10 -nworst 1 -delay_type max -sort_by slack.
INFO: HLS-REPORT: Running report: report_design_analysis -file ./report/dfts_fde_design_analysis_synth.rpt
INFO: [Implflow 30-839]  
INFO: HLS-REPORT: Running report: ::tclapp::xilinx::designutils::report_failfast -detailed_report synth -file ./report/dfts_fde_failfast_synth.rpt
 -I- design metrics completed in 0 seconds
 -I- DONT_TOUCH metric completed in 0 seconds
 -I- MARK_DEBUG metric completed in 0 seconds
 -I- utilization metrics completed in 1 seconds
 -I- control set metrics completed in 0 seconds
 -I- methodology check metrics completed in 0 seconds
 -I- average fanout metrics completed in 1 seconds (0 modules)
 -I- non-FD high fanout nets completed in 0 seconds
 -I- path budgeting metrics completed in 1 seconds
#  +-----------------------------------------------------------------------------------------+
#  | Design Summary                                                                          |
#  | design_1                                                                                |
#  | xc7z020clg484-1                                                                         |
#  +-----------------------------------------------------------+-----------+--------+--------+
#  | Criteria                                                  | Guideline | Actual | Status |
#  +-----------------------------------------------------------+-----------+--------+--------+
#  | LUT                                                       | 70%       | 1.66%  | OK     |
#  | FD                                                        | 50%       | 0.66%  | OK     |
#  | LUTRAM+SRL                                                | 25%       | 0.28%  | OK     |
#  | MUXF7                                                     | 15%       | 0.00%  | OK     |
#  | DSP                                                       | 80%       | 4.55%  | OK     |
#  | RAMB/FIFO                                                 | 80%       | 1.43%  | OK     |
#  | DSP+RAMB+URAM (Avg)                                       | 70%       | 2.99%  | OK     |
#  | BUFGCE* + BUFGCTRL                                        | 24        | 0      | OK     |
#  | DONT_TOUCH (cells/nets)                                   | 0         | 0      | OK     |
#  | MARK_DEBUG (nets)                                         | 0         | 0      | OK     |
#  | Control Sets                                              | 998       | 28     | OK     |
#  | Average Fanout for modules > 100k cells                   | 4         | 2.51   | OK     |
#  | Max Average Fanout for modules > 100k cells               | 4         | 0      | OK     |
#  | Non-FD high fanout nets > 10k loads                       | 0         | 0      | OK     |
#  +-----------------------------------------------------------+-----------+--------+--------+
#  | TIMING-6 (No common primary clock between related clocks) | 0         | 0      | OK     |
#  | TIMING-7 (No common node between related clocks)          | 0         | 0      | OK     |
#  | TIMING-8 (No common period between related clocks)        | 0         | 0      | OK     |
#  | TIMING-14 (LUT on the clock tree)                         | 0         | 0      | OK     |
#  | TIMING-35 (No common node in paths with the same clock)   | 0         | 0      | OK     |
#  +-----------------------------------------------------------+-----------+--------+--------+
#  | Number of paths above max LUT budgeting (0.575ns)         | 0         | 0      | OK     |
#  | Number of paths above max Net budgeting (0.403ns)         | 0         | 0      | OK     |
#  +-----------------------------------------------------------+-----------+--------+--------+
 -I- Generated file C:/Users/hp/HW-AFDM-OTFS/hls/proj/dfts_fde_W12_R16_LEOKa/sol/impl/verilog/report/dfts_fde_failfast_synth.rpt
 -I- Number of criteria to review: 0
 -I- This report should be run before placing the design and uses conservative guidelines beyond which runtime and timing closure will likely be more challenging
 -I- report_failfast completed in 4 seconds
TIMESTAMP: HLS-REPORT: synthesis gen_data_dict_vivado: 2026-09-29 20:59:52 +0530
TIMESTAMP: HLS-REPORT: synth extract_util_hier: 2026-09-29 20:59:52 +0530
TIMESTAMP: HLS-REPORT: synth get_cell_hier_data: 2026-09-29 20:59:52 +0530
TIMESTAMP: HLS-REPORT: synth get_timing_paths: 2026-09-29 20:59:52 +0530
TIMESTAMP: HLS-REPORT: synth process timing paths: 2026-09-29 20:59:52 +0530
TIMESTAMP: HLS-REPORT: synth get_all_vv_rpt_files: 2026-09-29 20:59:52 +0530
TIMESTAMP: HLS-REPORT: synthesis write_reports_vivado: 2026-09-29 20:59:52 +0530
HLS EXTRACTION: synth area_totals:  0 53200 106400 220 280 0 0
HLS EXTRACTION: synth area_current: 0 885 702 10 4 0 48 0 0 0
HLS EXTRACTION: synth resources_dict: AVAIL_LUT 53200 LUT 885 AVAIL_FF 106400 FF 702 AVAIL_DSP 220 DSP 10 AVAIL_BRAM 280 BRAM 4 AVAIL_URAM 0 URAM 0 LATCH 0 SRL 48 AVAIL_CLB 0 CLB 0
INFO: HLS-REPORT: generated C:/Users/hp/HW-AFDM-OTFS/hls/proj/dfts_fde_W12_R16_LEOKa/sol/impl/verilog/report/vivado_syn.xml
INFO: HLS-REPORT: generated C:/Users/hp/HW-AFDM-OTFS/hls/proj/dfts_fde_W12_R16_LEOKa/sol/impl/report/verilog/dfts_fde_export.rpt


Implementation tool: Xilinx Vivado v.2025.2
Project:             dfts_fde_W12_R16_LEOKa
Solution:            sol
Device target:       xc7z020-clg484-1
Report date:         Tue Sep 29 20:59:52 +0530 2026

#=== Post-Synthesis Resource usage ===
SLICE:            0
LUT:            885
FF:             702
DSP:             10
BRAM:             4
URAM:             0
LATCH:            0
SRL:             48
CLB:              0

#=== Final timing ===
CP required:                     10.000
CP achieved post-synthesis:      6.594
Timing met

TIMESTAMP: HLS-REPORT: synthesis end: 2026-09-29 20:59:52 +0530
# if { $has_impl } {
#   # launch run impl
#   if { [llength $impl_props] } {
#     set_property -dict $impl_props [get_runs impl_1]
#   }
#   launch_runs impl_1
#   wait_on_run impl_1
#   # impl reports
#   hls_vivado_reports_impl impl_1 $report_options
# }
INFO: [Timing 38-480] Writing timing data to binary archive.
Write ShapeDB Complete: Time (s): cpu = 00:00:00 ; elapsed = 00:00:00.011 . Memory (MB): peak = 1559.762 ; gain = 0.152
WARNING: [Common 17-210] 'write_hwdef' is deprecated.
[Tue Sep 29 20:59:53 2026] Launched impl_1...
Run output will be captured here: C:/Users/hp/HW-AFDM-OTFS/hls/proj/dfts_fde_W12_R16_LEOKa/sol/impl/verilog/project.runs/impl_1/runme.log
[Tue Sep 29 20:59:53 2026] Waiting for impl_1 to finish...


*** Running vivado
    with args -log bd_0_wrapper.vdi -applog -m64 -product Vivado -messageDb vivado.pb -mode batch -source bd_0_wrapper.tcl -notrace



****** Vivado v2025.2 (64-bit)
  **** SW Build 6299465 on Fri Nov 14 19:35:11 GMT 2025
  **** IP Build 6300035 on Fri Nov 14 10:48:45 MST 2025
  **** SharedData Build 6298862 on Thu Nov 13 04:50:51 MST 2025
  **** Start of session at: Tue Sep 29 21:00:02 2026
    ** Copyright 1986-2022 Xilinx, Inc. All Rights Reserved.
    ** Copyright 2022-2025 Advanced Micro Devices, Inc. All Rights Reserved.

source bd_0_wrapper.tcl -notrace
Command: open_checkpoint C:/Users/hp/HW-AFDM-OTFS/hls/proj/dfts_fde_W12_R16_LEOKa/sol/impl/verilog/project.runs/impl_1/bd_0_wrapper.dcp
INFO: [Device 21-403] Loading part xc7z020clg484-1
Netlist sorting complete. Time (s): cpu = 00:00:00 ; elapsed = 00:00:00.049 . Memory (MB): peak = 789.914 ; gain = 0.000
INFO: [Netlist 29-17] Analyzing 95 Unisim elements for replacement
INFO: [Netlist 29-28] Unisim Transformation completed in 0 CPU seconds
INFO: [Project 1-479] Netlist was created with Vivado 2025.2
INFO: [Project 1-570] Preparing netlist for logic optimization
Read ShapeDB Complete: Time (s): cpu = 00:00:00 ; elapsed = 00:00:00.010 . Memory (MB): peak = 887.387 ; gain = 0.418
INFO: [Timing 38-478] Restoring timing data from binary archive.
INFO: [Timing 38-479] Binary timing data restore complete.
INFO: [Project 1-856] Restoring constraints from binary archive.
INFO: [Project 1-853] Binary constraint restore complete.
Netlist sorting complete. Time (s): cpu = 00:00:00 ; elapsed = 00:00:00.002 . Memory (MB): peak = 1468.246 ; gain = 0.000
INFO: [Project 1-111] Unisim Transformation Summary:
No Unisim elements were transformed.

INFO: [Project 1-604] Checkpoint was created with Vivado v2025.2 (64-bit) build 6299465
open_checkpoint: Time (s): cpu = 00:00:40 ; elapsed = 00:00:34 . Memory (MB): peak = 1468.246 ; gain = 1157.258
INFO: [IP_Flow 19-234] Refreshing IP repositories
INFO: [IP_Flow 19-1700] Loaded user IP repository 'c:/Users/hp/HW-AFDM-OTFS/hls/proj/dfts_fde_W12_R16_LEOKa/sol/impl/ip'.
INFO: [IP_Flow 19-2313] Loaded Vivado IP repository 'D:/2025.2/Vivado/data/ip'.
WARNING: [IP_Flow 19-4995] The host OS only allows 260 characters in a normal path. The IP cache path is more than 80 characters. If you experience issues with IP caching, please consider changing the IP cache to a location with a shorter path. Alternately consider using the OS subst command to map part of the path to a drive letter. 
Current IP cache path is C:/Users/hp/HW-AFDM-OTFS/hls/proj/dfts_fde_W12_R16_LEOKa/sol/impl/verilog/project.cache/ip 
Command: opt_design
Attempting to get a license for feature 'Implementation' and/or device 'xc7z020'
INFO: [Common 17-349] Got license for feature 'Implementation' and/or device 'xc7z020'
Running DRC as a precondition to command opt_design

Starting DRC Task
INFO: [DRC 23-27] Running DRC with 2 threads
WARNING: [DRC 23-814] Not all possible (connectivity based) DRCs may have been run because this design is seen as Out of Context.
INFO: [Project 1-461] DRC finished with 0 Errors
INFO: [Project 1-462] Please refer to the DRC report (report_drc) for more information.

Time (s): cpu = 00:00:01 ; elapsed = 00:00:00.926 . Memory (MB): peak = 1505.938 ; gain = 29.309

Starting Cache Timing Information Task
Ending Cache Timing Information Task | Checksum: 170b18395

Time (s): cpu = 00:00:00 ; elapsed = 00:00:00.024 . Memory (MB): peak = 1505.938 ; gain = 0.000

Starting Logic Optimization Task

Phase 1 Initialization

Phase 1.1 Core Generation And Design Setup
Phase 1.1 Core Generation And Design Setup | Checksum: 170b18395

Time (s): cpu = 00:00:00 ; elapsed = 00:00:00.006 . Memory (MB): peak = 1947.051 ; gain = 0.000

Phase 1.2 Setup Constraints And Sort Netlist
Phase 1.2 Setup Constraints And Sort Netlist | Checksum: 170b18395

Time (s): cpu = 00:00:00 ; elapsed = 00:00:00.011 . Memory (MB): peak = 1947.051 ; gain = 0.000
Phase 1 Initialization | Checksum: 170b18395

Time (s): cpu = 00:00:00 ; elapsed = 00:00:00.012 . Memory (MB): peak = 1947.051 ; gain = 0.000

Phase 2 Timer Update And Timing Data Collection

Phase 2.1 Detect if minReqCache needed
Phase 2.1 Detect if minReqCache needed | Checksum: 170b18395

Time (s): cpu = 00:00:00 ; elapsed = 00:00:00.030 . Memory (MB): peak = 1947.051 ; gain = 0.000

Phase 2.2 Timer Update
Phase 2.2 Timer Update | Checksum: 170b18395

Time (s): cpu = 00:00:00 ; elapsed = 00:00:00.046 . Memory (MB): peak = 1947.051 ; gain = 0.000
Phase 2 Timer Update And Timing Data Collection | Checksum: 170b18395

Time (s): cpu = 00:00:00 ; elapsed = 00:00:00.048 . Memory (MB): peak = 1947.051 ; gain = 0.000

Phase 3 Retarget
INFO: [Opt 31-1851] Number of loadless carry chains removed were: 0
INFO: [Opt 31-1834] Total Chains To Be Transformed Were: 0 AND Number of Transformed insts Created are: 0
INFO: [Opt 31-138] Pushed 0 inverter(s) to 0 load pin(s).
INFO: [Opt 31-49] Retargeted 0 cell(s).
Phase 3 Retarget | Checksum: 170b18395

Time (s): cpu = 00:00:00 ; elapsed = 00:00:00.164 . Memory (MB): peak = 1947.051 ; gain = 0.000
Retarget | Checksum: 170b18395
INFO: [Opt 31-389] Phase Retarget created 0 cells and removed 0 cells

Phase 4 Constant propagation
INFO: [Opt 31-138] Pushed 0 inverter(s) to 0 load pin(s).
Phase 4 Constant propagation | Checksum: 1e1dae6fb

Time (s): cpu = 00:00:00 ; elapsed = 00:00:00.220 . Memory (MB): peak = 1947.051 ; gain = 0.000
Constant propagation | Checksum: 1e1dae6fb
INFO: [Opt 31-389] Phase Constant propagation created 0 cells and removed 0 cells

Phase 5 Sweep
INFO: [Constraints 18-11670] Building netlist checker database with flags, 0x8
Done building netlist checker database: Time (s): cpu = 00:00:00 ; elapsed = 00:00:00.001 . Memory (MB): peak = 1947.051 ; gain = 0.000
Phase 5 Sweep | Checksum: 13e9fc949

Time (s): cpu = 00:00:00 ; elapsed = 00:00:00.278 . Memory (MB): peak = 1947.051 ; gain = 0.000
Sweep | Checksum: 13e9fc949
INFO: [Opt 31-389] Phase Sweep created 0 cells and removed 0 cells

Phase 6 BUFG optimization
Phase 6 BUFG optimization | Checksum: 13e9fc949

Time (s): cpu = 00:00:00 ; elapsed = 00:00:00.319 . Memory (MB): peak = 1947.051 ; gain = 0.000
BUFG optimization | Checksum: 13e9fc949
INFO: [Opt 31-662] Phase BUFG optimization created 0 cells of which 0 are BUFGs and removed 0 cells.

Phase 7 Shift Register Optimization
INFO: [Opt 31-1064] SRL Remap converted 0 SRLs to 0 registers and converted 0 registers of register chains to 0 SRLs
Phase 7 Shift Register Optimization | Checksum: 13e9fc949

Time (s): cpu = 00:00:00 ; elapsed = 00:00:00.337 . Memory (MB): peak = 1947.051 ; gain = 0.000
Shift Register Optimization | Checksum: 13e9fc949
INFO: [Opt 31-389] Phase Shift Register Optimization created 0 cells and removed 0 cells

Phase 8 Post Processing Netlist
Phase 8 Post Processing Netlist | Checksum: 13e9fc949

Time (s): cpu = 00:00:00 ; elapsed = 00:00:00.347 . Memory (MB): peak = 1947.051 ; gain = 0.000
Post Processing Netlist | Checksum: 13e9fc949
INFO: [Opt 31-389] Phase Post Processing Netlist created 0 cells and removed 0 cells

Phase 9 Finalization

Phase 9.1 Finalizing Design Cores and Updating Shapes
Phase 9.1 Finalizing Design Cores and Updating Shapes | Checksum: e3c16be2

Time (s): cpu = 00:00:00 ; elapsed = 00:00:00.448 . Memory (MB): peak = 1947.051 ; gain = 0.000

Phase 9.2 Verifying Netlist Connectivity

Starting Connectivity Check Task

Time (s): cpu = 00:00:00 ; elapsed = 00:00:00.014 . Memory (MB): peak = 1947.051 ; gain = 0.000
Phase 9.2 Verifying Netlist Connectivity | Checksum: e3c16be2

Time (s): cpu = 00:00:00 ; elapsed = 00:00:00.465 . Memory (MB): peak = 1947.051 ; gain = 0.000
Phase 9 Finalization | Checksum: e3c16be2

Time (s): cpu = 00:00:00 ; elapsed = 00:00:00.466 . Memory (MB): peak = 1947.051 ; gain = 0.000
Opt_design Change Summary
=========================


-------------------------------------------------------------------------------------------------------------------------
|  Phase                        |  #Cells created  |  #Cells Removed  |  #Constrained objects preventing optimizations  |
-------------------------------------------------------------------------------------------------------------------------
|  Retarget                     |               0  |               0  |                                              0  |
|  Constant propagation         |               0  |               0  |                                              0  |
|  Sweep                        |               0  |               0  |                                              0  |
|  BUFG optimization            |               0  |               0  |                                              0  |
|  Shift Register Optimization  |               0  |               0  |                                              0  |
|  Post Processing Netlist      |               0  |               0  |                                              0  |
-------------------------------------------------------------------------------------------------------------------------


Ending Logic Optimization Task | Checksum: e3c16be2

Time (s): cpu = 00:00:00 ; elapsed = 00:00:00.474 . Memory (MB): peak = 1947.051 ; gain = 0.000

Starting Power Optimization Task
INFO: [Pwropt 34-132] Skipping clock gating for clocks with a period < 2.00 ns.
INFO: [Pwropt 34-9] Applying IDT optimizations ...
INFO: [Pwropt 34-10] Applying ODC optimizations ...
INFO: [Timing 38-35] Done setting XDC timing constraints.
Running Vector-less Activity Propagation...

Finished Running Vector-less Activity Propagation


Starting PowerOpt Patch Enables Task
INFO: [Pwropt 34-162] WRITE_MODE attribute of 0 BRAM(s) out of a total of 4 has been updated to save power. Run report_power_opt to get a complete listing of the BRAMs updated.
INFO: [Pwropt 34-201] Structural ODC has moved 0 WE to EN ports
Number of BRAM Ports augmented: 0 newly gated: 0 Total Ports: 8
Ending PowerOpt Patch Enables Task | Checksum: e3c16be2

Time (s): cpu = 00:00:00 ; elapsed = 00:00:00.039 . Memory (MB): peak = 1947.051 ; gain = 0.000
Ending Power Optimization Task | Checksum: e3c16be2

Time (s): cpu = 00:00:03 ; elapsed = 00:00:02 . Memory (MB): peak = 1947.051 ; gain = 0.000

Starting Final Cleanup Task
Ending Final Cleanup Task | Checksum: e3c16be2

Time (s): cpu = 00:00:00 ; elapsed = 00:00:00.001 . Memory (MB): peak = 1947.051 ; gain = 0.000
Netlist sorting complete. Time (s): cpu = 00:00:00 ; elapsed = 00:00:00.001 . Memory (MB): peak = 1947.051 ; gain = 0.000
INFO: [Common 17-83] Releasing license: Implementation
38 Infos, 2 Warnings, 0 Critical Warnings and 0 Errors encountered.
opt_design completed successfully
opt_design: Time (s): cpu = 00:00:11 ; elapsed = 00:00:11 . Memory (MB): peak = 1947.051 ; gain = 470.422
INFO: [Vivado 12-24828] Executing command : report_drc -file bd_0_wrapper_drc_opted.rpt -pb bd_0_wrapper_drc_opted.pb -rpx bd_0_wrapper_drc_opted.rpx
Command: report_drc -file bd_0_wrapper_drc_opted.rpt -pb bd_0_wrapper_drc_opted.pb -rpx bd_0_wrapper_drc_opted.rpx
INFO: [IP_Flow 19-1839] IP Catalog is up to date.
INFO: [DRC 23-27] Running DRC with 2 threads
WARNING: [DRC 23-814] Not all possible (connectivity based) DRCs may have been run because this design is seen as Out of Context.
INFO: [Vivado_Tcl 2-168] The results of DRC are in file C:/Users/hp/HW-AFDM-OTFS/hls/proj/dfts_fde_W12_R16_LEOKa/sol/impl/verilog/project.runs/impl_1/bd_0_wrapper_drc_opted.rpt.
report_drc completed successfully
INFO: [Timing 38-35] Done setting XDC timing constraints.
INFO: [Timing 38-480] Writing timing data to binary archive.
Write ShapeDB Complete: Time (s): cpu = 00:00:00 ; elapsed = 00:00:00.014 . Memory (MB): peak = 1947.051 ; gain = 0.000
INFO: [Common 17-1381] The checkpoint 'C:/Users/hp/HW-AFDM-OTFS/hls/proj/dfts_fde_W12_R16_LEOKa/sol/impl/verilog/project.runs/impl_1/bd_0_wrapper_opt.dcp' has been generated.
Command: place_design
Attempting to get a license for feature 'Implementation' and/or device 'xc7z020'
INFO: [Common 17-349] Got license for feature 'Implementation' and/or device 'xc7z020'
INFO: [Common 17-83] Releasing license: Implementation
INFO: [DRC 23-27] Running DRC with 2 threads
WARNING: [DRC 23-814] Not all possible (connectivity based) DRCs may have been run because this design is seen as Out of Context.
INFO: [Vivado_Tcl 4-198] DRC finished with 0 Errors
INFO: [Vivado_Tcl 4-199] Please refer to the DRC report (report_drc) for more information.
Running DRC as a precondition to command place_design
INFO: [DRC 23-27] Running DRC with 2 threads
WARNING: [DRC 23-814] Not all possible (connectivity based) DRCs may have been run because this design is seen as Out of Context.
INFO: [Vivado_Tcl 4-198] DRC finished with 0 Errors
INFO: [Vivado_Tcl 4-199] Please refer to the DRC report (report_drc) for more information.
INFO: [Place 30-611] Multithreading enabled for place_design using a maximum of 2 CPUs

Starting Placer Task

Phase 1 Placer Initialization

Phase 1.1 Placer Initialization Netlist Sorting
Netlist sorting complete. Time (s): cpu = 00:00:00 ; elapsed = 00:00:00.001 . Memory (MB): peak = 1947.051 ; gain = 0.000
Phase 1.1 Placer Initialization Netlist Sorting | Checksum: 7d51fd41

Time (s): cpu = 00:00:00 ; elapsed = 00:00:00.013 . Memory (MB): peak = 1947.051 ; gain = 0.000
Netlist sorting complete. Time (s): cpu = 00:00:00 ; elapsed = 00:00:00.002 . Memory (MB): peak = 1947.051 ; gain = 0.000

Phase 1.2 IO Placement/ Clock Placement/ Build Placer Device
Phase 1.2 IO Placement/ Clock Placement/ Build Placer Device | Checksum: 13469d5dd

Time (s): cpu = 00:00:01 ; elapsed = 00:00:00.601 . Memory (MB): peak = 1947.051 ; gain = 0.000

Phase 1.3 Build Placer Netlist Model
Phase 1.3 Build Placer Netlist Model | Checksum: 185c2b508

Time (s): cpu = 00:00:02 ; elapsed = 00:00:02 . Memory (MB): peak = 1947.051 ; gain = 0.000

Phase 1.4 Constrain Clocks/Macros
Phase 1.4 Constrain Clocks/Macros | Checksum: 185c2b508

Time (s): cpu = 00:00:02 ; elapsed = 00:00:02 . Memory (MB): peak = 1947.051 ; gain = 0.000
Phase 1 Placer Initialization | Checksum: 185c2b508

Time (s): cpu = 00:00:02 ; elapsed = 00:00:02 . Memory (MB): peak = 1947.051 ; gain = 0.000

Phase 2 Global Placement

Phase 2.1 Floorplanning
Phase 2.1 Floorplanning | Checksum: 1d742c2d9

Time (s): cpu = 00:00:05 ; elapsed = 00:00:03 . Memory (MB): peak = 1947.051 ; gain = 0.000

Phase 2.2 Update Timing before SLR Path Opt
Phase 2.2 Update Timing before SLR Path Opt | Checksum: 1ab026c1b

Time (s): cpu = 00:00:06 ; elapsed = 00:00:04 . Memory (MB): peak = 1947.051 ; gain = 0.000

Phase 2.3 Post-Processing in Floorplanning
Phase 2.3 Post-Processing in Floorplanning | Checksum: 1ab026c1b

Time (s): cpu = 00:00:06 ; elapsed = 00:00:04 . Memory (MB): peak = 1947.051 ; gain = 0.000

Phase 2.4 Global Place Phase1
Phase 2.4 Global Place Phase1 | Checksum: 18111ad46

Time (s): cpu = 00:00:13 ; elapsed = 00:00:08 . Memory (MB): peak = 1947.051 ; gain = 0.000

Phase 2.5 Global Place Phase2

Phase 2.5.1 UpdateTiming Before Physical Synthesis
Phase 2.5.1 UpdateTiming Before Physical Synthesis | Checksum: 18111ad46

Time (s): cpu = 00:00:13 ; elapsed = 00:00:08 . Memory (MB): peak = 1947.051 ; gain = 0.000

Phase 2.5.2 Physical Synthesis In Placer
INFO: [Physopt 32-1035] Found 0 LUTNM shape to break, 110 LUT instances to create LUTNM shape
INFO: [Physopt 32-1044] Break lutnm for timing: one critical 0, two critical 0, total 0, new lutff created 0
INFO: [Physopt 32-1138] End 1 Pass. Optimized 43 nets or LUTs. Breaked 0 LUT, combined 43 existing LUTs and moved 0 existing LUT
INFO: [Physopt 32-65] No nets found for high-fanout optimization.
INFO: [Physopt 32-232] Optimized 0 net. Created 0 new instance.
INFO: [Physopt 32-775] End 1 Pass. Optimized 0 net or cell. Created 0 new cell, deleted 0 existing cell and moved 0 existing cell
INFO: [Physopt 32-670] No setup violation found.  DSP Register Optimization was not performed.
INFO: [Physopt 32-670] No setup violation found.  Shift Register to Pipeline Optimization was not performed.
INFO: [Physopt 32-670] No setup violation found.  Shift Register Optimization was not performed.
INFO: [Physopt 32-670] No setup violation found.  BRAM Register Optimization was not performed.
INFO: [Physopt 32-670] No setup violation found.  URAM Register Optimization was not performed.
INFO: [Physopt 32-949] No candidate nets found for dynamic/static region interface net replication
INFO: [Physopt 32-775] End 1 Pass. Optimized 0 net or cell. Created 0 new cell, deleted 0 existing cell and moved 0 existing cell
Netlist sorting complete. Time (s): cpu = 00:00:00 ; elapsed = 00:00:00.002 . Memory (MB): peak = 1947.051 ; gain = 0.000

Summary of Physical Synthesis Optimizations
============================================


-----------------------------------------------------------------------------------------------------------------------------------------------------------
|  Optimization                                     |  Added Cells  |  Removed Cells  |  Optimized Cells/Nets  |  Dont Touch  |  Iterations  |  Elapsed   |
-----------------------------------------------------------------------------------------------------------------------------------------------------------
|  LUT Combining                                    |            0  |             43  |                    43  |           0  |           1  |  00:00:00  |
|  Retime                                           |            0  |              0  |                     0  |           0  |           1  |  00:00:00  |
|  Very High Fanout                                 |            0  |              0  |                     0  |           0  |           1  |  00:00:00  |
|  DSP Register                                     |            0  |              0  |                     0  |           0  |           0  |  00:00:00  |
|  Shift Register to Pipeline                       |            0  |              0  |                     0  |           0  |           0  |  00:00:00  |
|  Shift Register                                   |            0  |              0  |                     0  |           0  |           0  |  00:00:00  |
|  BRAM Register                                    |            0  |              0  |                     0  |           0  |           0  |  00:00:00  |
|  URAM Register                                    |            0  |              0  |                     0  |           0  |           0  |  00:00:00  |
|  Dynamic/Static Region Interface Net Replication  |            0  |              0  |                     0  |           0  |           1  |  00:00:00  |
|  Total                                            |            0  |             43  |                    43  |           0  |           4  |  00:00:00  |
-----------------------------------------------------------------------------------------------------------------------------------------------------------


Phase 2.5.2 Physical Synthesis In Placer | Checksum: faf742a1

Time (s): cpu = 00:00:14 ; elapsed = 00:00:09 . Memory (MB): peak = 1947.051 ; gain = 0.000
Phase 2.5 Global Place Phase2 | Checksum: 1b86d194c

Time (s): cpu = 00:00:15 ; elapsed = 00:00:09 . Memory (MB): peak = 1947.051 ; gain = 0.000
Phase 2 Global Placement | Checksum: 1b86d194c

Time (s): cpu = 00:00:15 ; elapsed = 00:00:09 . Memory (MB): peak = 1947.051 ; gain = 0.000

Phase 3 Detail Placement

Phase 3.1 Commit Multi Column Macros
Phase 3.1 Commit Multi Column Macros | Checksum: 2404fa47f

Time (s): cpu = 00:00:16 ; elapsed = 00:00:10 . Memory (MB): peak = 1947.051 ; gain = 0.000

Phase 3.2 Commit Most Macros & LUTRAMs
Phase 3.2 Commit Most Macros & LUTRAMs | Checksum: 20243c4d3

Time (s): cpu = 00:00:17 ; elapsed = 00:00:10 . Memory (MB): peak = 1947.051 ; gain = 0.000

Phase 3.3 Area Swap Optimization
Phase 3.3 Area Swap Optimization | Checksum: 24ccef7d2

Time (s): cpu = 00:00:17 ; elapsed = 00:00:10 . Memory (MB): peak = 1947.051 ; gain = 0.000

Phase 3.4 Pipeline Register Optimization
Phase 3.4 Pipeline Register Optimization | Checksum: 28b23777e

Time (s): cpu = 00:00:17 ; elapsed = 00:00:10 . Memory (MB): peak = 1947.051 ; gain = 0.000

Phase 3.5 Small Shape Detail Placement
Phase 3.5 Small Shape Detail Placement | Checksum: 182d8de9c

Time (s): cpu = 00:00:18 ; elapsed = 00:00:12 . Memory (MB): peak = 1947.051 ; gain = 0.000

Phase 3.6 Re-assign LUT pins
Phase 3.6 Re-assign LUT pins | Checksum: 1ea86b610

Time (s): cpu = 00:00:19 ; elapsed = 00:00:12 . Memory (MB): peak = 1947.051 ; gain = 0.000

Phase 3.7 Pipeline Register Optimization
Phase 3.7 Pipeline Register Optimization | Checksum: 27f64ca07

Time (s): cpu = 00:00:19 ; elapsed = 00:00:12 . Memory (MB): peak = 1947.051 ; gain = 0.000
Phase 3 Detail Placement | Checksum: 27f64ca07

Time (s): cpu = 00:00:19 ; elapsed = 00:00:12 . Memory (MB): peak = 1947.051 ; gain = 0.000

Phase 4 Post Placement Optimization and Clean-Up

Phase 4.1 Post Commit Optimization
INFO: [Timing 38-35] Done setting XDC timing constraints.

Phase 4.1.1 Post Placement Optimization
Post Placement Optimization Initialization | Checksum: 24670c513

Phase 4.1.1.1 BUFG Insertion

Starting Physical Synthesis Task

Phase 1 Physical Synthesis Initialization
INFO: [Physopt 32-721] Multithreading enabled for phys_opt_design using a maximum of 2 CPUs
INFO: [Physopt 32-619] Estimated Timing Summary | WNS=1.821 | TNS=0.000 |
Phase 1 Physical Synthesis Initialization | Checksum: 19b9255fe

Time (s): cpu = 00:00:00 ; elapsed = 00:00:00.069 . Memory (MB): peak = 1947.051 ; gain = 0.000
INFO: [Place 46-56] BUFG insertion identified 0 candidate nets. Inserted BUFG: 0, Replicated BUFG Driver: 0, Skipped due to Placement/Routing Conflicts: 0, Skipped due to Timing Degradation: 0, Skipped due to netlist editing failed: 0.
Ending Physical Synthesis Task | Checksum: 22f25d6a8

Time (s): cpu = 00:00:00 ; elapsed = 00:00:00.084 . Memory (MB): peak = 1947.051 ; gain = 0.000
Phase 4.1.1.1 BUFG Insertion | Checksum: 24670c513

Time (s): cpu = 00:00:20 ; elapsed = 00:00:13 . Memory (MB): peak = 1947.051 ; gain = 0.000

Phase 4.1.1.2 Post Placement Timing Optimization
INFO: [Place 30-746] Post Placement Timing Summary WNS=1.821. For the most accurate timing information please run report_timing.
Phase 4.1.1.2 Post Placement Timing Optimization | Checksum: 247451ca1

Time (s): cpu = 00:00:20 ; elapsed = 00:00:13 . Memory (MB): peak = 1947.051 ; gain = 0.000

Time (s): cpu = 00:00:20 ; elapsed = 00:00:13 . Memory (MB): peak = 1947.051 ; gain = 0.000
Phase 4.1 Post Commit Optimization | Checksum: 247451ca1

Time (s): cpu = 00:00:20 ; elapsed = 00:00:13 . Memory (MB): peak = 1947.051 ; gain = 0.000

Phase 4.2 Post Placement Cleanup
Phase 4.2 Post Placement Cleanup | Checksum: 247451ca1

Time (s): cpu = 00:00:20 ; elapsed = 00:00:13 . Memory (MB): peak = 1947.051 ; gain = 0.000

Phase 4.3 Placer Reporting

Phase 4.3.1 Print Estimated Congestion
INFO: [Place 30-612] Post-Placement Estimated Congestion 
 ____________________________________________________
|           | Global Congestion | Short Congestion  |
| Direction | Region Size       | Region Size       |
|___________|___________________|___________________|
|      North|                1x1|                1x1|
|___________|___________________|___________________|
|      South|                1x1|                1x1|
|___________|___________________|___________________|
|       East|                1x1|                1x1|
|___________|___________________|___________________|
|       West|                1x1|                1x1|
|___________|___________________|___________________|

Phase 4.3.1 Print Estimated Congestion | Checksum: 247451ca1

Time (s): cpu = 00:00:20 ; elapsed = 00:00:13 . Memory (MB): peak = 1947.051 ; gain = 0.000
Phase 4.3 Placer Reporting | Checksum: 247451ca1

Time (s): cpu = 00:00:21 ; elapsed = 00:00:13 . Memory (MB): peak = 1947.051 ; gain = 0.000

Phase 4.4 Final Placement Cleanup
Netlist sorting complete. Time (s): cpu = 00:00:00 ; elapsed = 00:00:00.001 . Memory (MB): peak = 1947.051 ; gain = 0.000

Time (s): cpu = 00:00:21 ; elapsed = 00:00:13 . Memory (MB): peak = 1947.051 ; gain = 0.000
Phase 4 Post Placement Optimization and Clean-Up | Checksum: 1e8cc62c7

Time (s): cpu = 00:00:21 ; elapsed = 00:00:13 . Memory (MB): peak = 1947.051 ; gain = 0.000
Ending Placer Task | Checksum: 16a3dae2d

Time (s): cpu = 00:00:21 ; elapsed = 00:00:13 . Memory (MB): peak = 1947.051 ; gain = 0.000
73 Infos, 5 Warnings, 0 Critical Warnings and 0 Errors encountered.
place_design completed successfully
place_design: Time (s): cpu = 00:00:23 ; elapsed = 00:00:15 . Memory (MB): peak = 1947.051 ; gain = 0.000
INFO: [Vivado 12-24838] Running report commands "report_control_sets, report_io, report_utilization" in parallel.
Running report generation with 2 threads.
INFO: [Vivado 12-24828] Executing command : report_utilization -file bd_0_wrapper_utilization_placed.rpt -pb bd_0_wrapper_utilization_placed.pb
INFO: [Vivado 12-24828] Executing command : report_control_sets -verbose -file bd_0_wrapper_control_sets_placed.rpt
report_control_sets: Time (s): cpu = 00:00:00 ; elapsed = 00:00:00.014 . Memory (MB): peak = 1947.051 ; gain = 0.000
INFO: [Vivado 12-24828] Executing command : report_io -file bd_0_wrapper_io_placed.rpt
report_io: Time (s): cpu = 00:00:00 ; elapsed = 00:00:00.241 . Memory (MB): peak = 1947.051 ; gain = 0.000
INFO: [Timing 38-480] Writing timing data to binary archive.
Wrote PlaceDB: Time (s): cpu = 00:00:00 ; elapsed = 00:00:00.001 . Memory (MB): peak = 1947.051 ; gain = 0.000
Wrote PulsedLatchDB: Time (s): cpu = 00:00:00 ; elapsed = 00:00:00 . Memory (MB): peak = 1947.051 ; gain = 0.000
Write ShapeDB Complete: Time (s): cpu = 00:00:00 ; elapsed = 00:00:00.015 . Memory (MB): peak = 1947.051 ; gain = 0.000
Writing XDEF routing.
Writing XDEF routing logical nets.
Writing XDEF routing special nets.
Wrote RouteStorage: Time (s): cpu = 00:00:01 ; elapsed = 00:00:00.210 . Memory (MB): peak = 1947.051 ; gain = 0.000
Wrote PlaceStorage: Time (s): cpu = 00:00:00 ; elapsed = 00:00:00.142 . Memory (MB): peak = 1947.051 ; gain = 0.000
Wrote Netlist Cache: Time (s): cpu = 00:00:00 ; elapsed = 00:00:00.010 . Memory (MB): peak = 1947.051 ; gain = 0.000
Wrote Device Cache: Time (s): cpu = 00:00:00 ; elapsed = 00:00:00.018 . Memory (MB): peak = 1947.051 ; gain = 0.000
Write Physdb Complete: Time (s): cpu = 00:00:01 ; elapsed = 00:00:00.402 . Memory (MB): peak = 1947.051 ; gain = 0.000
INFO: [Common 17-1381] The checkpoint 'C:/Users/hp/HW-AFDM-OTFS/hls/proj/dfts_fde_W12_R16_LEOKa/sol/impl/verilog/project.runs/impl_1/bd_0_wrapper_placed.dcp' has been generated.
Command: phys_opt_design
Attempting to get a license for feature 'Implementation' and/or device 'xc7z020'
INFO: [Common 17-349] Got license for feature 'Implementation' and/or device 'xc7z020'

Starting Initial Update Timing Task
WARNING: [Timing 38-242] The property HD.CLK_SRC of clock port "ap_clk" is not set. In out-of-context mode, this prevents timing estimation for clock delay/skew
Resolution: Set the HD.CLK_SRC property of the out-of-context port to the location of the clock buffer instance in the top-level design

Time (s): cpu = 00:00:01 ; elapsed = 00:00:00.441 . Memory (MB): peak = 1947.051 ; gain = 0.000
INFO: [Vivado_Tcl 4-2279] Estimated Timing Summary | WNS= 1.821 | TNS= 0.000 | 
INFO: [Vivado_Tcl 4-383] Design worst setup slack (WNS) is greater than or equal to 0.000 ns. All physical synthesis setup optimizations will be skipped.
INFO: [Vivado_Tcl 4-232] No setup violation found. The netlist was not modified.
INFO: [Common 17-83] Releasing license: Implementation
84 Infos, 6 Warnings, 0 Critical Warnings and 0 Errors encountered.
phys_opt_design completed successfully
Wrote PlaceDB: Time (s): cpu = 00:00:00 ; elapsed = 00:00:00 . Memory (MB): peak = 1947.051 ; gain = 0.000
INFO: [Timing 38-480] Writing timing data to binary archive.
Wrote PulsedLatchDB: Time (s): cpu = 00:00:00 ; elapsed = 00:00:00 . Memory (MB): peak = 1947.051 ; gain = 0.000
Writing XDEF routing.
Write ShapeDB Complete: Time (s): cpu = 00:00:00 ; elapsed = 00:00:00.014 . Memory (MB): peak = 1947.051 ; gain = 0.000
Writing XDEF routing logical nets.
Writing XDEF routing special nets.
Wrote RouteStorage: Time (s): cpu = 00:00:00 ; elapsed = 00:00:00.052 . Memory (MB): peak = 1947.051 ; gain = 0.000
Wrote PlaceStorage: Time (s): cpu = 00:00:01 ; elapsed = 00:00:00.169 . Memory (MB): peak = 1947.051 ; gain = 0.000
Wrote Netlist Cache: Time (s): cpu = 00:00:00 ; elapsed = 00:00:00.009 . Memory (MB): peak = 1947.051 ; gain = 0.000
Wrote Device Cache: Time (s): cpu = 00:00:00 ; elapsed = 00:00:00.023 . Memory (MB): peak = 1947.051 ; gain = 0.000
Write Physdb Complete: Time (s): cpu = 00:00:01 ; elapsed = 00:00:00.269 . Memory (MB): peak = 1947.051 ; gain = 0.000
INFO: [Common 17-1381] The checkpoint 'C:/Users/hp/HW-AFDM-OTFS/hls/proj/dfts_fde_W12_R16_LEOKa/sol/impl/verilog/project.runs/impl_1/bd_0_wrapper_physopt.dcp' has been generated.
Command: route_design
Attempting to get a license for feature 'Implementation' and/or device 'xc7z020'
INFO: [Common 17-349] Got license for feature 'Implementation' and/or device 'xc7z020'


Starting Routing Task
INFO: [Route 35-254] Multithreading enabled for route_design using a maximum of 2 CPUs

Phase 1 Build RT Design
Checksum: PlaceDB: fb546ac6 ConstDB: 0 ShapeSum: 58efd077 RouteDB: 15f972f0
WARNING: [Route 35-197] Clock port "ap_clk" does not have an associated HD.CLK_SRC. Without this constraint, timing analysis may not be accurate and upstream checks cannot be done to ensure correct clock placement.
WARNING: [Route 35-198] Port "r_q0[19]" does not have an associated HD.PARTPIN_LOCS, which will prevent the partial routing of the signal "r_q0[19]". Without this partial route, timing analysis to/from this port will not be accurate, and no routing information for this port can be exported.
WARNING: [Route 35-198] Port "r_q0[12]" does not have an associated HD.PARTPIN_LOCS, which will prevent the partial routing of the signal "r_q0[12]". Without this partial route, timing analysis to/from this port will not be accurate, and no routing information for this port can be exported.
WARNING: [Route 35-198] Port "r_q0[18]" does not have an associated HD.PARTPIN_LOCS, which will prevent the partial routing of the signal "r_q0[18]". Without this partial route, timing analysis to/from this port will not be accurate, and no routing information for this port can be exported.
WARNING: [Route 35-198] Port "r_q0[17]" does not have an associated HD.PARTPIN_LOCS, which will prevent the partial routing of the signal "r_q0[17]". Without this partial route, timing analysis to/from this port will not be accurate, and no routing information for this port can be exported.
WARNING: [Route 35-198] Port "r_q0[16]" does not have an associated HD.PARTPIN_LOCS, which will prevent the partial routing of the signal "r_q0[16]". Without this partial route, timing analysis to/from this port will not be accurate, and no routing information for this port can be exported.
WARNING: [Route 35-198] Port "ap_rst" does not have an associated HD.PARTPIN_LOCS, which will prevent the partial routing of the signal "ap_rst". Without this partial route, timing analysis to/from this port will not be accurate, and no routing information for this port can be exported.
WARNING: [Route 35-198] Port "w_q0[15]" does not have an associated HD.PARTPIN_LOCS, which will prevent the partial routing of the signal "w_q0[15]". Without this partial route, timing analysis to/from this port will not be accurate, and no routing information for this port can be exported.
WARNING: [Route 35-198] Port "w_q0[14]" does not have an associated HD.PARTPIN_LOCS, which will prevent the partial routing of the signal "w_q0[14]". Without this partial route, timing analysis to/from this port will not be accurate, and no routing information for this port can be exported.
WARNING: [Route 35-198] Port "w_q0[13]" does not have an associated HD.PARTPIN_LOCS, which will prevent the partial routing of the signal "w_q0[13]". Without this partial route, timing analysis to/from this port will not be accurate, and no routing information for this port can be exported.
WARNING: [Route 35-198] Port "w_q0[12]" does not have an associated HD.PARTPIN_LOCS, which will prevent the partial routing of the signal "w_q0[12]". Without this partial route, timing analysis to/from this port will not be accurate, and no routing information for this port can be exported.
WARNING: [Route 35-198] Port "w_q0[11]" does not have an associated HD.PARTPIN_LOCS, which will prevent the partial routing of the signal "w_q0[11]". Without this partial route, timing analysis to/from this port will not be accurate, and no routing information for this port can be exported.
WARNING: [Route 35-198] Port "w_q0[10]" does not have an associated HD.PARTPIN_LOCS, which will prevent the partial routing of the signal "w_q0[10]". Without this partial route, timing analysis to/from this port will not be accurate, and no routing information for this port can be exported.
WARNING: [Route 35-198] Port "w_q0[9]" does not have an associated HD.PARTPIN_LOCS, which will prevent the partial routing of the signal "w_q0[9]". Without this partial route, timing analysis to/from this port will not be accurate, and no routing information for this port can be exported.
WARNING: [Route 35-198] Port "w_q0[8]" does not have an associated HD.PARTPIN_LOCS, which will prevent the partial routing of the signal "w_q0[8]". Without this partial route, timing analysis to/from this port will not be accurate, and no routing information for this port can be exported.
WARNING: [Route 35-198] Port "w_q0[7]" does not have an associated HD.PARTPIN_LOCS, which will prevent the partial routing of the signal "w_q0[7]". Without this partial route, timing analysis to/from this port will not be accurate, and no routing information for this port can be exported.
WARNING: [Route 35-198] Port "w_q0[6]" does not have an associated HD.PARTPIN_LOCS, which will prevent the partial routing of the signal "w_q0[6]". Without this partial route, timing analysis to/from this port will not be accurate, and no routing information for this port can be exported.
WARNING: [Route 35-198] Port "w_q0[5]" does not have an associated HD.PARTPIN_LOCS, which will prevent the partial routing of the signal "w_q0[5]". Without this partial route, timing analysis to/from this port will not be accurate, and no routing information for this port can be exported.
WARNING: [Route 35-198] Port "w_q0[4]" does not have an associated HD.PARTPIN_LOCS, which will prevent the partial routing of the signal "w_q0[4]". Without this partial route, timing analysis to/from this port will not be accurate, and no routing
*** Running vivado
    with args -log bd_0_wrapper.vds -m64 -product Vivado -mode batch -messageDb vivado.pb -notrace -source bd_0_wrapper.tcl



****** Vivado v2025.2 (64-bit)
  **** SW Build 6299465 on Fri Nov 14 19:35:11 GMT 2025
  **** IP Build 6300035 on Fri Nov 14 10:48:45 MST 2025
  **** SharedData Build 6298862 on Thu Nov 13 04:50:51 MST 2025
  **** Start of session at: Tue Sep 29 21:11:21 2026
    ** Copyright 1986-2022 Xilinx, Inc. All Rights Reserved.
    ** Copyright 2022-2025 Advanced Micro Devices, Inc. All Rights Reserved.

source bd_0_wrapper.tcl -notrace
create_project: Time (s): cpu = 00:00:12 ; elapsed = 00:00:07 . Memory (MB): peak = 530.828 ; gain = 219.902
INFO: [IP_Flow 19-234] Refreshing IP repositories
INFO: [IP_Flow 19-1700] Loaded user IP repository 'c:/Users/hp/HW-AFDM-OTFS/hls/proj/mp_S16_small/sol/impl/ip'.
INFO: [IP_Flow 19-2313] Loaded Vivado IP repository 'D:/2025.2/Vivado/data/ip'.
Command: synth_design -top bd_0_wrapper -part xc7z020clg484-1 -mode out_of_context
Starting synth_design
Attempting to get a license for feature 'Synthesis' and/or device 'xc7z020'
INFO: [Common 17-349] Got license for feature 'Synthesis' and/or device 'xc7z020'
INFO: [Device 21-403] Loading part xc7z020clg484-1
INFO: [Synth 8-7079] Multithreading enabled for synth_design using a maximum of 2 processes.
INFO: [Synth 8-7078] Launching helper process for spawning children vivado processes
INFO: [Synth 8-7075] Helper process launched with PID 31496
---------------------------------------------------------------------------------
Starting RTL Elaboration : Time (s): cpu = 00:00:06 ; elapsed = 00:00:06 . Memory (MB): peak = 1313.984 ; gain = 541.160
---------------------------------------------------------------------------------
INFO: [Synth 8-6157] synthesizing module 'bd_0_wrapper' [c:/Users/hp/HW-AFDM-OTFS/hls/proj/mp_S16_small/sol/impl/verilog/project.gen/sources_1/bd/bd_0/hdl/bd_0_wrapper.v:13]
INFO: [Synth 8-6157] synthesizing module 'bd_0' [c:/Users/hp/HW-AFDM-OTFS/hls/proj/mp_S16_small/sol/impl/verilog/project.gen/sources_1/bd/bd_0/synth/bd_0.v:13]
INFO: [Synth 8-6157] synthesizing module 'bd_0_hls_inst_0' [C:/Users/hp/HW-AFDM-OTFS/hls/proj/mp_S16_small/sol/impl/verilog/project.runs/synth_1/.Xil/Vivado-16708-SaY-PC/realtime/bd_0_hls_inst_0_stub.v:6]
INFO: [Synth 8-6155] done synthesizing module 'bd_0_hls_inst_0' (0#1) [C:/Users/hp/HW-AFDM-OTFS/hls/proj/mp_S16_small/sol/impl/verilog/project.runs/synth_1/.Xil/Vivado-16708-SaY-PC/realtime/bd_0_hls_inst_0_stub.v:6]
INFO: [Synth 8-6155] done synthesizing module 'bd_0' (0#1) [c:/Users/hp/HW-AFDM-OTFS/hls/proj/mp_S16_small/sol/impl/verilog/project.gen/sources_1/bd/bd_0/synth/bd_0.v:13]
INFO: [Synth 8-6155] done synthesizing module 'bd_0_wrapper' (0#1) [c:/Users/hp/HW-AFDM-OTFS/hls/proj/mp_S16_small/sol/impl/verilog/project.gen/sources_1/bd/bd_0/hdl/bd_0_wrapper.v:13]
---------------------------------------------------------------------------------
Finished RTL Elaboration : Time (s): cpu = 00:00:08 ; elapsed = 00:00:08 . Memory (MB): peak = 1437.859 ; gain = 665.035
---------------------------------------------------------------------------------
---------------------------------------------------------------------------------
Start Handling Custom Attributes
---------------------------------------------------------------------------------
---------------------------------------------------------------------------------
Finished Handling Custom Attributes : Time (s): cpu = 00:00:08 ; elapsed = 00:00:08 . Memory (MB): peak = 1437.859 ; gain = 665.035
---------------------------------------------------------------------------------
---------------------------------------------------------------------------------
Finished RTL Optimization Phase 1 : Time (s): cpu = 00:00:08 ; elapsed = 00:00:08 . Memory (MB): peak = 1437.859 ; gain = 665.035
---------------------------------------------------------------------------------
Netlist sorting complete. Time (s): cpu = 00:00:00 ; elapsed = 00:00:00.004 . Memory (MB): peak = 1437.859 ; gain = 0.000
INFO: [Project 1-570] Preparing netlist for logic optimization

Processing XDC Constraints
Initializing timing engine
Parsing XDC File [c:/Users/hp/HW-AFDM-OTFS/hls/proj/mp_S16_small/sol/impl/verilog/project.gen/sources_1/bd/bd_0/ip/bd_0_hls_inst_0/bd_0_hls_inst_0/bd_0_hls_inst_0_in_context.xdc] for cell 'bd_0_i/hls_inst'
Finished Parsing XDC File [c:/Users/hp/HW-AFDM-OTFS/hls/proj/mp_S16_small/sol/impl/verilog/project.gen/sources_1/bd/bd_0/ip/bd_0_hls_inst_0/bd_0_hls_inst_0/bd_0_hls_inst_0_in_context.xdc] for cell 'bd_0_i/hls_inst'
Parsing XDC File [C:/Users/hp/HW-AFDM-OTFS/hls/proj/mp_S16_small/sol/impl/verilog/mp_detect.xdc]
Finished Parsing XDC File [C:/Users/hp/HW-AFDM-OTFS/hls/proj/mp_S16_small/sol/impl/verilog/mp_detect.xdc]
Parsing XDC File [C:/Users/hp/HW-AFDM-OTFS/hls/proj/mp_S16_small/sol/impl/verilog/project.runs/synth_1/dont_touch.xdc]
Finished Parsing XDC File [C:/Users/hp/HW-AFDM-OTFS/hls/proj/mp_S16_small/sol/impl/verilog/project.runs/synth_1/dont_touch.xdc]
Completed Processing XDC Constraints

Netlist sorting complete. Time (s): cpu = 00:00:00 ; elapsed = 00:00:00 . Memory (MB): peak = 1437.859 ; gain = 0.000
INFO: [Project 1-111] Unisim Transformation Summary:
No Unisim elements were transformed.

Constraint Validation Runtime : Time (s): cpu = 00:00:00 ; elapsed = 00:00:00.021 . Memory (MB): peak = 1437.859 ; gain = 0.000
---------------------------------------------------------------------------------
Finished Constraint Validation : Time (s): cpu = 00:00:17 ; elapsed = 00:00:17 . Memory (MB): peak = 1437.859 ; gain = 665.035
---------------------------------------------------------------------------------
---------------------------------------------------------------------------------
Start Loading Part and Timing Information
---------------------------------------------------------------------------------
Loading part: xc7z020clg484-1
---------------------------------------------------------------------------------
Finished Loading Part and Timing Information : Time (s): cpu = 00:00:17 ; elapsed = 00:00:17 . Memory (MB): peak = 1437.859 ; gain = 665.035
---------------------------------------------------------------------------------
---------------------------------------------------------------------------------
Start Applying 'set_property' XDC Constraints
---------------------------------------------------------------------------------
---------------------------------------------------------------------------------
Finished applying 'set_property' XDC Constraints : Time (s): cpu = 00:00:17 ; elapsed = 00:00:17 . Memory (MB): peak = 1437.859 ; gain = 665.035
---------------------------------------------------------------------------------
---------------------------------------------------------------------------------
Finished RTL Optimization Phase 2 : Time (s): cpu = 00:00:17 ; elapsed = 00:00:18 . Memory (MB): peak = 1437.859 ; gain = 665.035
---------------------------------------------------------------------------------
---------------------------------------------------------------------------------
Start RTL Component Statistics 
---------------------------------------------------------------------------------
Detailed RTL Component Info : 
---------------------------------------------------------------------------------
Finished RTL Component Statistics 
---------------------------------------------------------------------------------
---------------------------------------------------------------------------------
Start Part Resource Summary
---------------------------------------------------------------------------------
Part Resources:
DSPs: 220 (col length:60)
BRAMs: 280 (col length: RAMB18 60 RAMB36 30)
---------------------------------------------------------------------------------
Finished Part Resource Summary
---------------------------------------------------------------------------------
---------------------------------------------------------------------------------
Start Cross Boundary and Area Optimization
---------------------------------------------------------------------------------
---------------------------------------------------------------------------------
Finished Cross Boundary and Area Optimization : Time (s): cpu = 00:00:19 ; elapsed = 00:00:20 . Memory (MB): peak = 1444.691 ; gain = 671.867
---------------------------------------------------------------------------------
---------------------------------------------------------------------------------
Start Applying XDC Timing Constraints
---------------------------------------------------------------------------------
---------------------------------------------------------------------------------
Finished Applying XDC Timing Constraints : Time (s): cpu = 00:00:26 ; elapsed = 00:00:26 . Memory (MB): peak = 1611.512 ; gain = 838.688
---------------------------------------------------------------------------------
---------------------------------------------------------------------------------
Start Timing Optimization
---------------------------------------------------------------------------------
---------------------------------------------------------------------------------
Finished Timing Optimization : Time (s): cpu = 00:00:26 ; elapsed = 00:00:26 . Memory (MB): peak = 1611.660 ; gain = 838.836
---------------------------------------------------------------------------------
---------------------------------------------------------------------------------
Start Technology Mapping
---------------------------------------------------------------------------------
---------------------------------------------------------------------------------
Finished Technology Mapping : Time (s): cpu = 00:00:26 ; elapsed = 00:00:26 . Memory (MB): peak = 1621.230 ; gain = 848.406
---------------------------------------------------------------------------------
---------------------------------------------------------------------------------
Start IO Insertion
---------------------------------------------------------------------------------
---------------------------------------------------------------------------------
Start Flattening Before IO Insertion
---------------------------------------------------------------------------------
---------------------------------------------------------------------------------
Finished Flattening Before IO Insertion
---------------------------------------------------------------------------------
---------------------------------------------------------------------------------
Start Final Netlist Cleanup
---------------------------------------------------------------------------------
---------------------------------------------------------------------------------
Finished Final Netlist Cleanup
---------------------------------------------------------------------------------
---------------------------------------------------------------------------------
Finished IO Insertion : Time (s): cpu = 00:00:30 ; elapsed = 00:00:31 . Memory (MB): peak = 1870.641 ; gain = 1097.816
---------------------------------------------------------------------------------
---------------------------------------------------------------------------------
Start Renaming Generated Instances
---------------------------------------------------------------------------------
---------------------------------------------------------------------------------
Finished Renaming Generated Instances : Time (s): cpu = 00:00:30 ; elapsed = 00:00:31 . Memory (MB): peak = 1870.641 ; gain = 1097.816
---------------------------------------------------------------------------------
---------------------------------------------------------------------------------
Start Rebuilding User Hierarchy
---------------------------------------------------------------------------------
---------------------------------------------------------------------------------
Finished Rebuilding User Hierarchy : Time (s): cpu = 00:00:30 ; elapsed = 00:00:31 . Memory (MB): peak = 1870.641 ; gain = 1097.816
---------------------------------------------------------------------------------
---------------------------------------------------------------------------------
Start Renaming Generated Ports
---------------------------------------------------------------------------------
---------------------------------------------------------------------------------
Finished Renaming Generated Ports : Time (s): cpu = 00:00:30 ; elapsed = 00:00:31 . Memory (MB): peak = 1870.641 ; gain = 1097.816
---------------------------------------------------------------------------------
---------------------------------------------------------------------------------
Start Handling Custom Attributes
---------------------------------------------------------------------------------
---------------------------------------------------------------------------------
Finished Handling Custom Attributes : Time (s): cpu = 00:00:30 ; elapsed = 00:00:31 . Memory (MB): peak = 1870.641 ; gain = 1097.816
---------------------------------------------------------------------------------
---------------------------------------------------------------------------------
Start Renaming Generated Nets
---------------------------------------------------------------------------------
---------------------------------------------------------------------------------
Finished Renaming Generated Nets : Time (s): cpu = 00:00:30 ; elapsed = 00:00:31 . Memory (MB): peak = 1870.641 ; gain = 1097.816
---------------------------------------------------------------------------------
---------------------------------------------------------------------------------
Start Writing Synthesis Report
---------------------------------------------------------------------------------

Report BlackBoxes: 
+------+----------------+----------+
|      |BlackBox name   |Instances |
+------+----------------+----------+
|1     |bd_0_hls_inst_0 |         1|
+------+----------------+----------+

Report Cell Usage: 
+------+--------------+------+
|      |Cell          |Count |
+------+--------------+------+
|1     |bd_0_hls_inst |     1|
+------+--------------+------+
---------------------------------------------------------------------------------
Finished Writing Synthesis Report : Time (s): cpu = 00:00:30 ; elapsed = 00:00:31 . Memory (MB): peak = 1870.641 ; gain = 1097.816
---------------------------------------------------------------------------------
Synthesis finished with 0 errors, 0 critical warnings and 0 warnings.
Synthesis Optimization Runtime : Time (s): cpu = 00:00:20 ; elapsed = 00:00:29 . Memory (MB): peak = 1870.641 ; gain = 1097.816
Synthesis Optimization Complete : Time (s): cpu = 00:00:30 ; elapsed = 00:00:31 . Memory (MB): peak = 1870.641 ; gain = 1097.816
INFO: [Project 1-571] Translating synthesized netlist
Netlist sorting complete. Time (s): cpu = 00:00:00 ; elapsed = 00:00:00.004 . Memory (MB): peak = 1870.641 ; gain = 0.000
INFO: [Project 1-570] Preparing netlist for logic optimization
INFO: [Opt 31-138] Pushed 0 inverter(s) to 0 load pin(s).
Netlist sorting complete. Time (s): cpu = 00:00:00 ; elapsed = 00:00:00 . Memory (MB): peak = 1878.426 ; gain = 0.000
INFO: [Project 1-111] Unisim Transformation Summary:
No Unisim elements were transformed.

Synth Design complete | Checksum: 7f6750dc
INFO: [Common 17-83] Releasing license: Synthesis
21 Infos, 0 Warnings, 0 Critical Warnings and 0 Errors encountered.
synth_design completed successfully
synth_design: Time (s): cpu = 00:00:34 ; elapsed = 00:00:38 . Memory (MB): peak = 1878.426 ; gain = 1337.695
INFO: [Common 17-1381] The checkpoint 'C:/Users/hp/HW-AFDM-OTFS/hls/proj/mp_S16_small/sol/impl/verilog/project.runs/synth_1/bd_0_wrapper.dcp' has been generated.
INFO: [Vivado 12-24828] Executing command : report_utilization -file bd_0_wrapper_utilization_synth.rpt -pb bd_0_wrapper_utilization_synth.pb
INFO: [Common 17-206] Exiting Vivado at Tue Sep 29 21:12:11 2026...
[Tue Sep 29 21:12:14 2026] synth_1 finished
wait_on_runs: Time (s): cpu = 00:00:01 ; elapsed = 00:24:54 . Memory (MB): peak = 590.238 ; gain = 0.000
TIMESTAMP: HLS-REPORT: synthesis open_run: 2026-09-29 21:12:15 +0530
INFO: HLS-REPORT: Opening synthesis design database: open_run synth_1
Design is defaulting to impl run constrset: constrs_1
Design is defaulting to synth run part: xc7z020clg484-1
INFO: [Device 21-403] Loading part xc7z020clg484-1
INFO: [Project 1-5699] Read binary netlist with skipMacroContent - 1
INFO: [Project 1-454] Reading design checkpoint 'c:/Users/hp/HW-AFDM-OTFS/hls/proj/mp_S16_small/sol/impl/verilog/project.gen/sources_1/bd/bd_0/ip/bd_0_hls_inst_0/bd_0_hls_inst_0.dcp' for cell 'bd_0_i/hls_inst'
Netlist sorting complete. Time (s): cpu = 00:00:00 ; elapsed = 00:00:00.922 . Memory (MB): peak = 978.582 ; gain = 0.000
INFO: [Netlist 29-17] Analyzing 10037 Unisim elements for replacement
INFO: [Netlist 29-28] Unisim Transformation completed in 1 CPU seconds
INFO: [Project 1-479] Netlist was created with Vivado 2025.2
INFO: [Project 1-570] Preparing netlist for logic optimization
Parsing XDC File [C:/Users/hp/HW-AFDM-OTFS/hls/proj/mp_S16_small/sol/impl/verilog/mp_detect.xdc]
Finished Parsing XDC File [C:/Users/hp/HW-AFDM-OTFS/hls/proj/mp_S16_small/sol/impl/verilog/mp_detect.xdc]
INFO: [Opt 31-138] Pushed 0 inverter(s) to 0 load pin(s).
Netlist sorting complete. Time (s): cpu = 00:00:00 ; elapsed = 00:00:00.050 . Memory (MB): peak = 1147.082 ; gain = 0.000
INFO: [Project 1-111] Unisim Transformation Summary:
  A total of 2 instances were transformed.
  RAM256X1S => RAM256X1S (MUXF7(x2), MUXF8, RAMS64E(x4)): 2 instances

open_run: Time (s): cpu = 00:00:24 ; elapsed = 00:00:24 . Memory (MB): peak = 1147.082 ; gain = 556.844
TIMESTAMP: HLS-REPORT: synthesis generate_reports_vivado: 2026-09-29 21:12:38 +0530
INFO: HLS-REPORT: Running report: report_utilization -file ./report/mp_detect_utilization_synth.rpt
INFO: HLS-REPORT: Running report: report_utilization -hierarchical -hierarchical_depth 6 -file ./report/mp_detect_utilization_hierarchical_synth.rpt
INFO: HLS-REPORT: Running report: report_timing_summary -file ./report/mp_detect_timing_synth.rpt
INFO: [Timing 38-35] Done setting XDC timing constraints.
INFO: [Timing 38-91] UpdateTimingParams: Speed grade: -1, Delay Type: min_max.
INFO: [Timing 38-191] Multithreading enabled for timing update using a maximum of 2 CPUs
WARNING: [Timing 38-242] The property HD.CLK_SRC of clock port "ap_clk" is not set. In out-of-context mode, this prevents timing estimation for clock delay/skew
Resolution: Set the HD.CLK_SRC property of the out-of-context port to the location of the clock buffer instance in the top-level design
report_timing_summary: Time (s): cpu = 00:01:02 ; elapsed = 00:00:38 . Memory (MB): peak = 1929.090 ; gain = 782.008
INFO: HLS-REPORT: Running report: report_power -file ./report/mp_detect_power_synth.rpt -xpe ./mp_detect_power.xpe
Command: report_power -file ./report/mp_detect_power_synth.rpt -xpe ./mp_detect_power.xpe
Running Vector-less Activity Propagation...

Finished Running Vector-less Activity Propagation
12 Infos, 2 Warnings, 0 Critical Warnings and 0 Errors encountered.
report_power completed successfully
report_power: Time (s): cpu = 00:00:29 ; elapsed = 00:00:21 . Memory (MB): peak = 2064.977 ; gain = 135.887
INFO: HLS-REPORT: Running report: report_timing -max_paths 10 -file ./report/mp_detect_timing_paths_synth.rpt
INFO: [Timing 38-91] UpdateTimingParams: Speed grade: -1, Delay Type: max.
INFO: [Timing 38-191] Multithreading enabled for timing update using a maximum of 2 CPUs
INFO: [Timing 38-78] ReportTimingParams: -max_paths 10 -nworst 1 -delay_type max -sort_by slack.
INFO: HLS-REPORT: Running report: report_design_analysis -file ./report/mp_detect_design_analysis_synth.rpt
INFO: [Implflow 30-839]  
INFO: HLS-REPORT: Running report: ::tclapp::xilinx::designutils::report_failfast -detailed_report synth -file ./report/mp_detect_failfast_synth.rpt
 -I- design metrics completed in 5 seconds
 -I- DONT_TOUCH metric completed in 6 seconds
 -I- MARK_DEBUG metric completed in 3 seconds
 -I- utilization metrics completed in 1 seconds
 -I- control set metrics completed in 1 seconds
 -I- methodology check metrics completed in 7 seconds
 -I- average fanout metrics completed in 27 seconds (4 modules)
 -I- Generated file C:/Users/hp/HW-AFDM-OTFS/hls/proj/mp_S16_small/sol/impl/verilog/report/synth.AVGFO.rpt
 -I- non-FD high fanout nets completed in 13 seconds
 -I- path budgeting metrics completed in 8 seconds
#  +------------------------------------------------------------------------------------------+
#  | Design Summary                                                                           |
#  | design_1                                                                                 |
#  | xc7z020clg484-1                                                                          |
#  +-----------------------------------------------------------+-----------+---------+--------+
#  | Criteria                                                  | Guideline | Actual  | Status |
#  +-----------------------------------------------------------+-----------+---------+--------+
#  | LUT                                                       | 70%       | 85.20%  | REVIEW |
#  | FD                                                        | 50%       | 35.77%  | OK     |
#  | LUTRAM+SRL                                                | 25%       | 11.30%  | OK     |
#  | MUXF7                                                     | 15%       | 0.02%   | OK     |
#  | LUT Combining                                             | 20%       | 25.76%  | REVIEW |
#  | DSP                                                       | 80%       | 100.00% | REVIEW |
#  | RAMB/FIFO                                                 | 80%       | 11.43%  | OK     |
#  | DSP+RAMB+URAM (Avg)                                       | 70%       | 55.72%  | OK     |
#  | BUFGCE* + BUFGCTRL                                        | 24        | 0       | OK     |
#  | DONT_TOUCH (cells/nets)                                   | 0         | 0       | OK     |
#  | MARK_DEBUG (nets)                                         | 0         | 0       | OK     |
#  | Control Sets                                              | 998       | 128     | OK     |
#  | Average Fanout for modules > 100k cells                   | 4         | 2.27    | OK     |
#  | Max Average Fanout for modules > 100k cells               | 4         | 2.27    | OK     |
#  | Non-FD high fanout nets > 10k loads                       | 0         | 0       | OK     |
#  +-----------------------------------------------------------+-----------+---------+--------+
#  | TIMING-6 (No common primary clock between related clocks) | 0         | 0       | OK     |
#  | TIMING-7 (No common node between related clocks)          | 0         | 0       | OK     |
#  | TIMING-8 (No common period between related clocks)        | 0         | 0       | OK     |
#  | TIMING-14 (LUT on the clock tree)                         | 0         | 0       | OK     |
#  | TIMING-35 (No common node in paths with the same clock)   | 0         | 0       | OK     |
#  +-----------------------------------------------------------+-----------+---------+--------+
#  | Number of paths above max LUT budgeting (0.575ns)         | 0         | 0       | OK     |
#  | Number of paths above max Net budgeting (0.403ns)         | 0         | 0       | OK     |
#  +-----------------------------------------------------------+-----------+---------+--------+
 -I- Generated file C:/Users/hp/HW-AFDM-OTFS/hls/proj/mp_S16_small/sol/impl/verilog/report/mp_detect_failfast_synth.rpt
 -I- Number of criteria to review: 3
 -I- This report should be run before placing the design and uses conservative guidelines beyond which runtime and timing closure will likely be more challenging
 -I- report_failfast completed in 71 seconds
TIMESTAMP: HLS-REPORT: synthesis gen_data_dict_vivado: 2026-09-29 21:14:55 +0530
TIMESTAMP: HLS-REPORT: synth extract_util_hier: 2026-09-29 21:14:55 +0530
TIMESTAMP: HLS-REPORT: synth get_cell_hier_data: 2026-09-29 21:14:55 +0530
TIMESTAMP: HLS-REPORT: synth get_timing_paths: 2026-09-29 21:14:56 +0530
TIMESTAMP: HLS-REPORT: synth process timing paths: 2026-09-29 21:14:56 +0530
TIMESTAMP: HLS-REPORT: synth get_all_vv_rpt_files: 2026-09-29 21:14:56 +0530
TIMESTAMP: HLS-REPORT: synthesis write_reports_vivado: 2026-09-29 21:14:56 +0530
HLS EXTRACTION: synth area_totals:  0 53200 106400 220 280 0 0
HLS EXTRACTION: synth area_current: 0 45329 38058 220 32 0 1959 0 0 0
HLS EXTRACTION: synth resources_dict: AVAIL_LUT 53200 LUT 45329 AVAIL_FF 106400 FF 38058 AVAIL_DSP 220 DSP 220 AVAIL_BRAM 280 BRAM 32 AVAIL_URAM 0 URAM 0 LATCH 0 SRL 1959 AVAIL_CLB 0 CLB 0
INFO: HLS-REPORT: generated C:/Users/hp/HW-AFDM-OTFS/hls/proj/mp_S16_small/sol/impl/verilog/report/vivado_syn.xml
INFO: HLS-REPORT: generated C:/Users/hp/HW-AFDM-OTFS/hls/proj/mp_S16_small/sol/impl/report/verilog/mp_detect_export.rpt


Implementation tool: Xilinx Vivado v.2025.2
Project:             mp_S16_small
Solution:            sol
Device target:       xc7z020-clg484-1
Report date:         Tue Sep 29 21:14:57 +0530 2026

#=== Post-Synthesis Resource usage ===
SLICE:            0
LUT:          45329
FF:           38058
DSP:            220
BRAM:            32
URAM:             0
LATCH:            0
SRL:           1959
CLB:              0

#=== Final timing ===
CP required:                     10.000
CP achieved post-synthesis:      12.575
Timing not met

TIMESTAMP: HLS-REPORT: synthesis end: 2026-09-29 21:14:57 +0530
# if { $has_impl } {
#   # launch run impl
#   if { [llength $impl_props] } {
#     set_property -dict $impl_props [get_runs impl_1]
#   }
#   launch_runs impl_1
#   wait_on_run impl_1
#   # impl reports
#   hls_vivado_reports_impl impl_1 $report_options
# }
INFO: [Timing 38-480] Writing timing data to binary archive.
Write ShapeDB Complete: Time (s): cpu = 00:00:01 ; elapsed = 00:00:00.389 . Memory (MB): peak = 2913.402 ; gain = 0.000
WARNING: [Common 17-210] 'write_hwdef' is deprecated.
[Tue Sep 29 21:15:04 2026] Launched impl_1...
Run output will be captured here: C:/Users/hp/HW-AFDM-OTFS/hls/proj/mp_S16_small/sol/impl/verilog/project.runs/impl_1/runme.log
launch_runs: Time (s): cpu = 00:00:11 ; elapsed = 00:00:08 . Memory (MB): peak = 2913.402 ; gain = 0.000
[Tue Sep 29 21:15:04 2026] Waiting for impl_1 to finish...


*** Running vivado
    with args -log bd_0_wrapper.vdi -applog -m64 -product Vivado -messageDb vivado.pb -mode batch -source bd_0_wrapper.tcl -notrace



****** Vivado v2025.2 (64-bit)
  **** SW Build 6299465 on Fri Nov 14 19:35:11 GMT 2025
  **** IP Build 6300035 on Fri Nov 14 10:48:45 MST 2025
  **** SharedData Build 6298862 on Thu Nov 13 04:50:51 MST 2025
  **** Start of session at: Tue Sep 29 21:15:11 2026
    ** Copyright 1986-2022 Xilinx, Inc. All Rights Reserved.
    ** Copyright 2022-2025 Advanced Micro Devices, Inc. All Rights Reserved.

source bd_0_wrapper.tcl -notrace
Command: open_checkpoint C:/Users/hp/HW-AFDM-OTFS/hls/proj/mp_S16_small/sol/impl/verilog/project.runs/impl_1/bd_0_wrapper.dcp
INFO: [Device 21-403] Loading part xc7z020clg484-1
Netlist sorting complete. Time (s): cpu = 00:00:01 ; elapsed = 00:00:00.893 . Memory (MB): peak = 908.809 ; gain = 0.000
INFO: [Netlist 29-17] Analyzing 10037 Unisim elements for replacement
INFO: [Netlist 29-28] Unisim Transformation completed in 0 CPU seconds
INFO: [Project 1-479] Netlist was created with Vivado 2025.2
INFO: [Project 1-570] Preparing netlist for logic optimization
Read ShapeDB Complete: Time (s): cpu = 00:00:00 ; elapsed = 00:00:00.429 . Memory (MB): peak = 1082.352 ; gain = 28.070
INFO: [Timing 38-478] Restoring timing data from binary archive.
INFO: [Timing 38-479] Binary timing data restore complete.
INFO: [Project 1-856] Restoring constraints from binary archive.
INFO: [Project 1-853] Binary constraint restore complete.
Netlist sorting complete. Time (s): cpu = 00:00:00 ; elapsed = 00:00:00.031 . Memory (MB): peak = 1814.883 ; gain = 0.000
INFO: [Project 1-111] Unisim Transformation Summary:
  A total of 2 instances were transformed.
  RAM256X1S => RAM256X1S (MUXF7(x2), MUXF8, RAMS64E(x4)): 2 instances

INFO: [Project 1-604] Checkpoint was created with Vivado v2025.2 (64-bit) build 6299465
open_checkpoint: Time (s): cpu = 00:00:32 ; elapsed = 00:00:29 . Memory (MB): peak = 1814.883 ; gain = 1506.004
INFO: [IP_Flow 19-234] Refreshing IP repositories
INFO: [IP_Flow 19-1700] Loaded user IP repository 'c:/Users/hp/HW-AFDM-OTFS/hls/proj/mp_S16_small/sol/impl/ip'.
INFO: [IP_Flow 19-2313] Loaded Vivado IP repository 'D:/2025.2/Vivado/data/ip'.
Command: opt_design
Attempting to get a license for feature 'Implementation' and/or device 'xc7z020'
INFO: [Common 17-349] Got license for feature 'Implementation' and/or device 'xc7z020'
Running DRC as a precondition to command opt_design

Starting DRC Task
INFO: [DRC 23-27] Running DRC with 2 threads
WARNING: [DRC 23-814] Not all possible (connectivity based) DRCs may have been run because this design is seen as Out of Context.
INFO: [Project 1-461] DRC finished with 0 Errors
INFO: [Project 1-462] Please refer to the DRC report (report_drc) for more information.

Time (s): cpu = 00:00:01 ; elapsed = 00:00:00.729 . Memory (MB): peak = 1814.883 ; gain = 0.000

Starting Cache Timing Information Task
Ending Cache Timing Information Task | Checksum: 13e4f0a5f

Time (s): cpu = 00:00:00 ; elapsed = 00:00:00.127 . Memory (MB): peak = 1814.883 ; gain = 0.000

Starting Logic Optimization Task

Phase 1 Initialization

Phase 1.1 Core Generation And Design Setup
Phase 1.1 Core Generation And Design Setup | Checksum: 13e4f0a5f

Time (s): cpu = 00:00:00 ; elapsed = 00:00:00.064 . Memory (MB): peak = 2224.941 ; gain = 0.000

Phase 1.2 Setup Constraints And Sort Netlist
Phase 1.2 Setup Constraints And Sort Netlist | Checksum: 13e4f0a5f

Time (s): cpu = 00:00:00 ; elapsed = 00:00:00.122 . Memory (MB): peak = 2224.941 ; gain = 0.000
Phase 1 Initialization | Checksum: 13e4f0a5f

Time (s): cpu = 00:00:00 ; elapsed = 00:00:00.128 . Memory (MB): peak = 2224.941 ; gain = 0.000

Phase 2 Timer Update And Timing Data Collection

Phase 2.1 Detect if minReqCache needed
Phase 2.1 Detect if minReqCache needed | Checksum: 13e4f0a5f

Time (s): cpu = 00:00:00 ; elapsed = 00:00:00.458 . Memory (MB): peak = 2227.141 ; gain = 2.199

Phase 2.2 Timer Update
Phase 2.2 Timer Update | Checksum: 13e4f0a5f

Time (s): cpu = 00:00:00 ; elapsed = 00:00:00.548 . Memory (MB): peak = 2227.141 ; gain = 2.199
Phase 2 Timer Update And Timing Data Collection | Checksum: 13e4f0a5f

Time (s): cpu = 00:00:00 ; elapsed = 00:00:00.560 . Memory (MB): peak = 2227.141 ; gain = 2.199

Phase 3 Retarget
INFO: [Opt 31-1851] Number of loadless carry chains removed were: 0
INFO: [Opt 31-1834] Total Chains To Be Transformed Were: 0 AND Number of Transformed insts Created are: 0
INFO: [Opt 31-138] Pushed 0 inverter(s) to 0 load pin(s).
INFO: [Opt 31-49] Retargeted 0 cell(s).
Phase 3 Retarget | Checksum: b8d8fa31

Time (s): cpu = 00:00:02 ; elapsed = 00:00:02 . Memory (MB): peak = 2227.141 ; gain = 2.199
Retarget | Checksum: b8d8fa31
INFO: [Opt 31-389] Phase Retarget created 1 cells and removed 1 cells

Phase 4 Constant propagation
INFO: [Opt 31-138] Pushed 0 inverter(s) to 0 load pin(s).
Phase 4 Constant propagation | Checksum: a87fbecd

Time (s): cpu = 00:00:05 ; elapsed = 00:00:05 . Memory (MB): peak = 2227.141 ; gain = 2.199
Constant propagation | Checksum: a87fbecd
INFO: [Opt 31-389] Phase Constant propagation created 1855 cells and removed 4134 cells

Phase 5 Sweep
INFO: [Constraints 18-11670] Building netlist checker database with flags, 0x8
Done building netlist checker database: Time (s): cpu = 00:00:00 ; elapsed = 00:00:00.044 . Memory (MB): peak = 2227.141 ; gain = 0.000
INFO: [Constraints 18-11670] Building netlist checker database with flags, 0x8
Done building netlist checker database: Time (s): cpu = 00:00:00 ; elapsed = 00:00:00.032 . Memory (MB): peak = 2227.141 ; gain = 0.000
Phase 5 Sweep | Checksum: 14836490b

Time (s): cpu = 00:00:06 ; elapsed = 00:00:07 . Memory (MB): peak = 2227.141 ; gain = 2.199
Sweep | Checksum: 14836490b
INFO: [Opt 31-389] Phase Sweep created 0 cells and removed 2 cells

Phase 6 BUFG optimization
Phase 6 BUFG optimization | Checksum: 14836490b

Time (s): cpu = 00:00:07 ; elapsed = 00:00:07 . Memory (MB): peak = 2227.141 ; gain = 2.199
BUFG optimization | Checksum: 14836490b
INFO: [Opt 31-662] Phase BUFG optimization created 0 cells of which 0 are BUFGs and removed 0 cells.

Phase 7 Shift Register Optimization
INFO: [Opt 31-1064] SRL Remap converted 0 SRLs to 0 registers and converted 0 registers of register chains to 0 SRLs
Phase 7 Shift Register Optimization | Checksum: 14836490b

Time (s): cpu = 00:00:07 ; elapsed = 00:00:08 . Memory (MB): peak = 2227.141 ; gain = 2.199
Shift Register Optimization | Checksum: 14836490b
INFO: [Opt 31-389] Phase Shift Register Optimization created 0 cells and removed 0 cells

Phase 8 Post Processing Netlist
INFO: [Opt 31-1566] Pulled 6 inverters resulting in an inversion of 24 pins
Phase 8 Post Processing Netlist | Checksum: 72029380

Time (s): cpu = 00:00:07 ; elapsed = 00:00:08 . Memory (MB): peak = 2227.141 ; gain = 2.199
Post Processing Netlist | Checksum: 72029380
INFO: [Opt 31-389] Phase Post Processing Netlist created 0 cells and removed 6 cells

Phase 9 Finalization

Phase 9.1 Finalizing Design Cores and Updating Shapes
Phase 9.1 Finalizing Design Cores and Updating Shapes | Checksum: 1d048561b

Time (s): cpu = 00:00:13 ; elapsed = 00:00:13 . Memory (MB): peak = 2227.141 ; gain = 2.199

Phase 9.2 Verifying Netlist Connectivity

Starting Connectivity Check Task

Time (s): cpu = 00:00:00 ; elapsed = 00:00:00.148 . Memory (MB): peak = 2227.141 ; gain = 0.000
Phase 9.2 Verifying Netlist Connectivity | Checksum: 1d048561b

Time (s): cpu = 00:00:13 ; elapsed = 00:00:13 . Memory (MB): peak = 2227.141 ; gain = 2.199
Phase 9 Finalization | Checksum: 1d048561b

Time (s): cpu = 00:00:13 ; elapsed = 00:00:13 . Memory (MB): peak = 2227.141 ; gain = 2.199
Opt_design Change Summary
=========================


-------------------------------------------------------------------------------------------------------------------------
|  Phase                        |  #Cells created  |  #Cells Removed  |  #Constrained objects preventing optimizations  |
-------------------------------------------------------------------------------------------------------------------------
|  Retarget                     |               1  |               1  |                                              0  |
|  Constant propagation         |            1855  |            4134  |                                              0  |
|  Sweep                        |               0  |               2  |                                              0  |
|  BUFG optimization            |               0  |               0  |                                              0  |
|  Shift Register Optimization  |               0  |               0  |                                              0  |
|  Post Processing Netlist      |               0  |               6  |                                              0  |
-------------------------------------------------------------------------------------------------------------------------


Ending Logic Optimization Task | Checksum: 1d048561b

Time (s): cpu = 00:00:13 ; elapsed = 00:00:13 . Memory (MB): peak = 2227.141 ; gain = 2.199

Starting Power Optimization Task
INFO: [Pwropt 34-132] Skipping clock gating for clocks with a period < 2.00 ns.
INFO: [Pwropt 34-9] Applying IDT optimizations ...
INFO: [Pwropt 34-10] Applying ODC optimizations ...
INFO: [Timing 38-35] Done setting XDC timing constraints.
Running Vector-less Activity Propagation...

Finished Running Vector-less Activity Propagation


Starting PowerOpt Patch Enables Task
INFO: [Pwropt 34-162] WRITE_MODE attribute of 0 BRAM(s) out of a total of 20 has been updated to save power. Run report_power_opt to get a complete listing of the BRAMs updated.
INFO: [Pwropt 34-201] Structural ODC has moved 0 WE to EN ports
Number of BRAM Ports augmented: 8 newly gated: 0 Total Ports: 40
Ending PowerOpt Patch Enables Task | Checksum: 14250c588

Time (s): cpu = 00:00:01 ; elapsed = 00:00:00.377 . Memory (MB): peak = 2413.395 ; gain = 0.000
Ending Power Optimization Task | Checksum: 14250c588

Time (s): cpu = 00:00:40 ; elapsed = 00:00:24 . Memory (MB): peak = 2413.395 ; gain = 186.254

Starting Final Cleanup Task

Starting Logic Optimization Task
INFO: [Timing 38-35] Done setting XDC timing constraints.
Ending Logic Optimization Task | Checksum: 168efc828

Time (s): cpu = 00:00:10 ; elapsed = 00:00:07 . Memory (MB): peak = 2413.395 ; gain = 0.000
Ending Final Cleanup Task | Checksum: 168efc828

Time (s): cpu = 00:00:14 ; elapsed = 00:00:11 . Memory (MB): peak = 2413.395 ; gain = 0.000
Netlist sorting complete. Time (s): cpu = 00:00:00 ; elapsed = 00:00:00.033 . Memory (MB): peak = 2413.395 ; gain = 0.000
INFO: [Common 17-83] Releasing license: Implementation
41 Infos, 1 Warnings, 0 Critical Warnings and 0 Errors encountered.
opt_design completed successfully
opt_design: Time (s): cpu = 00:01:12 ; elapsed = 00:00:53 . Memory (MB): peak = 2413.395 ; gain = 598.512
INFO: [Vivado 12-24828] Executing command : report_drc -file bd_0_wrapper_drc_opted.rpt -pb bd_0_wrapper_drc_opted.pb -rpx bd_0_wrapper_drc_opted.rpx
Command: report_drc -file bd_0_wrapper_drc_opted.rpt -pb bd_0_wrapper_drc_opted.pb -rpx bd_0_wrapper_drc_opted.rpx
INFO: [IP_Flow 19-1839] IP Catalog is up to date.
INFO: [DRC 23-27] Running DRC with 2 threads
WARNING: [DRC 23-814] Not all possible (connectivity based) DRCs may have been run because this design is seen as Out of Context.
INFO: [Vivado_Tcl 2-168] The results of DRC are in file C:/Users/hp/HW-AFDM-OTFS/hls/proj/mp_S16_small/sol/impl/verilog/project.runs/impl_1/bd_0_wrapper_drc_opted.rpt.
report_drc completed successfully
INFO: [Timing 38-35] Done setting XDC timing constraints.
INFO: [Timing 38-480] Writing timing data to binary archive.
Write ShapeDB Complete: Time (s): cpu = 00:00:02 ; elapsed = 00:00:00.432 . Memory (MB): peak = 2413.395 ; gain = 0.000
INFO: [Common 17-1381] The checkpoint 'C:/Users/hp/HW-AFDM-OTFS/hls/proj/mp_S16_small/sol/impl/verilog/project.runs/impl_1/bd_0_wrapper_opt.dcp' has been generated.
write_checkpoint: Time (s): cpu = 00:00:19 ; elapsed = 00:00:12 . Memory (MB): peak = 2413.395 ; gain = 0.000
Command: place_design
Attempting to get a license for feature 'Implementation' and/or device 'xc7z020'
INFO: [Common 17-349] Got license for feature 'Implementation' and/or device 'xc7z020'
INFO: [Common 17-83] Releasing license: Implementation
INFO: [DRC 23-27] Running DRC with 2 threads
WARNING: [DRC 23-814] Not all possible (connectivity based) DRCs may have been run because this design is seen as Out of Context.
INFO: [Vivado_Tcl 4-198] DRC finished with 0 Errors
INFO: [Vivado_Tcl 4-199] Please refer to the DRC report (report_drc) for more information.
Running DRC as a precondition to command place_design
INFO: [DRC 23-27] Running DRC with 2 threads
WARNING: [DRC 23-814] Not all possible (connectivity based) DRCs may have been run because this design is seen as Out of Context.
INFO: [Vivado_Tcl 4-198] DRC finished with 0 Errors
INFO: [Vivado_Tcl 4-199] Please refer to the DRC report (report_drc) for more information.
INFO: [Place 30-611] Multithreading enabled for place_design using a maximum of 2 CPUs

Starting Placer Task

Phase 1 Placer Initialization

Phase 1.1 Placer Initialization Netlist Sorting
Netlist sorting complete. Time (s): cpu = 00:00:00 ; elapsed = 00:00:00.039 . Memory (MB): peak = 2413.395 ; gain = 0.000
Phase 1.1 Placer Initialization Netlist Sorting | Checksum: 111235ac9

Time (s): cpu = 00:00:00 ; elapsed = 00:00:00.052 . Memory (MB): peak = 2413.395 ; gain = 0.000
Netlist sorting complete. Time (s): cpu = 00:00:00 ; elapsed = 00:00:00.037 . Memory (MB): peak = 2413.395 ; gain = 0.000

Phase 1.2 IO Placement/ Clock Placement/ Build Placer Device
Phase 1.2 IO Placement/ Clock Placement/ Build Placer Device | Checksum: 108353b42

Time (s): cpu = 00:00:07 ; elapsed = 00:00:05 . Memory (MB): peak = 2413.395 ; gain = 0.000

Phase 1.3 Build Placer Netlist Model
WARNING: [Place 30-34] Design utilization is very high. Please run report_utilization command to see design utilization.
Phase 1.3 Build Placer Netlist Model | Checksum: 1215c98d7

Time (s): cpu = 00:00:47 ; elapsed = 00:00:30 . Memory (MB): peak = 2413.395 ; gain = 0.000

Phase 1.4 Constrain Clocks/Macros
Phase 1.4 Constrain Clocks/Macros | Checksum: 1215c98d7

Time (s): cpu = 00:00:47 ; elapsed = 00:00:30 . Memory (MB): peak = 2413.395 ; gain = 0.000
Phase 1 Placer Initialization | Checksum: 1215c98d7

Time (s): cpu = 00:00:47 ; elapsed = 00:00:30 . Memory (MB): peak = 2413.395 ; gain = 0.000

Phase 2 Global Placement

Phase 2.1 Floorplanning
Phase 2.1 Floorplanning | Checksum: 192277a08

Time (s): cpu = 00:01:25 ; elapsed = 00:00:50 . Memory (MB): peak = 2413.395 ; gain = 0.000

Phase 2.2 Update Timing before SLR Path Opt
Phase 2.2 Update Timing before SLR Path Opt | Checksum: 1f2bc68a8

Time (s): cpu = 00:01:58 ; elapsed = 00:01:07 . Memory (MB): peak = 2413.395 ; gain = 0.000

Phase 2.3 Post-Processing in Floorplanning
Phase 2.3 Post-Processing in Floorplanning | Checksum: 1f2bc68a8

Time (s): cpu = 00:01:58 ; elapsed = 00:01:08 . Memory (MB): peak = 2413.395 ; gain = 0.000

Phase 2.4 Global Place Phase1
Phase 2.4 Global Place Phase1 | Checksum: 233da5a1b

Time (s): cpu = 00:04:38 ; elapsed = 00:02:42 . Memory (MB): peak = 2413.395 ; gain = 0.000

Phase 2.5 Global Place Phase2

Phase 2.5.1 UpdateTiming Before Physical Synthesis
Phase 2.5.1 UpdateTiming Before Physical Synthesis | Checksum: 23b69dd8b

Time (s): cpu = 00:05:02 ; elapsed = 00:02:55 . Memory (MB): peak = 2413.395 ; gain = 0.000

Phase 2.5.2 Physical Synthesis In Placer
INFO: [Physopt 32-1035] Found 286 LUTNM shape to break, 1610 LUT instances to create LUTNM shape
INFO: [Physopt 32-1044] Break lutnm for timing: one critical 130, two critical 156, total 0, new lutff created 0
INFO: [Physopt 32-1138] End 1 Pass. Optimized 468 nets or LUTs. Breaked 0 LUT, combined 468 existing LUTs and moved 0 existing LUT
INFO: [Physopt 32-1408] Pass 1. Identified 8 candidate nets for high-fanout optimization.
INFO: [Physopt 32-81] Processed net bd_0_i/hls_inst/inst/grp_mp_detect_Pipeline_obs_fu_166/ap_CS_fsm_pp0_stage7. Replicated 15 times.
INFO: [Physopt 32-81] Processed net bd_0_i/hls_inst/inst/grp_mp_detect_Pipeline_obs_fu_166/ap_CS_fsm_pp0_stage0. Replicated 18 times.
INFO: [Physopt 32-81] Processed net bd_0_i/hls_inst/inst/grp_mp_detect_Pipeline_obs_fu_166/ap_CS_fsm_pp0_stage1. Replicated 24 times.
INFO: [Physopt 32-81] Processed net bd_0_i/hls_inst/inst/grp_mp_detect_Pipeline_obs_fu_166/ap_CS_fsm_pp0_stage6. Replicated 13 times.
INFO: [Physopt 32-81] Processed net bd_0_i/hls_inst/inst/grp_mp_detect_Pipeline_obs_fu_166/ap_CS_fsm_pp0_stage3. Replicated 25 times.
INFO: [Physopt 32-81] Processed net bd_0_i/hls_inst/inst/grp_mp_detect_Pipeline_obs_fu_166/ap_CS_fsm_pp0_stage2. Replicated 24 times.
INFO: [Physopt 32-81] Processed net bd_0_i/hls_inst/inst/grp_mp_detect_Pipeline_obs_fu_166/ap_CS_fsm_pp0_stage4. Replicated 17 times.
INFO: [Physopt 32-81] Processed net bd_0_i/hls_inst/inst/grp_mp_detect_Pipeline_obs_fu_166/ap_CS_fsm_pp0_stage5. Replicated 14 times.
INFO: [Physopt 32-232] Optimized 8 nets. Created 150 new instances.
INFO: [Physopt 32-775] End 1 Pass. Optimized 8 nets or cells. Created 150 new cells, deleted 0 existing cell and moved 0 existing cell
Netlist sorting complete. Time (s): cpu = 00:00:01 ; elapsed = 00:00:00.455 . Memory (MB): peak = 2413.395 ; gain = 0.000
INFO: [Physopt 32-457] Pass 1. Identified 3 candidate cells for DSP register optimization.
INFO: [Physopt 32-665] Processed cell bd_0_i/hls_inst/inst/grp_mp_detect_Pipeline_obs_fu_166/am_addmul_20s_20s_14ns_35_4_1_U431/mp_detect_am_addmul_20s_20s_14ns_35_4_1_DSP48_0_U/p_reg_reg. 14 registers were pushed out.
INFO: [Physopt 32-665] Processed cell bd_0_i/hls_inst/inst/grp_mp_detect_Pipeline_obs_fu_166/am_addmul_20s_20s_14ns_35_4_1_U436/mp_detect_am_addmul_20s_20s_14ns_35_4_1_DSP48_0_U/p_reg_reg. 14 registers were pushed out.
INFO: [Physopt 32-665] Processed cell bd_0_i/hls_inst/inst/grp_mp_detect_Pipeline_obs_fu_166/am_addmul_20s_20s_14ns_35_4_1_U427/mp_detect_am_addmul_20s_20s_14ns_35_4_1_DSP48_0_U/p_reg_reg. 14 registers were pushed out.
INFO: [Physopt 32-775] End 2 Pass. Optimized 3 nets or cells. Created 42 new cells, deleted 0 existing cell and moved 0 existing cell
Netlist sorting complete. Time (s): cpu = 00:00:00 ; elapsed = 00:00:00.045 . Memory (MB): peak = 2413.395 ; gain = 0.000
INFO: [Physopt 32-1123] No candidate cells found for Shift Register to Pipeline optimization
INFO: [Physopt 32-775] End 2 Pass. Optimized 0 net or cell. Created 0 new cell, deleted 0 existing cell and moved 0 existing cell
INFO: [Physopt 32-1402] Pass 1: Identified 4 candidate cells for Shift Register optimization.
INFO: [Physopt 32-775] End 1 Pass. Optimized 4 nets or cells. Created 6 new cells, deleted 0 existing cell and moved 0 existing cell
Netlist sorting complete. Time (s): cpu = 00:00:00 ; elapsed = 00:00:00.423 . Memory (MB): peak = 2413.395 ; gain = 0.000
INFO: [Physopt 32-527] Pass 1: Identified 4 candidate cells for BRAM register optimization
INFO: [Physopt 32-665] Processed cell bd_0_i/hls_inst/inst/mp_detect_cdata_const_ap_uint_const_16_ctap_const_16_ap_ufixed_ap_ufi_3_U/ram_reg_0. 9 registers were pushed out.
INFO: [Physopt 32-665] Processed cell bd_0_i/hls_inst/inst/mp_detect_cdata_const_ap_uint_const_16_ctap_const_16_ap_ufixed_ap_ufi_U/ram_reg_0. 9 registers were pushed out.
INFO: [Physopt 32-665] Processed cell bd_0_i/hls_inst/inst/mp_detect_cdata_const_ap_uint_const_16_ctap_const_16_ap_ufixed_ap_ufi_2_U/ram_reg_0. 9 registers were pushed out.
INFO: [Physopt 32-665] Processed cell bd_0_i/hls_inst/inst/mp_detect_cdata_const_ap_uint_const_16_ctap_const_16_ap_ufixed_ap_ufi_1_U/ram_reg_0. 9 registers were pushed out.
INFO: [Physopt 32-775] End 1 Pass. Optimized 4 nets or cells. Created 36 new cells, deleted 0 existing cell and moved 0 existing cell
Netlist sorting complete. Time (s): cpu = 00:00:00 ; elapsed = 00:00:00.112 . Memory (MB): peak = 2413.395 ; gain = 0.000
INFO: [Physopt 32-846] No candidate cells for URAM register optimization found in the design
INFO: [Physopt 32-775] End 1 Pass. Optimized 0 net or cell. Created 0 new cell, deleted 0 existing cell and moved 0 existing cell
INFO: [Physopt 32-846] No candidate cells for URAM register optimization found in the design
INFO: [Physopt 32-775] End 1 Pass. Optimized 0 net or cell. Created 0 new cell, deleted 0 existing cell and moved 0 existing cell
INFO: [Physopt 32-949] No candidate nets found for dynamic/static region interface net replication
INFO: [Physopt 32-775] End 1 Pass. Optimized 0 net or cell. Created 0 new cell, deleted 0 existing cell and moved 0 existing cell
Netlist sorting complete. Time (s): cpu = 00:00:01 ; elapsed = 00:00:00.032 . Memory (MB): peak = 2413.395 ; gain = 0.000
INFO: [Physopt 32-68] No nets found for critical-cell optimization.
INFO: [Physopt 32-232] Optimized 0 net. Created 0 new instance.
INFO: [Physopt 32-775] End 1 Pass. Optimized 0 net or cell. Created 0 new cell, deleted 0 existing cell and moved 0 existing cell
Netlist sorting complete. Time (s): cpu = 00:00:00 ; elapsed = 00:00:00.035 . Memory (MB): peak = 2413.395 ; gain = 0.000

Summary of Physical Synthesis Optimizations
============================================


-----------------------------------------------------------------------------------------------------------------------------------------------------------
|  Optimization                                     |  Added Cells  |  Removed Cells  |  Optimized Cells/Nets  |  Dont Touch  |  Iterations  |  Elapsed   |
-----------------------------------------------------------------------------------------------------------------------------------------------------------
|  LUT Combining                                    |            0  |            468  |                   468  |           0  |           1  |  00:00:01  |
|  Retime                                           |            0  |              0  |                     0  |           0  |           1  |  00:00:00  |
|  Very High Fanout                                 |          150  |              0  |                     8  |           0  |           1  |  00:00:07  |
|  DSP Register                                     |           42  |              0  |                     3  |           0  |           1  |  00:00:00  |
|  Shift Register to Pipeline                       |            0  |              0  |                     0  |           0  |           1  |  00:00:00  |
|  Shift Register                                   |            6  |              0  |                     4  |           0  |           1  |  00:00:00  |
|  BRAM Register                                    |           36  |              0  |                     4  |           0  |           1  |  00:00:00  |
|  URAM Register                                    |            0  |              0  |                     0  |           0  |           1  |  00:00:00  |
|  Dynamic/Static Region Interface Net Replication  |            0  |              0  |                     0  |           0  |           1  |  00:00:00  |
|  Critical Cell                                    |            0  |              0  |                     0  |           0  |           1  |  00:00:00  |
|  Total                                            |          234  |            468  |                   487  |           0  |          10  |  00:00:09  |
-----------------------------------------------------------------------------------------------------------------------------------------------------------


Phase 2.5.2 Physical Synthesis In Placer | Checksum: 1403c1a91

Time (s): cpu = 00:05:33 ; elapsed = 00:03:17 . Memory (MB): peak = 2413.395 ; gain = 0.000
Phase 2.5 Global Place Phase2 | Checksum: 1b9952f1e

Time (s): cpu = 00:05:36 ; elapsed = 00:03:20 . Memory (MB): peak = 2413.395 ; gain = 0.000
Phase 2 Global Placement | Checksum: 1b9952f1e

Time (s): cpu = 00:05:36 ; elapsed = 00:03:20 . Memory (MB): peak = 2413.395 ; gain = 0.000

Phase 3 Detail Placement

Phase 3.1 Commit Multi Column Macros
Phase 3.1 Commit Multi Column Macros | Checksum: 231bd73ca

Time (s): cpu = 00:05:56 ; elapsed = 00:03:30 . Memory (MB): peak = 2413.395 ; gain = 0.000

Phase 3.2 Commit Most Macros & LUTRAMs
Phase 3.2 Commit Most Macros & LUTRAMs | Checksum: 1b7b75f51

Time (s): cpu = 00:06:37 ; elapsed = 00:03:58 . Memory (MB): peak = 2413.395 ; gain = 0.000

Phase 3.3 Area Swap Optimization
Phase 3.3 Area Swap Optimization | Checksum: 12c3af354

Time (s): cpu = 00:06:38 ; elapsed = 00:03:59 . Memory (MB): peak = 2413.395 ; gain = 0.000

Phase 3.4 Pipeline Register Optimization
Phase 3.4 Pipeline Register Optimization | Checksum: 174f09e67

Time (s): cpu = 00:06:39 ; elapsed = 00:03:59 . Memory (MB): peak = 2413.395 ; gain = 0.000

Phase 3.5 Fast Optimization
Phase 3.5 Fast Optimization | Checksum: 128d6b59f

Time (s): cpu = 00:07:25 ; elapsed = 00:04:26 . Memory (MB): peak = 2413.395 ; gain = 0.000

Phase 3.6 Small Shape Detail Placement
Phase 3.6 Small Shape Detail Placement | Checksum: 15d2a9a10

Time (s): cpu = 00:08:21 ; elapsed = 00:05:26 . Memory (MB): peak = 2413.395 ; gain = 0.000

Phase 3.7 Re-assign LUT pins
Phase 3.7 Re-assign LUT pins | Checksum: 1263e1afc

Time (s): cpu = 00:08:31 ; elapsed = 00:05:36 . Memory (MB): peak = 2413.395 ; gain = 0.000

Phase 3.8 Pipeline Register Optimization
Phase 3.8 Pipeline Register Optimization | Checksum: 155c7d8e8

Time (s): cpu = 00:08:32 ; elapsed = 00:05:37 . Memory (MB): peak = 2413.395 ; gain = 0.000

Phase 3.9 Fast Optimization
Phase 3.9 Fast Optimization | Checksum: 155b06562

Time (s): cpu = 00:09:26 ; elapsed = 00:06:08 . Memory (MB): peak = 2413.395 ; gain = 0.000
Phase 3 Detail Placement | Checksum: 155b06562

Time (s): cpu = 00:09:26 ; elapsed = 00:06:08 . Memory (MB): peak = 2413.395 ; gain = 0.000

Phase 4 Post Placement Optimization and Clean-Up

Phase 4.1 Post Commit Optimization
INFO: [Timing 38-35] Done setting XDC timing constraints.

Phase 4.1.1 Post Placement Optimization
Post Placement Optimization Initialization | Checksum: 203f03457

Phase 4.1.1.1 BUFG Insertion

Starting Physical Synthesis Task

Phase 1 Physical Synthesis Initialization
INFO: [Physopt 32-721] Multithreading enabled for phys_opt_design using a maximum of 2 CPUs
INFO: [Physopt 32-619] Estimated Timing Summary | WNS=-3.880 | TNS=-1203.396 |
Phase 1 Physical Synthesis Initialization | Checksum: 1c8d3b6ee

Time (s): cpu = 00:00:03 ; elapsed = 00:00:02 . Memory (MB): peak = 2413.395 ; gain = 0.000
INFO: [Place 46-56] BUFG insertion identified 0 candidate nets. Inserted BUFG: 0, Replicated BUFG Driver: 0, Skipped due to Placement/Routing Conflicts: 0, Skipped due to Timing Degradation: 0, Skipped due to netlist editing failed: 0.
Ending Physical Synthesis Task | Checksum: 24a298b17

Time (s): cpu = 00:00:03 ; elapsed = 00:00:02 . Memory (MB): peak = 2413.395 ; gain = 0.000
Phase 4.1.1.1 BUFG Insertion | Checksum: 203f03457

Time (s): cpu = 00:10:08 ; elapsed = 00:06:34 . Memory (MB): peak = 2413.395 ; gain = 0.000

Phase 4.1.1.2 Post Placement Timing Optimization
INFO: [Place 30-746] Post Placement Timing Summary WNS=-2.457. For the most accurate timing information please run report_timing.
Phase 4.1.1.2 Post Placement Timing Optimization | Checksum: 174b55431

Time (s): cpu = 00:11:38 ; elapsed = 00:07:42 . Memory (MB): peak = 2413.395 ; gain = 0.000

Time (s): cpu = 00:11:38 ; elapsed = 00:07:42 . Memory (MB): peak = 2413.395 ; gain = 0.000
Phase 4.1 Post Commit Optimization | Checksum: 174b55431

Time (s): cpu = 00:11:38 ; elapsed = 00:07:42 . Memory (MB): peak = 2413.395 ; gain = 0.000

Phase 4.2 Post Placement Cleanup
Phase 4.2 Post Placement Cleanup | Checksum: 174b55431

Time (s): cpu = 00:11:39 ; elapsed = 00:07:43 . Memory (MB): peak = 2413.395 ; gain = 0.000

Phase 4.3 Placer Reporting

Phase 4.3.1 Print Estimated Congestion
INFO: [Place 30-612] Post-Placement Estimated Congestion 
 ____________________________________________________
|           | Global Congestion | Short Congestion  |
| Direction | Region Size       | Region Size       |
|___________|___________________|___________________|
|      North|                4x4|                8x8|
|___________|___________________|___________________|
|      South|                4x4|                4x4|
|___________|___________________|___________________|
|       East|                4x4|                4x4|
|___________|___________________|___________________|
|       West|                2x2|                4x4|
|___________|___________________|___________________|

Phase 4.3.1 Print Estimated Congestion | Checksum: 174b55431

Time (s): cpu = 00:11:40 ; elapsed = 00:07:44 . Memory (MB): peak = 2413.395 ; gain = 0.000
Phase 4.3 Placer Reporting | Checksum: 174b55431

Time (s): cpu = 00:11:40 ; elapsed = 00:07:44 . Memory (MB): peak = 2413.395 ; gain = 0.000

Phase 4.4 Final Placement Cleanup
Netlist sorting complete. Time (s): cpu = 00:00:00 ; elapsed = 00:00:00.035 . Memory (MB): peak = 2413.395 ; gain = 0.000

Time (s): cpu = 00:11:40 ; elapsed = 00:07:44 . Memory (MB): peak = 2413.395 ; gain = 0.000
Phase 4 Post Placement Optimization and Clean-Up | Checksum: d2610726

Time (s): cpu = 00:11:41 ; elapsed = 00:07:44 . Memory (MB): peak = 2413.395 ; gain = 0.000
Ending Placer Task | Checksum: 972beba5

Time (s): cpu = 00:11:41 ; elapsed = 00:07:44 . Memory (MB): peak = 2413.395 ; gain = 0.000
101 Infos, 5 Warnings, 0 Critical Warnings and 0 Errors encountered.
place_design completed successfully
place_design: Time (s): cpu = 00:11:45 ; elapsed = 00:07:47 . Memory (MB): peak = 2413.395 ; gain = 0.000
INFO: [Vivado 12-24838] Running report commands "report_control_sets, report_io, report_utilization" in parallel.
Running report generation with 2 threads.
INFO: [Vivado 12-24828] Executing command : report_io -file bd_0_wrapper_io_placed.rpt
report_io: Time (s): cpu = 00:00:00 ; elapsed = 00:00:00.126 . Memory (MB): peak = 2413.395 ; gain = 0.000
INFO: [Vivado 12-24828] Executing command : report_control_sets -verbose -file bd_0_wrapper_control_sets_placed.rpt
report_control_sets: Time (s): cpu = 00:00:01 ; elapsed = 00:00:00.476 . Memory (MB): peak = 2413.395 ; gain = 0.000
INFO: [Vivado 12-24828] Executing command : report_utilization -file bd_0_wrapper_utilization_placed.rpt -pb bd_0_wrapper_utilization_placed.pb
INFO: [Timing 38-480] Writing timing data to binary archive.
Wrote PlaceDB: Time (s): cpu = 00:00:00 ; elapsed = 00:00:00 . Memory (MB): peak = 2413.395 ; gain = 0.000
Wrote PulsedLatchDB: Time (s): cpu = 00:00:00 ; elapsed = 00:00:00 . Memory (MB): peak = 2413.395 ; gain = 0.000
Writing XDEF routing.
Writing XDEF routing logical nets.
Writing XDEF routing special nets.
Wrote RouteStorage: Time (s): cpu = 00:00:01 ; elapsed = 00:00:00.279 . Memory (MB): peak = 2413.395 ; gain = 0.000
Write ShapeDB Complete: Time (s): cpu = 00:00:03 ; elapsed = 00:00:00.591 . Memory (MB): peak = 2413.395 ; gain = 0.000
Wrote PlaceStorage: Time (s): cpu = 00:00:15 ; elapsed = 00:00:06 . Memory (MB): peak = 2413.395 ; gain = 0.000
Wrote Netlist Cache: Time (s): cpu = 00:00:00 ; elapsed = 00:00:00.198 . Memory (MB): peak = 2413.395 ; gain = 0.000
Wrote Device Cache: Time (s): cpu = 00:00:00 ; elapsed = 00:00:00.017 . Memory (MB): peak = 2413.395 ; gain = 0.000
Write Physdb Complete: Time (s): cpu = 00:00:16 ; elapsed = 00:00:06 . Memory (MB): peak = 2413.395 ; gain = 0.000
INFO: [Common 17-1381] The checkpoint 'C:/Users/hp/HW-AFDM-OTFS/hls/proj/mp_S16_small/sol/impl/verilog/project.runs/impl_1/bd_0_wrapper_placed.dcp' has been generated.
write_checkpoint: Time (s): cpu = 00:00:20 ; elapsed = 00:00:10 . Memory (MB): peak = 2413.395 ; gain = 0.000
Command: phys_opt_design
Attempting to get a license for feature 'Implementation' and/or device 'xc7z020'
INFO: [Common 17-349] Got license for feature 'Implementation' and/or device 'xc7z020'

Starting Initial Update Timing Task
WARNING: [Timing 38-242] The property HD.CLK_SRC of clock port "ap_clk" is not set. In out-of-context mode, this prevents timing estimation for clock delay/skew
Resolution: Set the HD.CLK_SRC property of the out-of-context port to the location of the clock buffer instance in the top-level design

Time (s): cpu = 00:00:30 ; elapsed = 00:00:16 . Memory (MB): peak = 2413.395 ; gain = 0.000
INFO: [Vivado_Tcl 4-1435] PhysOpt_Tcl_Interface Runtime Before Starting Physical Synthesis Task | CPU: 30.00s |  WALL: 16.75s
Netlist sorting complete. Time (s): cpu = 00:00:00 ; elapsed = 00:00:00.036 . Memory (MB): peak = 2413.395 ; gain = 0.000

Starting Physical Synthesis Task

Phase 1 Physical Synthesis Initialization
INFO: [Physopt 32-721] Multithreading enabled for phys_opt_design using a maximum of 2 CPUs
INFO: [Physopt 32-619] Estimated Timing Summary | WNS=-2.457 | TNS=-904.762 |
Phase 1 Physical Synthesis Initialization | Checksum: 19d96e3d7

Time (s): cpu = 00:00:12 ; elapsed = 00:00:10 . Memory (MB): peak = 2428.543 ; gain = 15.148
INFO: [Physopt 32-619] Estimated Timing Summary | WNS=-2.457 | TNS=-904.762 |

Phase 2 DSP Register Optimization
INFO: [Physopt 32-456] No candidate cells for DSP register optimization found in the design.
INFO: [Physopt 32-775] End 2 Pass. Optimized 0 net or cell. Created 0 new cell, deleted 0 existing cell and moved 0 existing cell
Phase 2 DSP Register Optimization | Checksum: 19d96e3d7

Time (s): cpu = 00:00:14 ; elapsed = 00:00:10 . Memory (MB): peak = 2428.543 ; gain = 15.148

Phase 3 Critical Path Optimization
INFO: [Physopt 32-619] Estimated Timing Summary | WNS=-2.457 | TNS=-904.762 |
INFO: [Physopt 32-702] Processed net bd_0_i/hls_inst/inst/grp_mp_detect_Pipeline_obs_fu_166/add_ln62_14_fu_24465_p2_n_81. Optimizations did not improve timing on the net.
INFO: [Physopt 32-81] Processed net bd_0_i/hls_inst/inst/grp_mp_detect_Pipeline_obs_fu_166/tmp_469_reg_87522[0]. Replicated 3 times.
INFO: [Physopt 32-735] Processed net bd_0_i/hls_inst/inst/grp_mp_detect_Pipeline_obs_fu_166/tmp_469_reg_87522[0]. Optimization improves timing on the net.
INFO: [Physopt 32-619] Estimated Timing Summary | WNS=-2.441 | TNS=-903.597 |
INFO: [Physopt 32-81] Processed net bd_0_i/hls_inst/inst/grp_mp_detect_Pipeline_obs_fu_166/xor_ln59_119_reg_87538[0]. Replicated 3 times.
INFO: [Physopt 32-735] Processed net bd_0_i/hls_inst/inst/grp_mp_detect_Pipeline_obs_fu_166/xor_ln59_119_reg_87538[0]. Optimization improves timing on the net.
INFO: [Physopt 32-619] Estimated Timing Summary | WNS=-2.384 | TNS=-902.944 |
INFO: [Physopt 32-81] Processed net bd_0_i/hls_inst/inst/grp_mp_detect_Pipeline_obs_fu_166/tmp_469_reg_87522[0]_repN. Replicated 3 times.
INFO: [Physopt 32-735] Processed net bd_0_i/hls_inst/inst/grp_mp_detect_Pipeline_obs_fu_166/tmp_469_reg_87522[0]_repN. Optimization improves timing on the net.
INFO: [Physopt 32-619] Estimated Timing Summary | WNS=-2.369 | TNS=-902.260 |
INFO: [Physopt 32-663] Processed net bd_0_i/hls_inst/inst/grp_mp_detect_Pipeline_obs_fu_166/ei_164_reg_87527[8].  Re-placed instance bd_0_i/hls_inst/inst/grp_mp_detect_Pipeline_obs_fu_166/ei_164_reg_87527_reg[8]
INFO: [Physopt 32-735] Processed net bd_0_i/hls_inst/inst/grp_mp_detect_Pipeline_obs_fu_166/ei_164_reg_87527[8]. Optimization improves timing on the net.
INFO: [Physopt 32-619] Estimated Timing Summary | WNS=-2.366 | TNS=-902.188 |
INFO: [Physopt 32-601] Processed net bd_0_i/hls_inst/inst/grp_mp_detect_Pipeline_obs_fu_166/tmp_469_reg_87522[0]_repN. Net driver bd_0_i/hls_inst/inst/grp_mp_detect_Pipeline_obs_fu_166/tmp_469_reg_87522_reg[0]_replica was replaced.
INFO: [Physopt 32-735] Processed net bd_0_i/hls_inst/inst/grp_mp_detect_Pipeline_obs_fu_166/tmp_469_reg_87522[0]_repN. Optimization improves timing on the net.
INFO: [Physopt 32-619] Estimated Timing Summary | WNS=-2.364 | TNS=-902.104 |
INFO: [Physopt 32-81] Processed net bd_0_i/hls_inst/inst/grp_mp_detect_Pipeline_obs_fu_166/tmp_469_reg_87522[0]_repN. Replicated 1 times.
INFO: [Physopt 32-735] Processed net bd_0_i/hls_inst/inst/grp_mp_detect_Pipeline_obs_fu_166/tmp_469_reg_87522[0]_repN. Optimization improves timing on the net.
INFO: [Physopt 32-619] Estimated Timing Summary | WNS=-2.361 | TNS=-901.978 |
INFO: [Physopt 32-702] Processed net bd_0_i/hls_inst/inst/grp_mp_detect_Pipeline_obs_fu_166/tmp_469_reg_87522[0]_repN_6. Optimizations did not improve timing on the net.
INFO: [Physopt 32-702] Processed net bd_0_i/hls_inst/inst/grp_mp_detect_Pipeline_obs_fu_166/mul_14s_14s_28_1_1_U257/tmp_product__239_n_0. Optimizations did not improve timing on the net.
INFO: [Physopt 32-702] Processed net bd_0_i/hls_inst/inst/grp_mp_detect_Pipeline_obs_fu_166/mul_14s_14s_28_1_1_U257/tmp_product__239_i_8_n_0. Optimizations did not improve timing on the net.
INFO: [Physopt 32-571] Net bd_0_i/hls_inst/inst/grp_mp_detect_Pipeline_obs_fu_166/mul_14s_14s_28_1_1_U257/tmp_product__239_i_4_n_0 was not replicated.
INFO: [Physopt 32-702] Processed net bd_0_i/hls_inst/inst/grp_mp_detect_Pipeline_obs_fu_166/mul_14s_14s_28_1_1_U257/tmp_product__239_i_4_n_0. Optimizations did not improve timing on the net.
INFO: [Physopt 32-702] Processed net bd_0_i/hls_inst/inst/grp_mp_detect_Pipeline_obs_fu_166/mul_14s_14s_28_1_1_U257/tmp_product__231_n_4. Optimizations did not improve timing on the net.
INFO: [Physopt 32-702] Processed net bd_0_i/hls_inst/inst/grp_mp_detect_Pipeline_obs_fu_166/mul_14s_14s_28_1_1_U257/tmp_product__230_n_0. Optimizations did not improve timing on the net.
INFO: [Physopt 32-702] Processed net bd_0_i/hls_inst/inst/grp_mp_detect_Pipeline_obs_fu_166/mul_14s_14s_28_1_1_U257/tmp_product__230_i_5_n_0. Optimizations did not improve timing on the net.
INFO: [Physopt 32-702] Processed net bd_0_i/hls_inst/inst/grp_mp_detect_Pipeline_obs_fu_166/mul_14s_14s_28_1_1_U257/tmp_product__230_i_1_n_0. Optimizations did not improve timing on the net.
INFO: [Physopt 32-702] Processed net bd_0_i/hls_inst/inst/grp_mp_detect_Pipeline_obs_fu_166/mul_14s_14s_28_1_1_U257/tmp_product__209_n_5. Optimizations did not improve timing on the net.
INFO: [Physopt 32-702] Processed net bd_0_i/hls_inst/inst/grp_mp_detect_Pipeline_obs_fu_166/mul_14s_14s_28_1_1_U257/tmp_product__208_n_0. Optimizations did not improve timing on the net.
INFO: [Physopt 32-608] Optimized 1 net.  Swapped 21 pins.
INFO: [Physopt 32-735] Processed net bd_0_i/hls_inst/inst/grp_mp_detect_Pipeline_obs_fu_166/mul_14s_14s_28_1_1_U257/tmp_product__208_i_1_n_0. Optimization improves timing on the net.
INFO: [Physopt 32-619] Estimated Timing Summary | WNS=-2.336 | TNS=-901.378 |
INFO: [Physopt 32-81] Processed net bd_0_i/hls_inst/inst/grp_mp_detect_Pipeline_obs_fu_166/ei_164_reg_87527[2]. Replicated 3 times.
INFO: [Physopt 32-735] Processed net bd_0_i/hls_inst/inst/grp_mp_detect_Pipeline_obs_fu_166/ei_164_reg_87527[2]. Optimization improves timing on the net.
INFO: [Physopt 32-619] Estimated Timing Summary | WNS=-2.316 | TNS=-900.884 |
INFO: [Physopt 32-702] Processed net bd_0_i/hls_inst/inst/grp_mp_detect_Pipeline_obs_fu_166/ei_164_reg_87527[2]. Optimizations did not improve timing on the net.
INFO: [Physopt 32-702] Processed net bd_0_i/hls_inst/inst/grp_mp_detect_Pipeline_obs_fu_166/mul_14s_14s_28_1_1_U257/tmp_product__195_n_5. Optimizations did not improve timing on the net.
INFO: [Physopt 32-702] Processed net bd_0_i/hls_inst/inst/grp_mp_detect_Pipeline_obs_fu_166/mul_14s_14s_28_1_1_U257/tmp_product__194_n_0. Optimizations did not improve timing on the net.
INFO: [Physopt 32-702] Processed net bd_0_i/hls_inst/inst/grp_mp_detect_Pipeline_obs_fu_166/mul_14s_14s_28_1_1_U257/tmp_product__194_i_3_n_0. Optimizations did not improve timing on the net.
INFO: [Physopt 32-702] Processed net bd_0_i/hls_inst/inst/grp_mp_detect_Pipeline_obs_fu_166/mul_14s_14s_28_1_1_U257/ei_164_reg_87527_reg[2]. Optimizations did not improve timing on the net.
INFO: [Physopt 32-702] Processed net bd_0_i/hls_inst/inst/grp_mp_detect_Pipeline_obs_fu_166/mul_14s_14s_28_1_1_U257/C[27]. Optimizations did not improve timing on the net.
INFO: [Physopt 32-702] Processed net bd_0_i/hls_inst/inst/grp_mp_detect_Pipeline_obs_fu_166/add_ln62_14_fu_24465_p2_n_81. Optimizations did not improve timing on the net.
INFO: [Physopt 32-702] Processed net bd_0_i/hls_inst/inst/grp_mp_detect_Pipeline_obs_fu_166/ei_164_reg_87527[2]. Optimizations did not improve timing on the net.
INFO: [Physopt 32-702] Processed net bd_0_i/hls_inst/inst/grp_mp_detect_Pipeline_obs_fu_166/mul_14s_14s_28_1_1_U257/tmp_product__239_i_8_n_0. Optimizations did not improve timing on the net.
INFO: [Physopt 32-702] Processed net bd_0_i/hls_inst/inst/grp_mp_detect_Pipeline_obs_fu_166/mul_14s_14s_28_1_1_U257/tmp_product__239_i_4_n_0. Optimizations did not improve timing on the net.
INFO: [Physopt 32-702] Processed net bd_0_i/hls_inst/inst/grp_mp_detect_Pipeline_obs_fu_166/mul_14s_14s_28_1_1_U257/tmp_product__231_n_4. Optimizations did not improve timing on the net.
INFO: [Physopt 32-702] Processed net bd_0_i/hls_inst/inst/grp_mp_detect_Pipeline_obs_fu_166/mul_14s_14s_28_1_1_U257/tmp_product__230_i_5_n_0. Optimizations did not improve timing on the net.
INFO: [Physopt 32-702] Processed net bd_0_i/hls_inst/inst/grp_mp_detect_Pipeline_obs_fu_166/mul_14s_14s_28_1_1_U257/tmp_product__230_i_1_n_0. Optimizations did not improve timing on the net.
INFO: [Physopt 32-702] Processed net bd_0_i/hls_inst/inst/grp_mp_detect_Pipeline_obs_fu_166/mul_14s_14s_28_1_1_U257/tmp_product__195_n_5. Optimizations did not improve timing on the net.
INFO: [Physopt 32-702] Processed net bd_0_i/hls_inst/inst/grp_mp_detect_Pipeline_obs_fu_166/mul_14s_14s_28_1_1_U257/tmp_product__194_i_3_n_0. Optimizations did not improve timing on the net.
INFO: [Physopt 32-702] Processed net bd_0_i/hls_inst/inst/grp_mp_detect_Pipeline_obs_fu_166/mul_14s_14s_28_1_1_U257/ei_164_reg_87527_reg[2]. Optimizations did not improve timing on the net.
INFO: [Physopt 32-702] Processed net bd_0_i/hls_inst/inst/grp_mp_detect_Pipeline_obs_fu_166/mul_14s_14s_28_1_1_U257/C[27]. Optimizations did not improve timing on the net.
INFO: [Physopt 32-619] Estimated Timing Summary | WNS=-2.316 | TNS=-900.884 |
Netlist sorting complete. Time (s): cpu = 00:00:01 ; elapsed = 00:00:00.562 . Memory (MB): peak = 2432.680 ; gain = 0.000
Phase 3 Critical Path Optimization | Checksum: 19d96e3d7

Time (s): cpu = 00:00:30 ; elapsed = 00:00:21 . Memory (MB): peak = 2432.680 ; gain = 19.285

Phase 4 Critical Path Optimization
INFO: [Physopt 32-619] Estimated Timing Summary | WNS=-2.316 | TNS=-900.884 |
INFO: [Physopt 32-702] Processed net bd_0_i/hls_inst/inst/grp_mp_detect_Pipeline_obs_fu_166/add_ln62_14_fu_24465_p2_n_81. Optimizations did not improve timing on the net.
INFO: [Physopt 32-702] Processed net bd_0_i/hls_inst/inst/grp_mp_detect_Pipeline_obs_fu_166/ei_164_reg_87527[2]. Optimizations did not improve timing on the net.
INFO: [Physopt 32-702] Processed net bd_0_i/hls_inst/inst/grp_mp_detect_Pipeline_obs_fu_166/mul_14s_14s_28_1_1_U257/tmp_product__239_n_0. Optimizations did not improve timing on the net.
INFO: [Physopt 32-702] Processed net bd_0_i/hls_inst/inst/grp_mp_detect_Pipeline_obs_fu_166/mul_14s_14s_28_1_1_U257/tmp_product__239_i_8_n_0. Optimizations did not improve timing on the net.
INFO: [Physopt 32-571] Net bd_0_i/hls_inst/inst/grp_mp_detect_Pipeline_obs_fu_166/mul_14s_14s_28_1_1_U257/tmp_product__239_i_4_n_0 was not replicated.
INFO: [Physopt 32-702] Processed net bd_0_i/hls_inst/inst/grp_mp_detect_Pipeline_obs_fu_166/mul_14s_14s_28_1_1_U257/tmp_product__239_i_4_n_0. Optimizations did not improve timing on the net.
INFO: [Physopt 32-702] Processed net bd_0_i/hls_inst/inst/grp_mp_detect_Pipeline_obs_fu_166/mul_14s_14s_28_1_1_U257/tmp_product__231_n_4. Optimizations did not improve timing on the net.
INFO: [Physopt 32-702] Processed net bd_0_i/hls_inst/inst/grp_mp_detect_Pipeline_obs_fu_166/mul_14s_14s_28_1_1_U257/tmp_product__230_n_0. Optimizations did not improve timing on the net.
INFO: [Physopt 32-702] Processed net bd_0_i/hls_inst/inst/grp_mp_detect_Pipeline_obs_fu_166/mul_14s_14s_28_1_1_U257/tmp_product__230_i_5_n_0. Optimizations did not improve timing on the net.
INFO: [Physopt 32-702] Processed net bd_0_i/hls_inst/inst/grp_mp_detect_Pipeline_obs_fu_166/mul_14s_14s_28_1_1_U257/tmp_product__230_i_1_n_0. Optimizations did not improve timing on the net.
INFO: [Physopt 32-702] Processed net bd_0_i/hls_inst/inst/grp_mp_detect_Pipeline_obs_fu_166/mul_14s_14s_28_1_1_U257/tmp_product__195_n_5. Optimizations did not improve timing on the net.
INFO: [Physopt 32-702] Processed net bd_0_i/hls_inst/inst/grp_mp_detect_Pipeline_obs_fu_166/mul_14s_14s_28_1_1_U257/tmp_product__194_n_0. Optimizations did not improve timing on the net.
INFO: [Physopt 32-702] Processed net bd_0_i/hls_inst/inst/grp_mp_detect_Pipeline_obs_fu_166/mul_14s_14s_28_1_1_U257/tmp_product__194_i_3_n_0. Optimizations did not improve timing on the net.
INFO: [Physopt 32-702] Processed net bd_0_i/hls_inst/inst/grp_mp_detect_Pipeline_obs_fu_166/mul_14s_14s_28_1_1_U257/ei_164_reg_87527_reg[2]. Optimizations did not improve timing on the net.
INFO: [Physopt 32-702] Processed net bd_0_i/hls_inst/inst/grp_mp_detect_Pipeline_obs_fu_166/mul_14s_14s_28_1_1_U257/C[27]. Optimizations did not improve timing on the net.
INFO: [Physopt 32-702] Processed net bd_0_i/hls_inst/inst/grp_mp_detect_Pipeline_obs_fu_166/add_ln62_14_fu_24465_p2_n_81. Optimizations did not improve timing on the net.
INFO: [Physopt 32-702] Processed net bd_0_i/hls_inst/inst/grp_mp_detect_Pipeline_obs_fu_166/ei_164_reg_87527[2]. Optimizations did not improve timing on the net.
INFO: [Physopt 32-702] Processed net bd_0_i/hls_inst/inst/grp_mp_detect_Pipeline_obs_fu_166/mul_14s_14s_28_1_1_U257/tmp_product__239_i_8_n_0. Optimizations did not improve timing on the net.
INFO: [Physopt 32-702] Processed net bd_0_i/hls_inst/inst/grp_mp_detect_Pipeline_obs_fu_166/mul_14s_14s_28_1_1_U257/tmp_product__239_i_4_n_0. Optimizations did not improve timing on the net.
INFO: [Physopt 32-702] Processed net bd_0_i/hls_inst/inst/grp_mp_detect_Pipeline_obs_fu_166/mul_14s_14s_28_1_1_U257/tmp_product__231_n_4. Optimizations did not improve timing on the net.
INFO: [Physopt 32-702] Processed net bd_0_i/hls_inst/inst/grp_mp_detect_Pipeline_obs_fu_166/mul_14s_14s_28_1_1_U257/tmp_product__230_i_5_n_0. Optimizations did not improve timing on the net.
INFO: [Physopt 32-702] Processed net bd_0_i/hls_inst/inst/grp_mp_detect_Pipeline_obs_fu_166/mul_14s_14s_28_1_1_U257/tmp_product__230_i_1_n_0. Optimizations did not improve timing on the net.
INFO: [Physopt 32-702] Processed net bd_0_i/hls_inst/inst/grp_mp_detect_Pipeline_obs_fu_166/mul_14s_14s_28_1_1_U257/tmp_product__195_n_5. Optimizations did not improve timing on the net.
INFO: [Physopt 32-702] Processed net bd_0_i/hls_inst/inst/grp_mp_detect_Pipeline_obs_fu_166/mul_14s_14s_28_1_1_U257/tmp_product__194_i_3_n_0. Optimizations did not improve timing on the net.
INFO: [Physopt 32-702] Processed net bd_0_i/hls_inst/inst/grp_mp_detect_Pipeline_obs_fu_166/mul_14s_14s_28_1_1_U257/ei_164_reg_87527_reg[2]. Optimizations did not improve timing on the net.
INFO: [Physopt 32-702] Processed net bd_0_i/hls_inst/inst/grp_mp_detect_Pipeline_obs_fu_166/mul_14s_14s_28_1_1_U257/C[27]. Optimizations did not improve timing on the net.
INFO: [Physopt 32-619] Estimated Timing Summary | WNS=-2.316 | TNS=-900.884 |
Netlist sorting complete. Time (s): cpu = 00:00:00 ; elapsed = 00:00:00.160 . Memory (MB): peak = 2432.715 ; gain = 0.000
Phase 4 Critical Path Optimization | Checksum: 19d96e3d7

Time (s): cpu = 00:00:33 ; elapsed = 00:00:23 . Memory (MB): peak = 2432.715 ; gain = 19.320
Netlist sorting complete. Time (s): cpu = 00:00:00 ; elapsed = 00:00:00.036 . Memory (MB): peak = 2432.715 ; gain = 0.000
INFO: [Physopt 32-603] Post Physical Optimization Timing Summary | WNS=-2.316 | TNS=-900.884 |

Summary of Physical Synthesis Optimizations
============================================


-------------------------------------------------------------------------------------------------------------------------------------------------------------
|  Optimization   |  WNS Gain (ns)  |  TNS Gain (ns)  |  Added Cells  |  Removed Cells  |  Optimized Cells/Nets  |  Dont Touch  |  Iterations  |  Elapsed   |
-------------------------------------------------------------------------------------------------------------------------------------------------------------
|  DSP Register   |          0.000  |          0.000  |            0  |              0  |                     0  |           0  |           1  |  00:00:01  |
|  Critical Path  |          0.141  |          3.878  |           13  |              0  |                     8  |           0  |           2  |  00:00:12  |
|  Total          |          0.141  |          3.878  |           13  |              0  |                     8  |           0  |           3  |  00:00:13  |
-------------------------------------------------------------------------------------------------------------------------------------------------------------


Netlist sorting complete. Time (s): cpu = 00:00:00 ; elapsed = 00:00:00.035 . Memory (MB): peak = 2432.715 ; gain = 0.000
Ending Physical Synthesis Task | Checksum: 19a188645

Time (s): cpu = 00:00:34 ; elapsed = 00:00:24 . Memory (MB): peak = 2432.715 ; gain = 19.320
INFO: [Common 17-83] Releasing license: Implementation
199 Infos, 6 Warnings, 0 Critical Warnings and 0 Errors encountered.
phys_opt_design completed successfully
phys_opt_design: Time (s): cpu = 00:01:04 ; elapsed = 00:00:41 . Memory (MB): peak = 2432.715 ; gain = 19.320
INFO: [Timing 38-480] Writing timing data to binary archive.
Wrote PlaceDB: Time (s): cpu = 00:00:00 ; elapsed = 00:00:00 . Memory (MB): peak = 2432.715 ; gain = 0.000
Wrote PulsedLatchDB: Time (s): cpu = 00:00:00 ; elapsed = 00:00:00 . Memory (MB): peak = 2432.715 ; gain = 0.000
Writing XDEF routing.
Writing XDEF routing logical nets.
Writing XDEF routing special nets.
Wrote RouteStorage: Time (s): cpu = 00:00:01 ; elapsed = 00:00:00.186 . Memory (MB): peak = 2432.715 ; gain = 0.000
Write ShapeDB Complete: Time (s): cpu = 00:00:02 ; elapsed = 00:00:00.248 . Memory (MB): peak = 2432.715 ; gain = 0.000
Wrote PlaceStorage: Time (s): cpu = 00:00:14 ; elapsed = 00:00:06 . Memory (MB): peak = 2432.715 ; gain = 0.000
Wrote Netlist Cache: Time (s): cpu = 00:00:00 ; elapsed = 00:00:00.215 . Memory (MB): peak = 2432.715 ; gain = 0.000
Wrote Device Cache: Time (s): cpu = 00:00:00 ; elapsed = 00:00:00.018 . Memory (MB): peak = 2432.715 ; gain = 0.000
Write Physdb Complete: Time (s): cpu = 00:00:15 ; elapsed = 00:00:06 . Memory (MB): peak = 2432.715 ; gain = 0.000
INFO: [Common 17-1381] The checkpoint 'C:/Users/hp/HW-AFDM-OTFS/hls/proj/mp_S16_small/sol/impl/verilog/project.runs/impl_1/bd_0_wrapper_physopt.dcp' has been generated.
write_checkpoint: Time (s): cpu = 00:00:18 ; elapsed = 00:00:10 . Memory (MB): peak = 2432.715 ; gain = 0.000
Command: route_design
Attempting to get a license for feature 'Implementation' and/or device 'xc7z020'
INFO: [Common 17-349] Got license for feature 'Implementation' and/or device 'xc7z020'
INFO: [DRC 23-27] Running DRC with 2 threads
WARNING: [DRC 23-814] Not all possible (connectivity based) DRCs may have been run because this design is seen as Out of Context.
INFO: [Vivado_Tcl 4-198] DRC finished with 0 Errors
INFO: [Vivado_Tcl 4-199] Please refer to the DRC report (report_drc) for more information.


Starting Routing Task
INFO: [Route 35-254] Multithreading enabled for route_design using a maximum of 2 CPUs

Phase 1 Build RT Design
Checksum: PlaceDB: b0b1c26d ConstDB: 0 ShapeSum: 765d7b0e RouteDB: 15f972f0
WARNING: [Route 35-197] Clock port "ap_clk" does not have an associated HD.CLK_SRC. Without this constraint, timing analysis may not be accurate and upstream checks cannot be done to ensure correct clock placement.
WARNING: [Route 35-198] Port "h_q0[0]" does not have an associated HD.PARTPIN_LOCS, which will prevent the partial routing of the signal "h_q0[0]". Without this partial route, timing analysis to/from this port will not be accurate, and no routing information for this port can be exported.
WARNING: [Route 35-198] Port "h_q0[3]" does not have an associated HD.PARTPIN_LOCS, which will prevent the partial routing of the signal "h_q0[3]". Without this partial route, timing analysis to/from this port will not be accurate, and no routing information for this port can be exported.
WARNING: [Route 35-198] Port "h_q0[5]" does not have an associated HD.PARTPIN_LOCS, which will prevent the partial routing of the signal "h_q0[5]". Without this partial route, timing analysis to/from this port will not be accurate, and no routing information for this port can be exported.
WARNING: [Route 35-198] Port "h_q0[6]" does not have an associated HD.PARTPIN_LOCS, which will prevent the partial routing of the signal "h_q0[6]". Without this partial route, timing analysis to/from this port will not be accurate, and no routing information for this port can be exported.
WARNING: [Route 35-198] Port "h_q0[4]" does not have an associated HD.PARTPIN_LOCS, which will prevent the partial routing of the signal "h_q0[4]". Without this partial route, timing analysis to/from this port will not be accurate, and no routing information for this port can be exported.
WARNING: [Route 35-198] Port "h_q0[7]" does not have an associated HD.PARTPIN_LOCS, which will prevent the partial routing of the signal "h_q0[7]". Without this partial route, timing analysis to/from this port will not be accurate, and no routing information for this port can be exported.
WARNING: [Route 35-198] Port "h_q0[8]" does not have an associated HD.PARTPIN_LOCS, which will prevent the partial routing of the signal "h_q0[8]". Without this partial route, timing analysis to/from this port will not be accurate, and no routing information for this port can be exported.
WARNING: [Route 35-198] Port "h_q0[2]" does not have an associated HD.PARTPIN_LOCS, which will prevent the partial routing of the signal "h_q0[2]". Without this partial route, timing analysis to/from this port will not be accurate, and no routing information for this port can be exported.
WARNING: [Route 35-198] Port "h_q0[1]" does not have an associated HD.PARTPIN_LOCS, which will prevent the partial routing of the signal "h_q0[1]". Without this partial route, timing analysis to/from this port will not be accurate, and no routing information for this port can be exported.
WARNING: [Route 35-198] Port "h_q0[12]" does not have an associated HD.PARTPIN_LOCS, which will prevent the partial routing of the signal "h_q0[12]". Without this partial route, timing analysis to/from this port will not be accurate, and no routing information for this port can be exported.
WARNING: [Route 35-198] Port "h_q0[17]" does not have an associated HD.PARTPIN_LOCS, which will prevent the partial routing of the signal "h_q0[17]". Without this partial route, timing analysis to/from this port will not be accurate, and no routing information for this port can be exported.
WARNING: [Route 35-198] Port "h_q0[11]" does not have an associated HD.PARTPIN_LOCS, which will prevent the partial routing of the signal "h_q0[11]". Without this partial route, timing analysis to/from this port will not be accurate, and no routing information for this port can be exported.
WARNING: [Route 35-198] Port "h_q0[18]" does not have an associated HD.PARTPIN_LOCS, which will prevent the partial routing of the signal "h_q0[18]". Without this partial route, timing analysis to/from this port will not be accurate, and no routing information for this port can be exported.
WARNING: [Route 35-198] Port "h_q0[10]" does not have an associated HD.PARTPIN_LOCS, which will prevent the partial routing of the signal "h_q0[10]". Without this partial route, timing analysis to/from this port will not be accurate, and no routing information for this port can be exported.
WARNING: [Route 35-198] Port "h_q0[19]" does not have an associated HD.PARTPIN_LOCS, which will prevent the partial routing of the signal "h_q0[19]". Without this partial route, timing analysis to/from this port will not be accurate, and no routing information for this port can be exported.
WARNING: [Route 35-198] Port "h_q0[14]" does not have an associated HD.PARTPIN_LOCS, which will prevent the partial routing of the signal "h_q0[14]". Without this partial route, timing analysis to/from this port will not be accurate, and no routing information for this port can be exported.
WARNING: [Route 35-198] Port "h_q0[15]" does not have an associated HD.PARTPIN_LOCS, which will prevent the partial routing of the signal "h_q0[15]". Without this partial route, timing analysis to/from this port will not be accurate, and no routing information for this port can be exported.
WARNING: [Route 35-198] Port "h_q0[16]" does not have an associated HD.PARTPIN_LOCS, which will prevent the partial routing of the signal "h_q0[16]". Without this partial route, timing analysis to/from this port will not be accurate, and no routing information for this port can be exported.
WARNING: [Route 35-198] Port "h_q0[13]" does not have an associated HD.PARTPIN_LOCS, which will prevent the partial routing of the signal "h_q0[13]". Without this partial route, timing analysis to/from this port will not be accurate, and no routing information for this port can be exported.
WARNING: [Route 35-198] Port "h_q1[15]" does not have an associated HD.PARTPIN_LOCS, which will prevent the partial routing of the signal "h_q1[15]". Without this partial route, timing analysis to/from this port will not be accurate, and no routing information for this port can be exported.
WARNING: [Route 35-198] Port "h_q1[16]" does not have an associated HD.PARTPIN_LOCS, which will prevent the partial routing of the signal "h_q1[16]". Without this partial route, timing analysis to/from this port will not be accurate, and no routing information for this port can be exported.
WARNING: [Route 35-198] Port "h_q1[14]" does not have an associated HD.PARTPIN_LOCS, which will prevent the partial routing of the signal "h_q1[14]". Without this partial route, timing analysis to/from this port will not be accurate, and no routing information for this port can be exported.
WARNING: [Route 35-198] Port "h_q1[17]" does not have an associated HD.PARTPIN_LOCS, which will prevent the partial routing of the signal "h_q1[17]". Without this partial route, timing analysis to/from this port will not be accurate, and no routing information for this port can be exported.
WARNING: [Route 35-198] Port "h_q1[13]" does not have an associated HD.PARTPIN_LOCS, which will prevent the partial routing of the signal "h_q1[13]". Without this partial route, timing analysis to/from this port will not be accurate, and no routing information for this port can be exported.
WARNING: [Route 35-198] Port "h_q1[18]" does not have an associated HD.PARTPIN_LOCS, which will prevent the partial routing of the signal "h_q1[18]". Without this partial route, timing analysis to/from this port will not be accurate, and no routing information for this port can be exported.
WARNING: [Route 35-198] Port "h_q1[19]" does not have an associated HD.PARTPIN_LOCS, which will prevent the partial routing of the signal "h_q1[19]". Without this partial route, timing analysis to/from this port will not be accurate, and no routing information for this port can be exported.
WARNING: [Route 35-198] Port "h_q1[12]" does not have an associated HD.PARTPIN_LOCS, which will prevent the partial routing of the signal "h_q1[12]". Without this partial route, timing analysis to/from this port will not be accurate, and no routing information for this port can be exported.
WARNING: [Route 35-198] Port "h_q1[6]" does not have an associated HD.PARTPIN_LOCS, which will prevent the partial routing of the signal "h_q1[6]". Without this partial route, timing analysis to/from this port will not be accurate, and no routing information for this port can be exported.
WARNING: [Route 35-198] Port "h_q1[1]" does not have an associated HD.PARTPIN_LOCS, which will prevent the partial routing of the signal "h_q1[1]". Without this partial route, timing analysis to/from this port will not be accurate, and no routing information for this port can be exported.
WARNING: [Route 35-198] Port "h_q1[2]" does not have an associated HD.PARTPIN_LOCS, which will prevent the partial routing of the signal "h_q1[2]". Without this partial route, timing analysis to/from this port will not be accurate, and no routing information for this port can be exported.
WARNING: [Route 35-198] Port "ap_rst" does not have an associated HD.PARTPIN_LOCS, which will prevent the partial routing of the signal "ap_rst". Without this partial route, timing analysis to/from this port will not be accurate, and no routing information for this port can be exported.
WARNING: [Route 35-198] Port "h_q0[9]" does not have an associated HD.PARTPIN_LOCS, which will prevent the partial routing of the signal "h_q0[9]". Without this partial route, timing analysis to/from this port will not be accurate, and no routing information for this port can be exported.
WARNING: [Route 35-198] Port "h_q1[11]" does not have an associated HD.PARTPIN_LOCS, which will prevent the partial routing of the signal "h_q1[11]". Without this partial route, timing analysis to/from this port will not be accurate, and no routing information for this port can be exported.
WARNING: [Route 35-198] Port "h_q1[10]" does not have an associated HD.PARTPIN_LOCS, which will prevent the partial routing of the signal "h_q1[10]". Without this partial route, timing analysis to/from this port will not be accurate, and no routing information for this port can be exported.
WARNING: [Route 35-198] Port "n0[10]" does not have an associated HD.PARTPIN_LOCS, which will prevent the partial routing of the signal "n0[10]". Without this partial route, timing analysis to/from this port will not be accurate, and no routing information for this port can be exported.
WARNING: [Route 35-198] Port "n0[11]" does not have an associated HD.PARTPIN_LOCS, which will prevent the partial routing of the signal "n0[11]". Without this partial route, timing analysis to/from this port will not be accurate, and no routing information for this port can be exported.
WARNING: [Route 35-198] Port "n0[12]" does not have an associated HD.PARTPIN_LOCS, which will prevent the partial routing of the signal "n0[12]". Without this partial route, timing analysis to/from this port will not be accurate, and no routing information for this port can be exported.
WARNING: [Route 35-198] Port "n0[13]" does not have an associated HD.PARTPIN_LOCS, which will prevent the partial routing of the signal "n0[13]". Without this partial route, timing analysis to/from this port will not be accurate, and no routing information for this port can be exported.
WARNING: [Route 35-198] Port "n0[4]" does not have an associated HD.PARTPIN_LOCS, which will prevent the partial routing of the signal "n0[4]". Without this partial route, timing analysis to/from this port will not be accurate, and no routing information for this port can be exported.
WARNING: [Route 35-198] Port "n0[5]" does not have an associated HD.PARTPIN_LOCS, which will prevent the partial routing of the signal "n0[5]". Without this partial route, timing analysis to/from this port will not be accurate, and no routing information for this port can be exported.
WARNING: [Route 35-198] Port "n0[7]" does not have an associated HD.PARTPIN_LOCS, which will prevent the partial routing of the signal "n0[7]". Without this partial route, timing analysis to/from this port will not be accurate, and no routing information for this port can be exported.
WARNING: [Route 35-198] Port "n0[8]" does not have an associated HD.PARTPIN_LOCS, which will prevent the partial routing of the signal "n0[8]". Without this partial route, timing analysis to/from this port will not be accurate, and no routing information for this port can be exported.
WARNING: [Route 35-198] Port "drop_q0[13]" does not have an associated HD.PARTPIN_LOCS, which will prevent the partial routing of the signal "drop_q0[13]". Without this partial route, timing analysis to/from this port will not be accurate, and no routing information for this port can be exported.
WARNING: [Route 35-198] Port "drop_q0[12]" does not have an associated HD.PARTPIN_LOCS, which will prevent the partial routing of the signal "drop_q0[12]". Without this partial route, timing analysis to/from this port will not be accurate, and no routing information for this port can be exported.
WARNING: [Route 35-198] Port "h_q1[7]" does not have an associated HD.PARTPIN_LOCS, which will prevent the partial routing of the signal "h_q1[7]". Without this partial route, timing analysis to/from this port will not be accurate, and no routing information for this port can be exported.
WARNING: [Route 35-198] Port "h_q1[0]" does not have an associated HD.PARTPIN_LOCS, which will prevent the partial routing of the signal "h_q1[0]". Without this partial route, timing analysis to/from this port will not be accurate, and no routing information for this port can be exported.
WARNING: [Route 35-198] Port "h_q1[8]" does not have an associated HD.PARTPIN_LOCS, which will prevent the partial routing of the signal "h_q1[8]". Without this partial route, timing analysis to/from this port will not be accurate, and no routing information for this port can be exported.
WARNING: [Route 35-198] Port "h_q1[5]" does not have an associated HD.PARTPIN_LOCS, which will prevent the partial routing of the signal "h_q1[5]". Without this partial route, timing analysis to/from this port will not be accurate, and no routing information for this port can be exported.
WARNING: [Route 35-198] Port "drop_q0[11]" does not have an associated HD.PARTPIN_LOCS, which will prevent the partial routing of the signal "drop_q0[11]". Without this partial route, timing analysis to/from this port will not be accurate, and no routing information for this port can be exported.
WARNING: [Route 35-198] Port "drop_q0[10]" does not have an associated HD.PARTPIN_LOCS, which will prevent the partial routing of the signal "drop_q0[10]". Without this partial route, timing analysis to/from this port will not be accurate, and no routing information for this port can be exported.
WARNING: [Route 35-198] Port "drop_q0[9]" does not have an associated HD.PARTPIN_LOCS, which will prevent the partial routing of the signal "drop_q0[9]". Without this partial route, timing analysis to/from this port will not be accurate, and no routing information for this port can be exported.
WARNING: [Route 35-198] Port "drop_q0[8]" does not have an associated HD.PARTPIN_LOCS, which will prevent the partial routing of the signal "drop_q0[8]". Without this partial route, timing analysis to/from this port will not be accurate, and no routing information for this port can be exported.
WARNING: [Route 35-198] Port "drop_q0[7]" does not have an associated HD.PARTPIN_LOCS, which will prevent the partial routing of the signal "drop_q0[7]". Without this partial route, timing analysis to/from this port will not be accurate, and no routing information for this port can be exported.
WARNING: [Route 35-198] Port "drop_q0[6]" does not have an associated HD.PARTPIN_LOCS, which will prevent the partial routing of the signal "drop_q0[6]". Without this partial route, timing analysis to/from this port will not be accurate, and no routing information for this port can be exported.
WARNING: [Route 35-198] Port "drop_q0[5]" does not have an associated HD.PARTPIN_LOCS, which will prevent the partial routing of the signal "drop_q0[5]". Without this partial route, timing analysis to/from this port will not be accurate, and no routing information for this port can be exported.
WARNING: [Route 35-198] Port "drop_q0[4]" does not have an associated HD.PARTPIN_LOCS, which will prevent the partial routing of the signal "drop_q0[4]". Without this partial route, timing analysis to/from this port will not be accurate, and no routing information for this port can be exported.
WARNING: [Route 35-198] Port "h_q1[4]" does not have an associated HD.PARTPIN_LOCS, which will prevent the partial routing of the signal "h_q1[4]". Without this partial route, timing analysis to/from this port will not be accurate, and no routing information for this port can be exported.
WARNING: [Route 35-198] Port "h_q1[3]" does not have an associated HD.PARTPIN_LOCS, which will prevent the partial routing of the signal "h_q1[3]". Without this partial route, timing analysis to/from this port will not be accurate, and no routing information for this port can be exported.
WARNING: [Route 35-198] Port "h_q1[9]" does not have an associated HD.PARTPIN_LOCS, which will prevent the partial routing of the signal "h_q1[9]". Without this partial route, timing analysis to/from this port will not be accurate, and no routing information for this port can be exported.
WARNING: [Route 35-198] Port "n0[0]" does not have an associated HD.PARTPIN_LOCS, which will prevent the partial routing of the signal "n0[0]". Without this partial route, timing analysis to/from this port will not be accurate, and no routing information for this port can be exported.
WARNING: [Route 35-198] Port "n0[1]" does not have an associated HD.PARTPIN_LOCS, which will prevent the partial routing of the signal "n0[1]". Without this partial route, timing analysis to/from this port will not be accurate, and no routing information for this port can be exported.
WARNING: [Route 35-198] Port "n0[2]" does not have an associated HD.PARTPIN_LOCS, which will prevent the partial routing of the signal "n0[2]". Without this partial route, timing analysis to/from this port will not be accurate, and no routing information for this port can be exported.
WARNING: [Route 35-198] Port "n0[3]" does not have an associated HD.PARTPIN_LOCS, which will prevent the partial routing of the signal "n0[3]". Without this partial route, timing analysis to/from this port will not be accurate, and no routing information for this port can be exported.
WARNING: [Route 35-198] Port "n0[6]" does not have an associated HD.PARTPIN_LOCS, which will prevent the partial routing of the signal "n0[6]". Without this partial route, timing analysis to/from this port will not be accurate, and no routing information for this port can be exported.
WARNING: [Route 35-198] Port "n0[9]" does not have an associated HD.PARTPIN_LOCS, which will prevent the partial routing of the signal "n0[9]". Without this partial route, timing analysis to/from this port will not be accurate, and no routing information for this port can be exported.
WARNING: [Route 35-198] Port "drop_q0[3]" does not have an associated HD.PARTPIN_LOCS, which will prevent the partial routing of the signal "drop_q0[3]". Without this partial route, timing analysis to/from this port will not be accurate, and no routing information for this port can be exported.
WARNING: [Route 35-198] Port "drop_q0[2]" does not have an associated HD.PARTPIN_LOCS, which will prevent the partial routing of the signal "drop_q0[2]". Without this partial route, timing analysis to/from this port will not be accurate, and no routing information for this port can be exported.
WARNING: [Route 35-198] Port "drop_q0[1]" does not have an associated HD.PARTPIN_LOCS, which will prevent the partial routing of the signal "drop_q0[1]". Without this partial route, timing analysis to/from this port will not be accurate, and no routing information for this port can be exported.
WARNING: [Route 35-198] Port "drop_q0[0]" does not have an associated HD.PARTPIN_LOCS, which will prevent the partial routing of the signal "drop_q0[0]". Without this partial route, timing analysis to/from this port will not be accurate, and no routing information for this port can be exported.
WARNING: [Route 35-198] Port "ap_ctrl_start" does not have an associated HD.PARTPIN_LOCS, which will prevent the partial routing of the signal "ap_ctrl_start". Without this partial route, timing analysis to/from this port will not be accurate, and no routing information for this port can be exported.
WARNING: [Route 35-198] Port "is_data_q0[0]" does not have an associated HD.PARTPIN_LOCS, which will prevent the partial routing of the signal "is_data_q0[0]". Without this partial route, timing analysis to/from this port will not be accurate, and no routing information for this port can be exported.
WARNING: [Route 35-198] Port "col_q0[1]" does not have an associated HD.PARTPIN_LOCS, which will prevent the partial routing of the signal "col_q0[1]". Without this partial route, timing analysis to/from this port will not be accurate, and no routing information for this port can be exported.
WARNING: [Route 35-198] Port "y_q0[14]" does not have an associated HD.PARTPIN_LOCS, which will prevent the partial routing of the signal "y_q0[14]". Without this partial route, timing analysis to/from this port will not be accurate, and no routing information for this port can be exported.
WARNING: [Route 35-198] Port "col_q0[5]" does not have an associated HD.PARTPIN_LOCS, which will prevent the partial routing of the signal "col_q0[5]". Without this partial route, timing analysis to/from this port will not be accurate, and no routing information for this port can be exported.
WARNING: [Route 35-198] Port "col_q0[2]" does not have an associated HD.PARTPIN_LOCS, which will prevent the partial routing of the signal "col_q0[2]". Without this partial route, timing analysis to/from this port will not be accurate, and no routing information for this port can be exported.
WARNING: [Route 35-198] Port "col_q0[7]" does not have an associated HD.PARTPIN_LOCS, which will prevent the partial routing of the signal "col_q0[7]". Without this partial route, timing analysis to/from this port will not be accurate, and no routing information for this port can be exported.
WARNING: [Route 35-198] Port "col_q0[0]" does not have an associated HD.PARTPIN_LOCS, which will prevent the partial routing of the signal "col_q0[0]". Without this partial route, timing analysis to/from this port will not be accurate, and no routing information for this port can be exported.
WARNING: [Route 35-198] Port "col_q0[6]" does not have an associated HD.PARTPIN_LOCS, which will prevent the partial routing of the signal "col_q0[6]". Without this partial route, timing analysis to/from this port will not be accurate, and no routing information for this port can be exported.
WARNING: [Route 35-198] Port "col_q0[4]" does not have an associated HD.PARTPIN_LOCS, which will prevent the partial routing of the signal "col_q0[4]". Without this partial route, timing analysis to/from this port will not be accurate, and no routing information for this port can be exported.
WARNING: [Route 35-198] Port "col_q0[3]" does not have an associated HD.PARTPIN_LOCS, which will prevent the partial routing of the signal "col_q0[3]". Without this partial route, timing analysis to/from this port will not be accurate, and no routing information for this port can be exported.
WARNING: [Route 35-198] Port "y_q0[12]" does not have an associated HD.PARTPIN_LOCS, which will prevent the partial routing of the signal "y_q0[12]". Without this partial route, timing analysis to/from this port will not be accurate, and no routing information for this port can be exported.
WARNING: [Route 35-198] Port "y_q0[17]" does not have an associated HD.PARTPIN_LOCS, which will prevent the partial routing of the signal "y_q0[17]". Without this partial route, timing analysis to/from this port will not be accurate, and no routing information for this port can be exported.
WARNING: [Route 35-198] Port "y_q0[15]" does not have an associated HD.PARTPIN_LOCS, which will prevent the partial routing of the signal "y_q0[15]". Without this partial route, timing analysis to/from this port will not be accurate, and no routing information for this port can be exported.
WARNING: [Route 35-198] Port "y_q0[18]" does not have an associated HD.PARTPIN_LOCS, which will prevent the partial routing of the signal "y_q0[18]". Without this partial route, timing analysis to/from this port will not be accurate, and no routing information for this port can be exported.
WARNING: [Route 35-198] Port "y_q0[20]" does not have an associated HD.PARTPIN_LOCS, which will prevent the partial routing of the signal "y_q0[20]". Without this partial route, timing analysis to/from this port will not be accurate, and no routing information for this port can be exported.
WARNING: [Route 35-198] Port "y_q0[21]" does not have an associated HD.PARTPIN_LOCS, which will prevent the partial routing of the signal "y_q0[21]". Without this partial route, timing analysis to/from this port will not be accurate, and no routing information for this port can be exported.
WARNING: [Route 35-198] Port "y_q0[10]" does not have an associated HD.PARTPIN_LOCS, which will prevent the partial routing of the signal "y_q0[10]". Without this partial route, timing analysis to/from this port will not be accurate, and no routing information for this port can be exported.
WARNING: [Route 35-198] Port "y_q0[9]" does not have an associated HD.PARTPIN_LOCS, which will prevent the partial routing of the signal "y_q0[9]". Without this partial route, timing analysis to/from this port will not be accurate, and no routing information for this port can be exported.
WARNING: [Route 35-198] Port "y_q0[22]" does not have an associated HD.PARTPIN_LOCS, which will prevent the partial routing of the signal "y_q0[22]". Without this partial route, timing analysis to/from this port will not be accurate, and no routing information for this port can be exported.
WARNING: [Route 35-198] Port "y_q0[11]" does not have an associated HD.PARTPIN_LOCS, which will prevent the partial routing of the signal "y_q0[11]". Without this partial route, timing analysis to/from this port will not be accurate, and no routing information for this port can be exported.
WARNING: [Route 35-198] Port "y_q0[8]" does not have an associated HD.PARTPIN_LOCS, which will prevent the partial routing of the signal "y_q0[8]". Without this partial route, timing analysis to/from this port will not be accurate, and no routing information for this port can be exported.
WARNING: [Route 35-198] Port "y_q0[23]" does not have an associated HD.PARTPIN_LOCS, which will prevent the partial routing of the signal "y_q0[23]". Without this partial route, timing analysis to/from this port will not be accurate, and no routing information for this port can be exported.
WARNING: [Route 35-198] Port "y_q0[19]" does not have an associated HD.PARTPIN_LOCS, which will prevent the partial routing of the signal "y_q0[19]". Without this partial route, timing analysis to/from this port will not be accurate, and no routing information for this port can be exported.
WARNING: [Route 35-198] Port "y_q0[16]" does not have an associated HD.PARTPIN_LOCS, which will prevent the partial routing of the signal "y_q0[16]". Without this partial route, timing analysis to/from this port will not be accurate, and no routing information for this port can be exported.
WARNING: [Route 35-198] Port "y_q0[0]" does not have an associated HD.PARTPIN_LOCS, which will prevent the partial routing of the signal "y_q0[0]". Without this partial route, timing analysis to/from this port will not be accurate, and no routing information for this port can be exported.
WARNING: [Route 35-198] Port "y_q0[4]" does not have an associated HD.PARTPIN_LOCS, which will prevent the partial routing of the signal "y_q0[4]". Without this partial route, timing analysis to/from this port will not be accurate, and no routing information for this port can be exported.
WARNING: [Route 35-198] Port "y_q0[5]" does not have an associated HD.PARTPIN_LOCS, which will prevent the partial routing of the signal "y_q0[5]". Without this partial route, timing analysis to/from this port will not be accurate, and no routing information for this port can be exported.
WARNING: [Route 35-198] Port "y_q0[2]" does not have an associated HD.PARTPIN_LOCS, which will prevent the partial routing of the signal "y_q0[2]". Without this partial route, timing analysis to/from this port will not be accurate, and no routing information for this port can be exported.
WARNING: [Route 35-198] Port "y_q0[6]" does not have an associated HD.PARTPIN_LOCS, which will prevent the partial routing of the signal "y_q0[6]". Without this partial route, timing analysis to/from this port will not be accurate, and no routing information for this port can be exported.
WARNING: [Route 35-198] Port "y_q0[7]" does not have an associated HD.PARTPIN_LOCS, which will prevent the partial routing of the signal "y_q0[7]". Without this partial route, timing analysis to/from this port will not be accurate, and no routing information for this port can be exported.
INFO: [Common 17-14] Message 'Route 35-198' appears 100 times and further instances of the messages will be disabled. Use the Tcl command set_msg_config to change the current settings.
WARNING: [Constraints 18-8777] Unable to split tiles. All required files are not available.
Post Restoration Checksum: NetGraph: d9f82052 | NumContArr: ac9b39e1 | Constraints: c2a8fa9d | Timing: c2a8fa9d
Phase 1 Build RT Design | Checksum: 30be54f6d

Time (s): cpu = 00:01:14 ; elapsed = 00:00:47 . Memory (MB): peak = 2515.656 ; gain = 82.941

Phase 2 Router Initialization

Phase 2.1 Fix Topology Constraints
Phase 2.1 Fix Topology Constraints | Checksum: 30be54f6d

Time (s): cpu = 00:01:14 ; elapsed = 00:00:48 . Memory (MB): peak = 2515.656 ; gain = 82.941

Phase 2.2 Pre Route Cleanup
Phase 2.2 Pre Route Cleanup | Checksum: 30be54f6d

Time (s): cpu = 00:01:15 ; elapsed = 00:00:48 . Memory (MB): peak = 2515.656 ; gain = 82.941
 Number of Nodes with overlaps = 0

Phase 2.3 Update Timing
Phase 2.3 Update Timing | Checksum: 1a006a32d

Time (s): cpu = 00:01:52 ; elapsed = 00:01:08 . Memory (MB): peak = 2559.250 ; gain = 126.535
INFO: [Route 35-416] Intermediate Timing Summary | WNS=-2.223 | TNS=-673.341| WHS=0.085  | THS=0.000  |


Phase 2.4 Soft Constraint Pins - Fast Budgeting
Phase 2.4 Soft Constraint Pins - Fast Budgeting | Checksum: 1b26f44aa

Time (s): cpu = 00:02:06 ; elapsed = 00:01:17 . Memory (MB): peak = 2827.273 ; gain = 394.559

Router Utilization Summary
  Global Vertical Routing Utilization    = 0 %
  Global Horizontal Routing Utilization  = 0 %
  Routable Net Status*
  *Does not include unroutable nets such as driverless and loadless.
  Run report_route_status for detailed report.
  Number of Failed Nets               = 89599
    (Failed Nets is the sum of unrouted and partially routed nets)
  Number of Unrouted Nets             = 89599
  Number of Partially Routed Nets     = 0
  Number of Node Overlaps             = 0

Phase 2 Router Initialization | Checksum: 1b26f44aa

Time (s): cpu = 00:02:08 ; elapsed = 00:01:17 . Memory (MB): peak = 2827.273 ; gain = 394.559

Phase 3 Global Routing
Phase 3 Global Routing | Checksum: 1b26f44aa

Time (s): cpu = 00:02:08 ; elapsed = 00:01:17 . Memory (MB): peak = 2827.273 ; gain = 394.559

Phase 4 Initial Routing

Phase 4.1 Initial Net Routing Pass
Phase 4.1 Initial Net Routing Pass | Checksum: 196d64550

Time (s): cpu = 00:02:34 ; elapsed = 00:01:32 . Memory (MB): peak = 2827.273 ; gain = 394.559
Phase 4 Initial Routing | Checksum: 196d64550

Time (s): cpu = 00:02:35 ; elapsed = 00:01:32 . Memory (MB): peak = 2827.273 ; gain = 394.559

Phase 5 Rip-up And Reroute

Phase 5.1 Global Iteration 0
 Number of Nodes with overlaps = 14236
 Number of Nodes with overlaps = 4145
 Number of Nodes with overlaps = 1243
 Number of Nodes with overlaps = 364
 Number of Nodes with overlaps = 84
 Number of Nodes with overlaps = 25
 Number of Nodes with overlaps = 17
 Number of Nodes with overlaps = 19
 Number of Nodes with overlaps = 8
 Number of Nodes with overlaps = 2
 Number of Nodes with overlaps = 0
INFO: [Route 35-416] Intermediate Timing Summary | WNS=-3.206 | TNS=-1527.413| WHS=N/A    | THS=N/A    |

Phase 5.1 Global Iteration 0 | Checksum: 13f044a75

Time (s): cpu = 00:05:32 ; elapsed = 00:03:42 . Memory (MB): peak = 2827.273 ; gain = 394.559

Phase 5.2 Global Iteration 1
 Number of Nodes with overlaps = 559
 Number of Nodes with overlaps = 166
 Number of Nodes with overlaps = 41
 Number of Nodes with overlaps = 39
 Number of Nodes with overlaps = 3
 Number of Nodes with overlaps = 1
 Number of Nodes with overlaps = 0
INFO: [Route 35-416] Intermediate Timing Summary | WNS=-3.109 | TNS=-1498.627| WHS=N/A    | THS=N/A    |

Phase 5.2 Global Iteration 1 | Checksum: 1efd323ad

Time (s): cpu = 00:06:00 ; elapsed = 00:04:02 . Memory (MB): peak = 2827.273 ; gain = 394.559

Phase 5.3 Global Iteration 2
 Number of Nodes with overlaps = 506
 Number of Nodes with overlaps = 193
 Number of Nodes with overlaps = 58
 Number of Nodes with overlaps = 23
 Number of Nodes with overlaps = 15
 Number of Nodes with overlaps = 8
 Number of Nodes with overlaps = 4
 Number of Nodes with overlaps = 2
 Number of Nodes with overlaps = 5
 Number of Nodes with overlaps = 0
INFO: [Route 35-416] Intermediate Timing Summary | WNS=-2.953 | TNS=-1473.078| WHS=N/A    | THS=N/A    |

Phase 5.3 Global Iteration 2 | Checksum: 23e83bc30

Time (s): cpu = 00:06:34 ; elapsed = 00:04:28 . Memory (MB): peak = 2827.273 ; gain = 394.559

Phase 5.4 Global Iteration 3
 Number of Nodes with overlaps = 515
 Number of Nodes with overlaps = 197
 Number of Nodes with overlaps = 87
 Number of Nodes with overlaps = 44
 Number of Nodes with overlaps = 6
 Number of Nodes with overlaps = 1
 Number of Nodes with overlaps = 0
INFO: [Route 35-416] Intermediate Timing Summary | WNS=-2.831 | TNS=-1430.302| WHS=N/A    | THS=N/A    |

Phase 5.4 Global Iteration 3 | Checksum: 29f1e8cd3

Time (s): cpu = 00:07:05 ; elapsed = 00:04:50 . Memory (MB): peak = 2827.273 ; gain = 394.559

Phase 5.5 Global Iteration 4
 Number of Nodes with overlaps = 388
 Number of Nodes with overlaps = 117
 Number of Nodes with overlaps = 34
 Number of Nodes with overlaps = 23
 Number of Nodes with overlaps = 11
 Number of Nodes with overlaps = 11
 Number of Nodes with overlaps = 1
 Number of Nodes with overlaps = 0
INFO: [Route 35-416] Intermediate Timing Summary | WNS=-3.160 | TNS=-1449.602| WHS=N/A    | THS=N/A    |

Phase 5.5 Global Iteration 4 | Checksum: 1dfaab229

Time (s): cpu = 00:07:32 ; elapsed = 00:05:11 . Memory (MB): peak = 2827.273 ; gain = 394.559
Phase 5 Rip-up And Reroute | Checksum: 1dfaab229

Time (s): cpu = 00:07:33 ; elapsed = 00:05:11 . Memory (MB): peak = 2827.273 ; gain = 394.559

Phase 6 Delay and Skew Optimization

Phase 6.1 Delay CleanUp

Phase 6.1.1 Update Timing
Phase 6.1.1 Update Timing | Checksum: 1dfaab229

Time (s): cpu = 00:07:37 ; elapsed = 00:05:13 . Memory (MB): peak = 2827.273 ; gain = 394.559
INFO: [Route 35-416] Intermediate Timing Summary | WNS=-2.831 | TNS=-1430.302| WHS=N/A    | THS=N/A    |

 Number of Nodes with overlaps = 0
Phase 6.1 Delay CleanUp | Checksum: 248c3f099

Time (s): cpu = 00:07:41 ; elapsed = 00:05:16 . Memory (MB): peak = 2827.273 ; gain = 394.559

Phase 6.2 Clock Skew Optimization
Phase 6.2 Clock Skew Optimization | Checksum: 248c3f099

Time (s): cpu = 00:07:41 ; elapsed = 00:05:16 . Memory (MB): peak = 2827.273 ; gain = 394.559
Phase 6 Delay and Skew Optimization | Checksum: 248c3f099

Time (s): cpu = 00:07:42 ; elapsed = 00:05:16 . Memory (MB): peak = 2827.273 ; gain = 394.559

Phase 7 Post Hold Fix

Phase 7.1 Hold Fix Iter
INFO: [Route 35-416] Intermediate Timing Summary | WNS=-2.790 | TNS=-1361.949| WHS=0.081  | THS=0.000  |

Phase 7.1 Hold Fix Iter | Checksum: 19a34d40b

Time (s): cpu = 00:07:47 ; elapsed = 00:05:19 . Memory (MB): peak = 2827.273 ; gain = 394.559
Phase 7 Post Hold Fix | Checksum: 19a34d40b

Time (s): cpu = 00:07:47 ; elapsed = 00:05:19 . Memory (MB): peak = 2827.273 ; gain = 394.559

Phase 8 Route finalize

Router Utilization Summary
  Global Vertical Routing Utilization    = 37.6964 %
  Global Horizontal Routing Utilization  = 39.4368 %
  Routable Net Status*
  *Does not include unroutable nets such as driverless and loadless.
  Run report_route_status for detailed report.
  Number of Failed Nets               = 0
    (Failed Nets is the sum of unrouted and partially routed nets)
  Number of Unrouted Nets             = 0
  Number of Partially Routed Nets     = 0
  Number of Node Overlaps             = 0


--GLOBAL Congestion:
Utilization threshold used for congestion level computation: 0.85
Congestion Report
North Dir 2x2 Area, Max Cong = 85.3604%, Congestion bounded by tiles (Lower Left Tile -> Upper Right Tile):
   INT_L_X52Y76 -> INT_R_X53Y77
South Dir 2x2 Area, Max Cong = 89.8649%, Congestion bounded by tiles (Lower Left Tile -> Upper Right Tile):
   INT_L_X40Y68 -> INT_R_X41Y69
   INT_L_X18Y48 -> INT_R_X19Y49
   INT_L_X18Y46 -> INT_R_X19Y47
East Dir 2x2 Area, Max Cong = 93.0147%, Congestion bounded by tiles (Lower Left Tile -> Upper Right Tile):
   INT_L_X32Y66 -> INT_R_X33Y67
   INT_L_X32Y64 -> INT_R_X33Y65
   INT_L_X50Y64 -> INT_R_X51Y65
   INT_L_X36Y62 -> INT_R_X37Y63
   INT_L_X50Y60 -> INT_R_X51Y61
West Dir 2x2 Area, Max Cong = 90.0735%, Congestion bounded by tiles (Lower Left Tile -> Upper Right Tile):
   INT_L_X42Y64 -> INT_R_X43Y65
   INT_L_X52Y50 -> INT_R_X53Y51

------------------------------
Reporting congestion hotspots
------------------------------
Direction: North
----------------
Congested clusters found at Level 1
Effective congestion level: 2 Aspect Ratio: 0.5 Sparse Ratio: 0.5
Direction: South
----------------
Congested clusters found at Level 1
Effective congestion level: 2 Aspect Ratio: 0.5 Sparse Ratio: 0.5
Direction: East
----------------
Congested clusters found at Level 1
Effective congestion level: 2 Aspect Ratio: 0.5 Sparse Ratio: 1.25
Direction: West
----------------
Congested clusters found at Level 0
Effective congestion level: 2 Aspect Ratio: 0.8 Sparse Ratio: 0.6875

Phase 8 Route finalize | Checksum: 19a34d40b

Time (s): cpu = 00:07:48 ; elapsed = 00:05:19 . Memory (MB): peak = 2827.273 ; gain = 394.559

Phase 9 Verifying routed nets

 Verification completed successfully
Phase 9 Verifying routed nets | Checksum: 19a34d40b

Time (s): cpu = 00:07:48 ; elapsed = 00:05:19 . Memory (MB): peak = 2827.273 ; gain = 394.559

Phase 10 Depositing Routes
Phase 10 Depositing Routes | Checksum: 1c7131030

Time (s): cpu = 00:08:04 ; elapsed = 00:05:33 . Memory (MB): peak = 2827.273 ; gain = 394.559

Phase 11 Post Process Routing
Phase 11 Post Process Routing | Checksum: 1c7131030

Time (s): cpu = 00:08:05 ; elapsed = 00:05:34 . Memory (MB): peak = 2827.273 ; gain = 394.559

Phase 12 Post Router Timing
INFO: [Route 35-57] Estimated Timing Summary | WNS=-2.790 | TNS=-1361.949| WHS=0.081  | THS=0.000  |

WARNING: [Route 35-328] Router estimated timing not met.
Resolution: For a complete and accurate timing signoff, report_timing_summary must be run after route_design. Alternatively, route_design can be run with the -timing_summary option to enable a complete timing signoff at the end of route_design.
Phase 12 Post Router Timing | Checksum: 1c7131030

Time (s): cpu = 00:08:05 ; elapsed = 00:05:34 . Memory (MB): peak = 2827.273 ; gain = 394.559
Total Elapsed time in route_design: 333.802 secs

Phase 13 Post-Route Event Processing
Phase 13 Post-Route Event Processing | Checksum: 1833ebb2d

Time (s): cpu = 00:08:05 ; elapsed = 00:05:34 . Memory (MB): peak = 2827.273 ; gain = 394.559
INFO: [Route 35-16] Router Completed Successfully
Ending Routing Task | Checksum: 1833ebb2d

Time (s): cpu = 00:08:06 ; elapsed = 00:05:34 . Memory (MB): peak = 2827.273 ; gain = 394.559

Routing Is Done.
INFO: [Common 17-83] Releasing license: Implementation
218 Infos, 110 Warnings, 0 Critical Warnings and 0 Errors encountered.
route_design completed successfully
route_design: Time (s): cpu = 00:08:08 ; elapsed = 00:05:36 . Memory (MB): peak = 2827.273 ; gain = 394.559
INFO: [Vivado 12-24828] Executing command : report_drc -file bd_0_wrapper_drc_routed.rpt -pb bd_0_wrapper_drc_routed.pb -rpx bd_0_wrapper_drc_routed.rpx
Command: report_drc -file bd_0_wrapper_drc_routed.rpt -pb bd_0_wrapper_drc_routed.pb -rpx bd_0_wrapper_drc_routed.rpx
INFO: [IP_Flow 19-1839] IP Catalog is up to date.
INFO: [DRC 23-27] Running DRC with 2 threads
WARNING: [DRC 23-814] Not all possible (connectivity based) DRCs may have been run because this design is seen as Out of Context.
INFO: [Vivado_Tcl 2-168] The results of DRC are in file C:/Users/hp/HW-AFDM-OTFS/hls/proj/mp_S16_small/sol/impl/verilog/project.runs/impl_1/bd_0_wrapper_drc_routed.rpt.
report_drc completed successfully
report_drc: Time (s): cpu = 00:00:22 ; elapsed = 00:00:12 . Memory (MB): peak = 2827.273 ; gain = 0.000
INFO: [Vivado 12-24828] Executing command : report_methodology -file bd_0_wrapper_methodology_drc_routed.rpt -pb bd_0_wrapper_methodology_drc_routed.pb -rpx bd_0_wrapper_methodology_drc_routed.rpx
Command: report_methodology -file bd_0_wrapper_methodology_drc_routed.rpt -pb bd_0_wrapper_methodology_drc_routed.pb -rpx bd_0_wrapper_methodology_drc_routed.rpx
INFO: [Timing 38-35] Done setting XDC timing constraints.
WARNING: [Timing 38-242] The property HD.CLK_SRC of clock port "ap_clk" is not set. In out-of-context mode, this prevents timing estimation for clock delay/skew
Resolution: Set the HD.CLK_SRC property of the out-of-context port to the location of the clock buffer instance in the top-level design
INFO: [DRC 23-133] Running Methodology with 2 threads
WARNING: [DRC 23-814] Not all possible (connectivity based) DRCs may have been run because this design is seen as Out of Context.
INFO: [Vivado_Tcl 2-1520] The results of Report Methodology are in file C:/Users/hp/HW-AFDM-OTFS/hls/proj/mp_S16_small/sol/impl/verilog/project.runs/impl_1/bd_0_wrapper_methodology_drc_routed.rpt.
report_methodology completed successfully
report_methodology: Time (s): cpu = 00:01:05 ; elapsed = 00:00:35 . Memory (MB): peak = 2827.273 ; gain = 0.000
INFO: [Vivado 12-24828] Executing command : report_timing_summary -max_paths 10 -routable_nets -report_unconstrained -file bd_0_wrapper_timing_summary_routed.rpt -pb bd_0_wrapper_timing_summary_routed.pb -rpx bd_0_wrapper_timing_summary_routed.rpx -warn_on_violation 
INFO: [Timing 38-35] Done setting XDC timing constraints.
INFO: [Timing 38-91] UpdateTimingParams: Speed grade: -1, Delay Type: min_max.
INFO: [Timing 38-191] Multithreading enabled for timing update using a maximum of 2 CPUs
CRITICAL WARNING: [Timing 38-282] The design failed to meet the timing requirements. Please see the timing summary report for details on the timing violations.
report_timing_summary: Time (s): cpu = 00:00:14 ; elapsed = 00:00:11 . Memory (MB): peak = 2827.273 ; gain = 0.000
INFO: [Vivado 12-24838] Running report commands "report_incremental_reuse, report_route_status" in parallel.
Running report generation with 2 threads.
INFO: [Vivado 12-24828] Executing command : report_incremental_reuse -file bd_0_wrapper_incremental_reuse_routed.rpt
INFO: [Vivado_Tcl 4-1062] Incremental flow is disabled. No incremental reuse Info to report.
INFO: [Vivado 12-24828] Executing command : report_route_status -file bd_0_wrapper_route_status.rpt -pb bd_0_wrapper_route_status.pb
INFO: [Vivado 12-24828] Executing command : report_power -file bd_0_wrapper_power_routed.rpt -pb bd_0_wrapper_power_summary_routed.pb -rpx bd_0_wrapper_power_routed.rpx
Command: report_power -file bd_0_wrapper_power_routed.rpt -pb bd_0_wrapper_power_summary_routed.pb -rpx bd_0_wrapper_power_routed.rpx
Running Vector-less Activity Propagation...

Finished Running Vector-less Activity Propagation
235 Infos, 113 Warnings, 1 Critical Warnings and 0 Errors encountered.
report_power completed successfully
report_power: Time (s): cpu = 00:00:32 ; elapsed = 00:00:22 . Memory (MB): peak = 2827.273 ; gain = 0.000
INFO: [Vivado 12-24828] Executing command : report_clock_utilization -file bd_0_wrapper_clock_utilization_routed.rpt
INFO: [Vivado 12-24828] Executing command : report_bus_skew -warn_on_violation -file bd_0_wrapper_bus_skew_routed.rpt -pb bd_0_wrapper_bus_skew_routed.pb -rpx bd_0_wrapper_bus_skew_routed.rpx
INFO: [Timing 38-91] UpdateTimingParams: Speed grade: -1, Delay Type: min_max.
INFO: [Timing 38-191] Multithreading enabled for timing update using a maximum of 2 CPUs
generate_parallel_reports: Time (s): cpu = 00:02:16 ; elapsed = 00:01:22 . Memory (MB): peak = 2827.273 ; gain = 0.000
INFO: [Timing 38-480] Writing timing data to binary archive.
Wrote PlaceDB: Time (s): cpu = 00:00:00 ; elapsed = 00:00:00 . Memory (MB): peak = 2827.273 ; gain = 0.000
Wrote PulsedLatchDB: Time (s): cpu = 00:00:00 ; elapsed = 00:00:00 . Memory (MB): peak = 2827.273 ; gain = 0.000
Writing XDEF routing.
Writing XDEF routing logical nets.
Write ShapeDB Complete: Time (s): cpu = 00:00:01 ; elapsed = 00:00:00.285 . Memory (MB): peak = 2827.273 ; gain = 0.000
Writing XDEF routing special nets.
Wrote RouteStorage: Time (s): cpu = 00:00:09 ; elapsed = 00:00:02 . Memory (MB): peak = 2827.273 ; gain = 0.000
Wrote PlaceStorage: Time (s): cpu = 00:00:09 ; elapsed = 00:00:05 . Memory (MB): peak = 2827.273 ; gain = 0.000
Wrote Netlist Cache: Time (s): cpu = 00:00:00 ; elapsed = 00:00:00.205 . Memory (MB): peak = 2827.273 ; gain = 0.000
Wrote Device Cache: Time (s): cpu = 00:00:00 ; elapsed = 00:00:00.018 . Memory (MB): peak = 2827.273 ; gain = 0.000
Write Physdb Complete: Time (s): cpu = 00:00:18 ; elapsed = 00:00:07 . Memory (MB): peak = 2827.273 ; gain = 0.000
INFO: [Common 17-1381] The checkpoint 'C:/Users/hp/HW-AFDM-OTFS/hls/proj/mp_S16_small/sol/impl/verilog/project.runs/impl_1/bd_0_wrapper_routed.dcp' has been generated.
write_checkpoint: Time (s): cpu = 00:00:21 ; elapsed = 00:00:11 . Memory (MB): peak = 2827.273 ; gain = 0.000
INFO: [Common 17-206] Exiting Vivado at Tue Sep 29 21:32:51 2026...
[Tue Sep 29 21:32:55 2026] impl_1 finished
wait_on_runs: Time (s): cpu = 00:00:03 ; elapsed = 00:17:51 . Memory (MB): peak = 2913.402 ; gain = 0.000
TIMESTAMP: HLS-REPORT: implementation open_run: 2026-09-29 21:32:55 +0530
INFO: HLS-REPORT: Opening implementation design database: open_run impl_1
Netlist sorting complete. Time (s): cpu = 00:00:00 ; elapsed = 00:00:00.688 . Memory (MB): peak = 2913.402 ; gain = 0.000
INFO: [Netlist 29-17] Analyzing 9520 Unisim elements for replacement
INFO: [Netlist 29-28] Unisim Transformation completed in 0 CPU seconds
INFO: [Project 1-479] Netlist was created with Vivado 2025.2
INFO: [Project 1-570] Preparing netlist for logic optimization
Read ShapeDB Complete: Time (s): cpu = 00:00:01 ; elapsed = 00:00:00.272 . Memory (MB): peak = 2913.402 ; gain = 0.000
INFO: [Timing 38-478] Restoring timing data from binary archive.
INFO: [Timing 38-479] Binary timing data restore complete.
INFO: [Project 1-856] Restoring constraints from binary archive.
INFO: [Project 1-853] Binary constraint restore complete.
INFO: [Designutils 20-5722] Start Reading Physical Databases.
Reading placement.
Read Netlist Cache: Time (s): cpu = 00:00:00 ; elapsed = 00:00:00.139 . Memory (MB): peak = 3015.098 ; gain = 0.000
Reading placer database...
Read Device Cache: Time (s): cpu = 00:00:00 ; elapsed = 00:00:00.018 . Memory (MB): peak = 3015.098 ; gain = 0.000
Read PlaceDB: Time (s): cpu = 00:00:00 ; elapsed = 00:00:00 . Memory (MB): peak = 3015.098 ; gain = 0.000
Read placeStorage: Time (s): cpu = 00:00:02 ; elapsed = 00:00:02 . Memory (MB): peak = 3058.559 ; gain = 43.461
Read PulsedLatchDB: Time (s): cpu = 00:00:00 ; elapsed = 00:00:00 . Memory (MB): peak = 3058.559 ; gain = 0.000
Reading routing.
Read RouteStorage: Time (s): cpu = 00:00:02 ; elapsed = 00:00:01 . Memory (MB): peak = 3118.324 ; gain = 59.766
Read Physdb Files: Time (s): cpu = 00:00:04 ; elapsed = 00:00:04 . Memory (MB): peak = 3118.324 ; gain = 103.227
Restored from archive | CPU: 4.000000 secs | Memory: 0.000000 MB |
Finished XDEF File Restore: Time (s): cpu = 00:00:04 ; elapsed = 00:00:04 . Memory (MB): peak = 3118.324 ; gain = 103.227
Netlist sorting complete. Time (s): cpu = 00:00:00 ; elapsed = 00:00:00.035 . Memory (MB): peak = 3196.945 ; gain = 0.000
INFO: [Project 1-111] Unisim Transformation Summary:
  A total of 3 instances were transformed.
  RAM256X1S => RAM256X1S (MUXF7(x2), MUXF8, RAMS64E(x4)): 2 instances
  SRLC32E => SRL16E: 1 instance 

open_run: Time (s): cpu = 00:00:16 ; elapsed = 00:00:16 . Memory (MB): peak = 3196.945 ; gain = 283.543
TIMESTAMP: HLS-REPORT: implementation generate_reports_vivado: 2026-09-29 21:33:11 +0530
INFO: HLS-REPORT: Running report: report_utilization -file ./report/mp_detect_utilization_routed.rpt
INFO: HLS-REPORT: Running report: report_utilization -hierarchical -hierarchical_depth 6 -file ./report/mp_detect_utilization_hierarchical_routed.rpt
INFO: HLS-REPORT: Running report: report_timing_summary -file ./report/mp_detect_timing_routed.rpt
INFO: [Timing 38-91] UpdateTimingParams: Speed grade: -1, Delay Type: min_max.
INFO: [Timing 38-191] Multithreading enabled for timing update using a maximum of 2 CPUs
WARNING: [Timing 38-242] The property HD.CLK_SRC of clock port "ap_clk" is not set. In out-of-context mode, this prevents timing estimation for clock delay/skew
Resolution: Set the HD.CLK_SRC property of the out-of-context port to the location of the clock buffer instance in the top-level design
report_timing_summary: Time (s): cpu = 00:00:54 ; elapsed = 00:00:32 . Memory (MB): peak = 3355.500 ; gain = 149.621
INFO: HLS-REPORT: Running report: report_power -file ./report/mp_detect_power_routed.rpt -xpe ./mp_detect_power.xpe
Command: report_power -file ./report/mp_detect_power_routed.rpt -xpe ./mp_detect_power.xpe
Running Vector-less Activity Propagation...

Finished Running Vector-less Activity Propagation
13 Infos, 2 Warnings, 0 Critical Warnings and 0 Errors encountered.
report_power completed successfully
report_power: Time (s): cpu = 00:00:50 ; elapsed = 00:00:30 . Memory (MB): peak = 3578.102 ; gain = 222.602
INFO: HLS-REPORT: Running report: report_route_status -file ./report/mp_detect_status_routed.rpt
INFO: HLS-REPORT: Running report: report_timing -max_paths 10 -file ./report/mp_detect_timing_paths_routed.rpt
INFO: [Timing 38-91] UpdateTimingParams: Speed grade: -1, Delay Type: max.
INFO: [Timing 38-191] Multithreading enabled for timing update using a maximum of 2 CPUs
INFO: [Timing 38-78] ReportTimingParams: -max_paths 10 -nworst 1 -delay_type max -sort_by slack.
INFO: HLS-REPORT: Running report: report_design_analysis -file ./report/mp_detect_design_analysis_routed.rpt
INFO: HLS-REPORT: Running report: ::tclapp::xilinx::designutils::report_failfast -detailed_report impl -file ./report/mp_detect_failfast_routed.rpt
 -I- design metrics completed in 4 seconds
 -I- DONT_TOUCH metric completed in 6 seconds
 -I- MARK_DEBUG metric completed in 2 seconds
 -I- utilization metrics completed in 3 seconds
 -I- control set metrics completed in 0 seconds
 -I- methodology check metrics completed in 7 seconds
 -I- average fanout metrics completed in 26 seconds (4 modules)
 -I- Generated file C:/Users/hp/HW-AFDM-OTFS/hls/proj/mp_S16_small/sol/impl/verilog/report/impl.AVGFO.rpt
 -I- non-FD high fanout nets completed in 12 seconds
 -I- path budgeting metrics completed in 5 seconds
#  +------------------------------------------------------------------------------------------+
#  | Design Summary                                                                           |
#  | impl_1                                                                                   |
#  | xc7z020clg484-1                                                                          |
#  +-----------------------------------------------------------+-----------+---------+--------+
#  | Criteria                                                  | Guideline | Actual  | Status |
#  +-----------------------------------------------------------+-----------+---------+--------+
#  | LUT                                                       | 70%       | 80.49%  | REVIEW |
#  | FD                                                        | 50%       | 36.00%  | OK     |
#  | LUTRAM+SRL                                                | 25%       | 7.51%   | OK     |
#  | MUXF7                                                     | 15%       | 0.02%   | OK     |
#  | LUT Combining                                             | 20%       | 20.57%  | REVIEW |
#  | DSP                                                       | 80%       | 100.00% | REVIEW |
#  | RAMB/FIFO                                                 | 80%       | 11.43%  | OK     |
#  | DSP+RAMB+URAM (Avg)                                       | 70%       | 55.72%  | OK     |
#  | BUFGCE* + BUFGCTRL                                        | 24        | 0       | OK     |
#  | DONT_TOUCH (cells/nets)                                   | 0         | 0       | OK     |
#  | MARK_DEBUG (nets)                                         | 0         | 0       | OK     |
#  | Control Sets                                              | 998       | 319     | OK     |
#  | Average Fanout for modules > 100k cells                   | 4         | 2.28    | OK     |
#  | Max Average Fanout for modules > 100k cells               | 4         | 2.28    | OK     |
#  | Non-FD high fanout nets > 10k loads                       | 0         | 0       | OK     |
#  +-----------------------------------------------------------+-----------+---------+--------+
#  | TIMING-6 (No common primary clock between related clocks) | 0         | 0       | OK     |
#  | TIMING-7 (No common node between related clocks)          | 0         | 0       | OK     |
#  | TIMING-8 (No common period between related clocks)        | 0         | 0       | OK     |
#  | TIMING-14 (LUT on the clock tree)                         | 0         | 0       | OK     |
#  | TIMING-35 (No common node in paths with the same clock)   | 0         | 0       | OK     |
#  +-----------------------------------------------------------+-----------+---------+--------+
#  | Number of paths above max LUT budgeting (0.575ns)         | 0         | 0       | OK     |
#  | Number of paths above max Net budgeting (0.403ns)         | 0         | 0       | OK     |
#  +-----------------------------------------------------------+-----------+---------+--------+
 -I- Generated file C:/Users/hp/HW-AFDM-OTFS/hls/proj/mp_S16_small/sol/impl/verilog/report/mp_detect_failfast_routed.rpt
 -I- Number of criteria to review: 3
 -I- This report should be run before placing the design and uses conservative guidelines beyond which runtime and timing closure will likely be more challenging
 -I- report_failfast completed in 65 seconds
TIMESTAMP: HLS-REPORT: implementation gen_data_dict_vivado: 2026-09-29 21:35:28 +0530
TIMESTAMP: HLS-REPORT: impl extract_util_hier: 2026-09-29 21:35:28 +0530
TIMESTAMP: HLS-REPORT: impl get_cell_hier_data: 2026-09-29 21:35:28 +0530
TIMESTAMP: HLS-REPORT: impl get_timing_paths: 2026-09-29 21:35:29 +0530
TIMESTAMP: HLS-REPORT: impl process timing paths: 2026-09-29 21:35:29 +0530
TIMESTAMP: HLS-REPORT: impl get_all_vv_rpt_files: 2026-09-29 21:35:30 +0530
TIMESTAMP: HLS-REPORT: implementation write_reports_vivado: 2026-09-29 21:35:30 +0530
HLS EXTRACTION: impl area_totals:  13300 53200 106400 220 280 0 0
HLS EXTRACTION: impl area_current: 13299 42819 38305 220 32 0 1299 0 0 0
HLS EXTRACTION: impl resources_dict: AVAIL_SLICE 13300 SLICE 13299 AVAIL_LUT 53200 LUT 42819 AVAIL_FF 106400 FF 38305 AVAIL_DSP 220 DSP 220 AVAIL_BRAM 280 BRAM 32 AVAIL_URAM 0 URAM 0 LATCH 0 SRL 1299 AVAIL_CLB 0 CLB 0
INFO: HLS-REPORT: generated C:/Users/hp/HW-AFDM-OTFS/hls/proj/mp_S16_small/sol/impl/verilog/report/vivado_impl.xml
INFO: HLS-REPORT: generated C:/Users/hp/HW-AFDM-OTFS/hls/proj/mp_S16_small/sol/impl/report/verilog/mp_detect_export.rpt


Implementation tool: Xilinx Vivado v.2025.2
Project:             mp_S16_small
Solution:            sol
Device target:       xc7z020-clg484-1
Report date:         Tue Sep 29 21:35:30 +0530 2026

#=== Post-Implementation Resource usage ===
SLICE:        13299
LUT:          42819
FF:           38305
DSP:            220
BRAM:            32
URAM:             0
LATCH:            0
SRL:           1299
CLB:              0

#=== Final timing ===
CP required:                     10.000
CP achieved post-synthesis:      12.575
CP achieved post-implementation: 12.819
Timing not met

TIMESTAMP: HLS-REPORT: implementation end: 2026-09-29 21:35:30 +0530
INFO: HLS-REPORT: impl run complete: worst setup slack (WNS)=-2.819149, worst hold slack (WHS)=0.082347, total pulse width slack(TPWS)=0.000000, number of unrouted nets=0
Vivado implementation timing failed: WNS (-2.819149) is less than 0
# hls_vivado_reports_finalize $report_options
TIMESTAMP: HLS-REPORT: all reports complete: 2026-09-29 21:35:30 +0530
INFO: [Common 17-206] Exiting Vivado at Tue Sep 29 21:35:30 2026...
INFO: [HLS 200-802] Generated output file mp_S16_small/sol/impl/export.zip
INFO: [HLS 200-2161] Finished Command export_design Elapsed time: 00:49:08; Allocated memory: 11.980 MB.
INFO: [HLS 200-112] Total CPU user time: 183 seconds. Total CPU system time: 30 seconds. Total elapsed time: 3828.48 seconds; peak allocated memory: 1.018 GB.
INFO: [vitis-run 60-791] Total elapsed time: 1h 3m 51s
INFO: [vitis-run 60-1662] Stopping dispatch session having empty uuid.
