  **** HLS Build v2025.2 6295257
Sourcing Tcl script 'C:/Users/hp/HW-AFDM-OTFS/hls/scripts/run_mp_hls.tcl'
INFO: [HLS 200-1510] Running: open_project -reset mp_S16_small_flat 
WARNING: [HLS 200-2182] The 'mp_S16_small_flat' project will not automatically appear within Vitis IDE workspaces and is meant only for TCL batch use.  Please use open_component instead of open_project/open_solution to generate Vitis IDE compatible component files and directory structure.
Resolution: For help on HLS 200-2182 see docs.amd.com/access/sources/dita/topic?Doc_Version=2025.2%20English&url=ug1448-hls-guidance&resourceid=200-2182.html
INFO: [HLS 200-10] Creating and opening solution 'C:/Users/hp/HW-AFDM-OTFS/hls/proj/mp_S16_small_flat'.
INFO: [HLS 200-1510] Running: set_top mp_detect 
INFO: [HLS 200-1510] Running: add_files C:/Users/hp/HW-AFDM-OTFS/hls/src/mp.cpp -cflags -DMP_S=16 -DMP_WT=10 -DMP_WP=10 -DMP_WM=14 -DMP_WV=14 -DMP_WL=14 -IC:/Users/hp/HW-AFDM-OTFS/hls/src 
INFO: [HLS 200-10] Adding design file 'C:/Users/hp/HW-AFDM-OTFS/hls/src/mp.cpp' to the project
INFO: [HLS 200-1510] Running: add_files -tb C:/Users/hp/HW-AFDM-OTFS/hls/tb/tb_mp.cpp -cflags -DMP_S=16 -DMP_WT=10 -DMP_WP=10 -DMP_WM=14 -DMP_WV=14 -DMP_WL=14 -IC:/Users/hp/HW-AFDM-OTFS/hls/src 
INFO: [HLS 200-10] Adding test bench file 'C:/Users/hp/HW-AFDM-OTFS/hls/tb/tb_mp.cpp' to the project
INFO: [HLS 200-1510] Running: open_solution -reset sol -flow_target vivado 
INFO: [HLS 200-10] Creating and opening solution 'C:/Users/hp/HW-AFDM-OTFS/hls/proj/mp_S16_small_flat/sol'.
INFO: [HLS 200-10] Cleaning up the solution database.
INFO: [HLS 200-1505] Using flow_target 'vivado'
Resolution: For help on HLS 200-1505 see docs.amd.com/access/sources/dita/topic?Doc_Version=2025.2%20English&url=ug1448-hls-guidance&resourceid=200-1505.html
INFO: [HLS 200-1510] Running: set_part xc7z020clg484-1 
INFO: [HLS 200-1611] Setting target device to 'xc7z020-clg484-1'
INFO: [HLS 200-1510] Running: create_clock -period 10.0 -name default 
INFO: [SYN 201-201] Setting up clock 'default' with a period of 10ns.
INFO: [HLS 200-1510] Running: csynth_design 
INFO: [HLS 200-111] Finished File checks and directory preparation: CPU user time: 0 seconds. CPU system time: 0 seconds. Elapsed time: 3.333 seconds; current allocated memory: 138.855 MB.
INFO: [HLS 200-2191] C-Synthesis will use clang-16 as the compiler
INFO: [HLS 200-10] Analyzing design file '../src/mp.cpp' ... 
INFO: [HLS 200-111] Finished Source Code Analysis and Preprocessing: CPU user time: 0 seconds. CPU system time: 1 seconds. Elapsed time: 18.984 seconds; current allocated memory: 141.707 MB.
INFO: [HLS 200-777] Using interface defaults for 'Vivado' flow target.
INFO: [HLS 200-1995] There were 25,092 instructions in the design after the 'Compile/Link' phase of compilation. See the Design Size Report for more details (C:/Users/hp/HW-AFDM-OTFS/hls/proj/mp_S16_small_flat/sol/syn/report/csynth_design_size.rpt:2)
INFO: [HLS 200-1995] There were 6,893 instructions in the design after the 'Unroll/Inline (step 1)' phase of compilation. See the Design Size Report for more details (C:/Users/hp/HW-AFDM-OTFS/hls/proj/mp_S16_small_flat/sol/syn/report/csynth_design_size.rpt:2)
INFO: [HLS 200-1995] There were 2,965 instructions in the design after the 'Unroll/Inline (step 2)' phase of compilation. See the Design Size Report for more details (C:/Users/hp/HW-AFDM-OTFS/hls/proj/mp_S16_small_flat/sol/syn/report/csynth_design_size.rpt:2)
INFO: [HLS 200-1995] There were 2,882 instructions in the design after the 'Unroll/Inline (step 3)' phase of compilation. See the Design Size Report for more details (C:/Users/hp/HW-AFDM-OTFS/hls/proj/mp_S16_small_flat/sol/syn/report/csynth_design_size.rpt:2)
INFO: [HLS 200-1995] There were 2,788 instructions in the design after the 'Unroll/Inline (step 4)' phase of compilation. See the Design Size Report for more details (C:/Users/hp/HW-AFDM-OTFS/hls/proj/mp_S16_small_flat/sol/syn/report/csynth_design_size.rpt:2)
INFO: [HLS 200-1995] There were 2,960 instructions in the design after the 'Array/Struct (step 1)' phase of compilation. See the Design Size Report for more details (C:/Users/hp/HW-AFDM-OTFS/hls/proj/mp_S16_small_flat/sol/syn/report/csynth_design_size.rpt:2)
INFO: [HLS 200-1995] There were 2,852 instructions in the design after the 'Array/Struct (step 2)' phase of compilation. See the Design Size Report for more details (C:/Users/hp/HW-AFDM-OTFS/hls/proj/mp_S16_small_flat/sol/syn/report/csynth_design_size.rpt:2)
INFO: [HLS 200-1995] There were 2,872 instructions in the design after the 'Array/Struct (step 3)' phase of compilation. See the Design Size Report for more details (C:/Users/hp/HW-AFDM-OTFS/hls/proj/mp_S16_small_flat/sol/syn/report/csynth_design_size.rpt:2)
INFO: [HLS 200-1995] There were 2,871 instructions in the design after the 'Array/Struct (step 4)' phase of compilation. See the Design Size Report for more details (C:/Users/hp/HW-AFDM-OTFS/hls/proj/mp_S16_small_flat/sol/syn/report/csynth_design_size.rpt:2)
INFO: [HLS 200-1995] There were 2,874 instructions in the design after the 'Array/Struct (step 5)' phase of compilation. See the Design Size Report for more details (C:/Users/hp/HW-AFDM-OTFS/hls/proj/mp_S16_small_flat/sol/syn/report/csynth_design_size.rpt:2)
INFO: [HLS 200-1995] There were 2,859 instructions in the design after the 'Performance (step 1)' phase of compilation. See the Design Size Report for more details (C:/Users/hp/HW-AFDM-OTFS/hls/proj/mp_S16_small_flat/sol/syn/report/csynth_design_size.rpt:2)
INFO: [HLS 200-1995] There were 2,832 instructions in the design after the 'Performance (step 2)' phase of compilation. See the Design Size Report for more details (C:/Users/hp/HW-AFDM-OTFS/hls/proj/mp_S16_small_flat/sol/syn/report/csynth_design_size.rpt:2)
INFO: [HLS 200-1995] There were 2,803 instructions in the design after the 'Performance (step 3)' phase of compilation. See the Design Size Report for more details (C:/Users/hp/HW-AFDM-OTFS/hls/proj/mp_S16_small_flat/sol/syn/report/csynth_design_size.rpt:2)
INFO: [HLS 200-1995] There were 2,803 instructions in the design after the 'Performance (step 4)' phase of compilation. See the Design Size Report for more details (C:/Users/hp/HW-AFDM-OTFS/hls/proj/mp_S16_small_flat/sol/syn/report/csynth_design_size.rpt:2)
INFO: [HLS 200-1995] There were 2,818 instructions in the design after the 'HW Transforms (step 1)' phase of compilation. See the Design Size Report for more details (C:/Users/hp/HW-AFDM-OTFS/hls/proj/mp_S16_small_flat/sol/syn/report/csynth_design_size.rpt:2)
INFO: [HLS 200-1995] There were 2,861 instructions in the design after the 'HW Transforms (step 2)' phase of compilation. See the Design Size Report for more details (C:/Users/hp/HW-AFDM-OTFS/hls/proj/mp_S16_small_flat/sol/syn/report/csynth_design_size.rpt:2)
INFO: [HLS 214-291] Loop 'VITIS_LOOP_69_3' is marked as complete unroll implied by the pipeline pragma (../src/mp.cpp:69:30)
INFO: [HLS 214-291] Loop 'VITIS_LOOP_94_4' is marked as complete unroll implied by the pipeline pragma (../src/mp.cpp:94:30)
INFO: [HLS 214-291] Loop 'VITIS_LOOP_105_5' is marked as complete unroll implied by the pipeline pragma (../src/mp.cpp:105:31)
INFO: [HLS 214-291] Loop 'VITIS_LOOP_111_6' is marked as complete unroll implied by the pipeline pragma (../src/mp.cpp:111:31)
INFO: [HLS 214-291] Loop 'VITIS_LOOP_120_7' is marked as complete unroll implied by the pipeline pragma (../src/mp.cpp:120:31)
INFO: [HLS 214-291] Loop 'VITIS_LOOP_122_8' is marked as complete unroll implied by the pipeline pragma (../src/mp.cpp:122:31)
INFO: [HLS 214-291] Loop 'VITIS_LOOP_125_9' is marked as complete unroll implied by the pipeline pragma (../src/mp.cpp:125:31)
INFO: [HLS 214-291] Loop 'VITIS_LOOP_126_10' is marked as complete unroll implied by the pipeline pragma (../src/mp.cpp:126:32)
INFO: [HLS 214-291] Loop 'VITIS_LOOP_140_11' is marked as complete unroll implied by the pipeline pragma (../src/mp.cpp:140:32)
INFO: [HLS 214-291] Loop 'VITIS_LOOP_142_12' is marked as complete unroll implied by the pipeline pragma (../src/mp.cpp:142:32)
INFO: [HLS 214-186] Unrolling loop 'VITIS_LOOP_69_3' (../src/mp.cpp:69:30) in function 'mp_detect' completely with a factor of 4 (../src/mp.cpp:26:0)
INFO: [HLS 214-186] Unrolling loop 'VITIS_LOOP_94_4' (../src/mp.cpp:94:30) in function 'mp_detect' completely with a factor of 4 (../src/mp.cpp:26:0)
INFO: [HLS 214-186] Unrolling loop 'VITIS_LOOP_105_5' (../src/mp.cpp:105:31) in function 'mp_detect' completely with a factor of 4 (../src/mp.cpp:26:0)
INFO: [HLS 214-186] Unrolling loop 'VITIS_LOOP_111_6' (../src/mp.cpp:111:31) in function 'mp_detect' completely with a factor of 4 (../src/mp.cpp:26:0)
INFO: [HLS 214-186] Unrolling loop 'VITIS_LOOP_120_7' (../src/mp.cpp:120:31) in function 'mp_detect' completely with a factor of 4 (../src/mp.cpp:26:0)
INFO: [HLS 214-186] Unrolling loop 'VITIS_LOOP_122_8' (../src/mp.cpp:122:31) in function 'mp_detect' completely with a factor of 3 (../src/mp.cpp:26:0)
INFO: [HLS 214-186] Unrolling loop 'VITIS_LOOP_125_9' (../src/mp.cpp:125:31) in function 'mp_detect' completely with a factor of 4 (../src/mp.cpp:26:0)
INFO: [HLS 214-186] Unrolling loop 'VITIS_LOOP_126_10' (../src/mp.cpp:126:32) in function 'mp_detect' completely with a factor of 4 (../src/mp.cpp:26:0)
INFO: [HLS 214-186] Unrolling loop 'VITIS_LOOP_140_11' (../src/mp.cpp:140:32) in function 'mp_detect' completely with a factor of 3 (../src/mp.cpp:26:0)
INFO: [HLS 214-186] Unrolling loop 'VITIS_LOOP_142_12' (../src/mp.cpp:142:32) in function 'mp_detect' completely with a factor of 4 (../src/mp.cpp:26:0)
INFO: [HLS 214-248] Applying array_partition to '_ZZ9mp_detectPK5cdataPA16_K7ap_uintILi8EEPA16_K4ctap9ap_ufixedILi14ELi4EL9ap_q_mode0EL9ap_o_mode0ELi0EEPKSE_PKS2_ILi1EEPS2_ILi2EERS3_E2Lt': Complete partitioning on dimension 2. (../src/mp.cpp:29:0)
INFO: [HLS 214-248] Applying array_partition to '_ZZ9mp_detectPK5cdataPA16_K7ap_uintILi8EEPA16_K4ctap9ap_ufixedILi14ELi4EL9ap_q_mode0EL9ap_o_mode0ELi0EEPKSE_PKS2_ILi1EEPS2_ILi2EERS3_E2LL': Complete partitioning on dimension 3. (../src/mp.cpp:28:0)
INFO: [HLS 214-248] Applying array_partition to '_ZZ9mp_detectPK5cdataPA16_K7ap_uintILi8EEPA16_K4ctap9ap_ufixedILi14ELi4EL9ap_q_mode0EL9ap_o_mode0ELi0EEPKSE_PKS2_ILi1EEPS2_ILi2EERS3_E1P': Complete partitioning on dimension 3. (../src/mp.cpp:27:0)
INFO: [HLS 214-241] Aggregating bram variable 'h' with compact=bit mode in 20-bits
INFO: [HLS 214-241] Aggregating bram variable 'col' with compact=bit mode in 8-bits
INFO: [HLS 214-241] Aggregating bram variable 'y' with compact=bit mode in 24-bits (../src/mp.cpp:26:0)
INFO: [HLS 214-376] Pipelining loop< VITIS_LOOP_44_2> at ../src/mp.cpp:44:30 due to pipeline_loops threshold
INFO: [HLS 214-376] Pipelining loop< count_data> at ../src/mp.cpp:49:5 due to pipeline_loops threshold
INFO: [HLS 214-376] Pipelining loop< keep> at ../src/mp.cpp:149:13 due to pipeline_loops threshold
INFO: [HLS 214-364] Automatically inlining function 'exp_lut(ap_fixed<18, 13, (ap_q_mode)0, (ap_o_mode)0, 0>)' to improve effectiveness of pipeline pragma in function 'mp_detect(cdata const*, ap_uint<8> const (*) [16], ctap const (*) [16], ap_ufixed<14, 4, (ap_q_mode)0, (ap_o_mode)0, 0>, ap_ufixed<14, 4, (ap_q_mode)0, (ap_o_mode)0, 0> const*, ap_uint<1> const*, ap_uint<2>*, ap_uint<8>&)' (../src/mp.cpp:125:69)
INFO: [HLS 214-364] Automatically inlining function 'exp_lut(ap_fixed<18, 13, (ap_q_mode)0, (ap_o_mode)0, 0>)' to improve effectiveness of pipeline pragma in function 'mp_detect(cdata const*, ap_uint<8> const (*) [16], ctap const (*) [16], ap_ufixed<14, 4, (ap_q_mode)0, (ap_o_mode)0, 0>, ap_ufixed<14, 4, (ap_q_mode)0, (ap_o_mode)0, 0> const*, ap_uint<1> const*, ap_uint<2>*, ap_uint<8>&)' (../src/mp.cpp:142:67)
INFO: [HLS 200-111] Finished Compiling Optimization and Transform: CPU user time: 1 seconds. CPU system time: 0 seconds. Elapsed time: 10.981 seconds; current allocated memory: 143.844 MB.
INFO: [HLS 200-111] Finished Checking Pragmas: CPU user time: 0 seconds. CPU system time: 0 seconds. Elapsed time: 0.005 seconds; current allocated memory: 143.844 MB.
INFO: [HLS 200-10] Starting code transformations ...
INFO: [HLS 200-111] Finished Standard Transforms: CPU user time: 0 seconds. CPU system time: 0 seconds. Elapsed time: 0.163 seconds; current allocated memory: 153.852 MB.
INFO: [HLS 200-10] Checking synthesizability ...
INFO: [HLS 200-111] Finished Checking Synthesizability: CPU user time: 0 seconds. CPU system time: 0 seconds. Elapsed time: 0.169 seconds; current allocated memory: 157.402 MB.
INFO: [XFORM 203-401] Performing if-conversion on hyperblock from (../src/mp.cpp:64:1) to (../src/mp.cpp:80:17) in function 'mp_detect'... converting 8 basic blocks.
INFO: [XFORM 203-401] Performing if-conversion on hyperblock from (../src/mp.cpp:85:1) to (../src/mp.cpp:84:9) in function 'mp_detect'... converting 3 basic blocks.
INFO: [XFORM 203-401] Performing if-conversion on hyperblock from (../src/mp.cpp:117:1) to (../src/mp.cpp:116:9) in function 'mp_detect'... converting 25 basic blocks.
INFO: [XFORM 203-401] Performing if-conversion on hyperblock from (../src/mp.cpp:137:1) to (../src/mp.cpp:136:9) in function 'mp_detect'... converting 17 basic blocks.
INFO: [HLS 200-111] Finished Loop, function and other optimizations: CPU user time: 1 seconds. CPU system time: 0 seconds. Elapsed time: 0.696 seconds; current allocated memory: 185.246 MB.
INFO: [HLS 200-2061] Successfully converted nested loops 'VITIS_LOOP_43_1'(../src/mp.cpp:43:26) and 'VITIS_LOOP_44_2'(../src/mp.cpp:44:30) in function 'mp_detect' into perfectly nested loops.
INFO: [HLS 200-2061] Successfully converted nested loops 'init'(../src/mp.cpp:42:5) and 'VITIS_LOOP_43_1'(../src/mp.cpp:43:26) in function 'mp_detect' into perfectly nested loops.
INFO: [XFORM 203-541] Flattening a loop nest 'VITIS_LOOP_43_1' (../src/mp.cpp:43:26) in function 'mp_detect'.
INFO: [XFORM 203-541] Flattening a loop nest 'init' (../src/mp.cpp:42:5) in function 'mp_detect'.
INFO: [HLS 200-111] Finished Architecture Synthesis: CPU user time: 1 seconds. CPU system time: 0 seconds. Elapsed time: 0.778 seconds; current allocated memory: 258.258 MB.
INFO: [HLS 200-10] Starting hardware synthesis ...
INFO: [HLS 200-10] Synthesizing 'mp_detect' ...
WARNING: [SYN 201-107] Renaming port name 'mp_detect/VAR' to 'mp_detect/VAR_r' to avoid the conflict with HDL keywords or other object names.
INFO: [HLS 200-10] ----------------------------------------------------------------
INFO: [HLS 200-42] -- Implementing module 'mp_detect_Pipeline_init_VITIS_LOOP_43_1_VITIS_LOOP_44_2' 
INFO: [HLS 200-10] ----------------------------------------------------------------
INFO: [SCHED 204-11] Starting scheduling ...
INFO: [SCHED 204-61] Pipelining loop 'init_VITIS_LOOP_43_1_VITIS_LOOP_44_2'.
INFO: [HLS 200-1470] Pipelining result : Target II = NA, Final II = 1, Depth = 3, loop 'init_VITIS_LOOP_43_1_VITIS_LOOP_44_2'
INFO: [SCHED 204-11] Finished scheduling.
INFO: [HLS 200-111] Finished Scheduling: CPU user time: 0 seconds. CPU system time: 0 seconds. Elapsed time: 0.227 seconds; current allocated memory: 262.430 MB.
INFO: [BIND 205-100] Starting micro-architecture generation ...
INFO: [BIND 205-101] Performing variable lifetime analysis.
INFO: [BIND 205-101] Exploring resource sharing.
INFO: [BIND 205-101] Binding ...
INFO: [BIND 205-100] Finished micro-architecture generation.
INFO: [HLS 200-111] Finished Binding: CPU user time: 0 seconds. CPU system time: 0 seconds. Elapsed time: 0.038 seconds; current allocated memory: 263.523 MB.
INFO: [HLS 200-10] ----------------------------------------------------------------
INFO: [HLS 200-42] -- Implementing module 'mp_detect_Pipeline_count_data' 
INFO: [HLS 200-10] ----------------------------------------------------------------
INFO: [SCHED 204-11] Starting scheduling ...
INFO: [SCHED 204-61] Pipelining loop 'count_data'.
INFO: [HLS 200-1470] Pipelining result : Target II = NA, Final II = 1, Depth = 2, loop 'count_data'
INFO: [SCHED 204-11] Finished scheduling.
INFO: [HLS 200-111] Finished Scheduling: CPU user time: 0 seconds. CPU system time: 0 seconds. Elapsed time: 0.051 seconds; current allocated memory: 263.730 MB.
INFO: [BIND 205-100] Starting micro-architecture generation ...
INFO: [BIND 205-101] Performing variable lifetime analysis.
INFO: [BIND 205-101] Exploring resource sharing.
INFO: [BIND 205-101] Binding ...
INFO: [BIND 205-100] Finished micro-architecture generation.
INFO: [HLS 200-111] Finished Binding: CPU user time: 0 seconds. CPU system time: 0 seconds. Elapsed time: 0.028 seconds; current allocated memory: 263.762 MB.
INFO: [HLS 200-10] ----------------------------------------------------------------
INFO: [HLS 200-42] -- Implementing module 'mp_detect_Pipeline_obs_mean' 
INFO: [HLS 200-10] ----------------------------------------------------------------
INFO: [SCHED 204-11] Starting scheduling ...
INFO: [HLS 200-486] Changing DSP latency (root=mul_ln79_2) to 3 in order to utilize available DSP registers.
INFO: [HLS 200-486] Changing DSP latency (root=sub_ln77) to 3 in order to utilize available DSP registers.
INFO: [SCHED 204-61] Pipelining loop 'obs_mean'.
WARNING: [HLS 200-887] Cannot meet target clock period from 'select' operation 14 bit ('empty_40', ../src/mp.cpp:66) to 'select' operation 14 bit ('muim', ../src/mp.cpp:78) (combination delay: 10.3312 ns) to honor II or Latency constraint in region 'obs_mean'.
Resolution: For help on HLS 200-887 see docs.amd.com/access/sources/dita/topic?Doc_Version=2025.2%20English&url=ug1448-hls-guidance&resourceid=200-887.html
WARNING: [HLS 200-887] Cannot meet target clock period from 'select' operation 14 bit ('empty_40', ../src/mp.cpp:66) to 'store' operation ('muim_write_ln60', ../src/mp.cpp:60) of variable 'muim', ../src/mp.cpp:78 14 bit on local variable 'muim', ../src/mp.cpp:60 (combination delay: 11.9192 ns) to honor II or Latency constraint in region 'obs_mean'.
Resolution: For help on HLS 200-887 see docs.amd.com/access/sources/dita/topic?Doc_Version=2025.2%20English&url=ug1448-hls-guidance&resourceid=200-887.html
INFO: [HLS 200-1470] Pipelining result : Target II = 1, Final II = 1, Depth = 9, loop 'obs_mean'
WARNING: [HLS 200-871] Estimated clock period (11.919 ns) exceeds the target (target clock period: 10.000 ns, clock uncertainty: 2.700 ns, effective delay budget: 7.300 ns).
Resolution: For help on HLS 200-871 see docs.amd.com/access/sources/dita/topic?Doc_Version=2025.2%20English&url=ug1448-hls-guidance&resourceid=200-871.html
WARNING: [HLS 200-1016] The critical path in module 'mp_detect_Pipeline_obs_mean' consists of the following:
	'load' operation 14 bit ('muim_load') on local variable 'muim', ../src/mp.cpp:60 [34]  (0.000 ns)
	'select' operation 14 bit ('empty_40', ../src/mp.cpp:66) [384]  (0.702 ns)
	'add' operation 25 bit ('add_ln78_1', ../src/mp.cpp:78) [387]  (4.166 ns)
	'add' operation 14 bit ('muim', ../src/mp.cpp:78) [393]  (1.812 ns)
	'xor' operation 1 bit ('xor_ln78', ../src/mp.cpp:78) [395]  (0.000 ns)
	'and' operation 1 bit ('and_ln78', ../src/mp.cpp:78) [396]  (0.978 ns)
	'select' operation 1 bit ('select_ln78', ../src/mp.cpp:78) [403]  (0.000 ns)
	'xor' operation 1 bit ('xor_ln78_2', ../src/mp.cpp:78) [408]  (0.000 ns)
	'or' operation 1 bit ('or_ln78', ../src/mp.cpp:78) [409]  (0.000 ns)
	'and' operation 1 bit ('and_ln78_3', ../src/mp.cpp:78) [411]  (0.993 ns)
	'or' operation 1 bit ('or_ln78_1', ../src/mp.cpp:78) [417]  (0.978 ns)
	'select' operation 14 bit ('muim', ../src/mp.cpp:78) [418]  (0.702 ns)
	'store' operation ('muim_write_ln60', ../src/mp.cpp:60) of variable 'muim', ../src/mp.cpp:78 14 bit on local variable 'muim', ../src/mp.cpp:60 [470]  (1.588 ns)

Resolution: For help on HLS 200-1016 see docs.amd.com/access/sources/dita/topic?Doc_Version=2025.2%20English&url=ug1448-hls-guidance&resourceid=200-1016.html
INFO: [SCHED 204-11] Finished scheduling.
INFO: [HLS 200-111] Finished Scheduling: CPU user time: 0 seconds. CPU system time: 0 seconds. Elapsed time: 1.854 seconds; current allocated memory: 269.676 MB.
INFO: [BIND 205-100] Starting micro-architecture generation ...
INFO: [BIND 205-101] Performing variable lifetime analysis.
INFO: [BIND 205-101] Exploring resource sharing.
INFO: [BIND 205-101] Binding ...
INFO: [BIND 205-100] Finished micro-architecture generation.
INFO: [HLS 200-111] Finished Binding: CPU user time: 0 seconds. CPU system time: 0 seconds. Elapsed time: 0.12 seconds; current allocated memory: 269.699 MB.
INFO: [HLS 200-10] ----------------------------------------------------------------
INFO: [HLS 200-42] -- Implementing module 'mp_detect_Pipeline_obs_ll' 
INFO: [HLS 200-10] ----------------------------------------------------------------
INFO: [SCHED 204-11] Starting scheduling ...
INFO: [HLS 200-486] Changing DSP latency (root=add_ln97_6) to 3 in order to utilize available DSP registers.
INFO: [HLS 200-486] Changing DSP latency (root=sub_ln96_4) to 3 in order to utilize available DSP registers.
INFO: [HLS 200-486] Changing DSP latency (root=add_ln97_4) to 3 in order to utilize available DSP registers.
INFO: [HLS 200-486] Changing DSP latency (root=add_ln97_2) to 3 in order to utilize available DSP registers.
INFO: [HLS 200-486] Changing DSP latency (root=add_ln97) to 3 in order to utilize available DSP registers.
INFO: [HLS 200-486] Changing DSP latency (root=sub_ln91) to 3 in order to utilize available DSP registers.
INFO: [HLS 200-486] Changing DSP latency (root=add_ln90) to 3 in order to utilize available DSP registers.
INFO: [HLS 200-486] Changing DSP latency (root=sub_ln89) to 3 in order to utilize available DSP registers.
INFO: [SCHED 204-61] Pipelining loop 'obs_ll'.
INFO: [HLS 200-1470] Pipelining result : Target II = 1, Final II = 1, Depth = 31, loop 'obs_ll'
INFO: [SCHED 204-11] Finished scheduling.
INFO: [HLS 200-111] Finished Scheduling: CPU user time: 1 seconds. CPU system time: 0 seconds. Elapsed time: 0.361 seconds; current allocated memory: 274.684 MB.
INFO: [BIND 205-100] Starting micro-architecture generation ...
INFO: [BIND 205-101] Performing variable lifetime analysis.
INFO: [BIND 205-101] Exploring resource sharing.
INFO: [BIND 205-101] Binding ...
INFO: [BIND 205-100] Finished micro-architecture generation.
INFO: [HLS 200-111] Finished Binding: CPU user time: 0 seconds. CPU system time: 0 seconds. Elapsed time: 0.14 seconds; current allocated memory: 274.699 MB.
INFO: [HLS 200-10] ----------------------------------------------------------------
INFO: [HLS 200-42] -- Implementing module 'mp_detect_Pipeline_clear_sum' 
INFO: [HLS 200-10] ----------------------------------------------------------------
INFO: [SCHED 204-11] Starting scheduling ...
INFO: [SCHED 204-61] Pipelining loop 'clear_sum'.
INFO: [HLS 200-1470] Pipelining result : Target II = 1, Final II = 1, Depth = 1, loop 'clear_sum'
INFO: [SCHED 204-11] Finished scheduling.
INFO: [HLS 200-111] Finished Scheduling: CPU user time: 0 seconds. CPU system time: 0 seconds. Elapsed time: 0.156 seconds; current allocated memory: 274.781 MB.
INFO: [BIND 205-100] Starting micro-architecture generation ...
INFO: [BIND 205-101] Performing variable lifetime analysis.
INFO: [BIND 205-101] Exploring resource sharing.
INFO: [BIND 205-101] Binding ...
INFO: [BIND 205-100] Finished micro-architecture generation.
INFO: [HLS 200-111] Finished Binding: CPU user time: 0 seconds. CPU system time: 0 seconds. Elapsed time: 0.028 seconds; current allocated memory: 274.789 MB.
INFO: [HLS 200-10] ----------------------------------------------------------------
INFO: [HLS 200-42] -- Implementing module 'mp_detect_Pipeline_scatter' 
INFO: [HLS 200-10] ----------------------------------------------------------------
INFO: [SCHED 204-11] Starting scheduling ...
INFO: [SCHED 204-61] Pipelining loop 'scatter'.
INFO: [HLS 200-2199] The II Violation in module 'mp_detect_Pipeline_scatter' (loop 'scatter'): Potential resource conflict between 'load' operation 18 bit ('mp_detect_cdata_const_ap_uint_const_16_ctap_const_16_ap_ufixed_ap_ufi_37', ../src/mp.cpp:111) on array 'mp_detect_cdata_const_ap_uint_const_16_ctap_const_16_ap_ufixed_ap_ufi_4' and 'store' operation ('mp_detect_cdata_const_ap_uint_const_16_ctap_const_16_ap_ufixed_ap_ufi_36_write_ln111', ../src/mp.cpp:111) of variable 'add_ln111_7', ../src/mp.cpp:111 18 bit on array 'mp_detect_cdata_const_ap_uint_const_16_ctap_const_16_ap_ufixed_ap_ufi_4' on common resource 'mp_detect_cdata_const_ap_uint_const_16_ctap_const_16_ap_ufixed_ap_ufi_4'.
INFO: [HLS 200-2198] Existing conflicting constraints include from 'load' operation 18 bit ('mp_detect_cdata_const_ap_uint_const_16_ctap_const_16_ap_ufixed_ap_ufi_37', ../src/mp.cpp:111) on array 'mp_detect_cdata_const_ap_uint_const_16_ctap_const_16_ap_ufixed_ap_ufi_4' to 'load' operation 18 bit ('mp_detect_cdata_const_ap_uint_const_16_ctap_const_16_ap_ufixed_ap_ufi_37', ../src/mp.cpp:111) on array 'mp_detect_cdata_const_ap_uint_const_16_ctap_const_16_ap_ufixed_ap_ufi_4' with distance of 1 (conflict 1 of 2)
INFO: [HLS 200-2198] Existing conflicting constraints include from 'load' operation 18 bit ('mp_detect_cdata_const_ap_uint_const_16_ctap_const_16_ap_ufixed_ap_ufi_37', ../src/mp.cpp:111) on array 'mp_detect_cdata_const_ap_uint_const_16_ctap_const_16_ap_ufixed_ap_ufi_4' to 'store' operation ('mp_detect_cdata_const_ap_uint_const_16_ctap_const_16_ap_ufixed_ap_ufi_36_write_ln111', ../src/mp.cpp:111) of variable 'add_ln111_7', ../src/mp.cpp:111 18 bit on array 'mp_detect_cdata_const_ap_uint_const_16_ctap_const_16_ap_ufixed_ap_ufi_4' with distance of 1 (conflict 2 of 2)
INFO: [HLS 200-2199] The II Violation in module 'mp_detect_Pipeline_scatter' (loop 'scatter'): Potential resource conflict between 'load' operation 18 bit ('mp_detect_cdata_const_ap_uint_const_16_ctap_const_16_ap_ufixed_ap_ufi_37', ../src/mp.cpp:111) on array 'mp_detect_cdata_const_ap_uint_const_16_ctap_const_16_ap_ufixed_ap_ufi_4' and 'store' operation ('mp_detect_cdata_const_ap_uint_const_16_ctap_const_16_ap_ufixed_ap_ufi_36_write_ln111', ../src/mp.cpp:111) of constant 131072 18 bit on array 'mp_detect_cdata_const_ap_uint_const_16_ctap_const_16_ap_ufixed_ap_ufi_4' on common resource 'mp_detect_cdata_const_ap_uint_const_16_ctap_const_16_ap_ufixed_ap_ufi_4'.
INFO: [HLS 200-2198] Existing conflicting constraints include from 'load' operation 18 bit ('mp_detect_cdata_const_ap_uint_const_16_ctap_const_16_ap_ufixed_ap_ufi_37', ../src/mp.cpp:111) on array 'mp_detect_cdata_const_ap_uint_const_16_ctap_const_16_ap_ufixed_ap_ufi_4' to 'load' operation 18 bit ('mp_detect_cdata_const_ap_uint_const_16_ctap_const_16_ap_ufixed_ap_ufi_37', ../src/mp.cpp:111) on array 'mp_detect_cdata_const_ap_uint_const_16_ctap_const_16_ap_ufixed_ap_ufi_4' with distance of 1 (conflict 1 of 3)
INFO: [HLS 200-2198] Existing conflicting constraints include from 'load' operation 18 bit ('mp_detect_cdata_const_ap_uint_const_16_ctap_const_16_ap_ufixed_ap_ufi_37', ../src/mp.cpp:111) on array 'mp_detect_cdata_const_ap_uint_const_16_ctap_const_16_ap_ufixed_ap_ufi_4' to 'store' operation ('mp_detect_cdata_const_ap_uint_const_16_ctap_const_16_ap_ufixed_ap_ufi_36_write_ln111', ../src/mp.cpp:111) of variable 'add_ln111_7', ../src/mp.cpp:111 18 bit on array 'mp_detect_cdata_const_ap_uint_const_16_ctap_const_16_ap_ufixed_ap_ufi_4' with distance of 1 (conflict 2 of 3)
INFO: [HLS 200-2198] Existing conflicting constraints include from 'store' operation ('mp_detect_cdata_const_ap_uint_const_16_ctap_const_16_ap_ufixed_ap_ufi_36_write_ln111', ../src/mp.cpp:111) of variable 'add_ln111_7', ../src/mp.cpp:111 18 bit on array 'mp_detect_cdata_const_ap_uint_const_16_ctap_const_16_ap_ufixed_ap_ufi_4' to 'store' operation ('mp_detect_cdata_const_ap_uint_const_16_ctap_const_16_ap_ufixed_ap_ufi_36_write_ln111', ../src/mp.cpp:111) of constant 131072 18 bit on array 'mp_detect_cdata_const_ap_uint_const_16_ctap_const_16_ap_ufixed_ap_ufi_4' with distance of 1 (conflict 3 of 3)
INFO: [HLS 200-1470] Pipelining result : Target II = NA, Final II = 4, Depth = 5, loop 'scatter'
INFO: [SCHED 204-11] Finished scheduling.
INFO: [HLS 200-111] Finished Scheduling: CPU user time: 0 seconds. CPU system time: 0 seconds. Elapsed time: 1.204 seconds; current allocated memory: 275.625 MB.
INFO: [BIND 205-100] Starting micro-architecture generation ...
INFO: [BIND 205-101] Performing variable lifetime analysis.
INFO: [BIND 205-101] Exploring resource sharing.
INFO: [BIND 205-101] Binding ...
INFO: [BIND 205-100] Finished micro-architecture generation.
INFO: [HLS 200-111] Finished Binding: CPU user time: 0 seconds. CPU system time: 0 seconds. Elapsed time: 0.048 seconds; current allocated memory: 275.711 MB.
INFO: [HLS 200-10] ----------------------------------------------------------------
INFO: [HLS 200-42] -- Implementing module 'mp_detect_Pipeline_var_msg' 
INFO: [HLS 200-10] ----------------------------------------------------------------
INFO: [SCHED 204-11] Starting scheduling ...
INFO: [HLS 200-486] Changing DSP latency (root=add_ln128_6) to 3 in order to utilize available DSP registers.
INFO: [HLS 200-486] Changing DSP latency (root=add_ln128_4) to 3 in order to utilize available DSP registers.
INFO: [HLS 200-486] Changing DSP latency (root=add_ln128_2) to 3 in order to utilize available DSP registers.
INFO: [HLS 200-486] Changing DSP latency (root=add_ln128) to 3 in order to utilize available DSP registers.
INFO: [SCHED 204-61] Pipelining loop 'var_msg'.
INFO: [HLS 200-1470] Pipelining result : Target II = 1, Final II = 1, Depth = 38, loop 'var_msg'
INFO: [SCHED 204-11] Finished scheduling.
INFO: [HLS 200-111] Finished Scheduling: CPU user time: 0 seconds. CPU system time: 0 seconds. Elapsed time: 0.243 seconds; current allocated memory: 279.332 MB.
INFO: [BIND 205-100] Starting micro-architecture generation ...
INFO: [BIND 205-101] Performing variable lifetime analysis.
INFO: [BIND 205-101] Exploring resource sharing.
INFO: [BIND 205-101] Binding ...
INFO: [BIND 205-100] Finished micro-architecture generation.
INFO: [HLS 200-111] Finished Binding: CPU user time: 0 seconds. CPU system time: 0 seconds. Elapsed time: 0.121 seconds; current allocated memory: 279.586 MB.
INFO: [HLS 200-10] ----------------------------------------------------------------
INFO: [HLS 200-42] -- Implementing module 'mp_detect_Pipeline_decide' 
INFO: [HLS 200-10] ----------------------------------------------------------------
INFO: [SCHED 204-11] Starting scheduling ...
INFO: [SCHED 204-61] Pipelining loop 'decide'.
INFO: [HLS 200-1470] Pipelining result : Target II = 1, Final II = 1, Depth = 8, loop 'decide'
INFO: [SCHED 204-11] Finished scheduling.
INFO: [HLS 200-111] Finished Scheduling: CPU user time: 0 seconds. CPU system time: 0 seconds. Elapsed time: 0.262 seconds; current allocated memory: 281.242 MB.
INFO: [BIND 205-100] Starting micro-architecture generation ...
INFO: [BIND 205-101] Performing variable lifetime analysis.
INFO: [BIND 205-101] Exploring resource sharing.
INFO: [BIND 205-101] Binding ...
INFO: [BIND 205-100] Finished micro-architecture generation.
INFO: [HLS 200-111] Finished Binding: CPU user time: 1 seconds. CPU system time: 0 seconds. Elapsed time: 0.114 seconds; current allocated memory: 281.805 MB.
INFO: [HLS 200-10] ----------------------------------------------------------------
INFO: [HLS 200-42] -- Implementing module 'mp_detect_Pipeline_keep' 
INFO: [HLS 200-10] ----------------------------------------------------------------
INFO: [SCHED 204-11] Starting scheduling ...
INFO: [SCHED 204-61] Pipelining loop 'keep'.
INFO: [HLS 200-1470] Pipelining result : Target II = NA, Final II = 1, Depth = 2, loop 'keep'
INFO: [SCHED 204-11] Finished scheduling.
INFO: [HLS 200-111] Finished Scheduling: CPU user time: 0 seconds. CPU system time: 0 seconds. Elapsed time: 0.127 seconds; current allocated memory: 281.988 MB.
INFO: [BIND 205-100] Starting micro-architecture generation ...
INFO: [BIND 205-101] Performing variable lifetime analysis.
INFO: [BIND 205-101] Exploring resource sharing.
INFO: [BIND 205-101] Binding ...
INFO: [BIND 205-100] Finished micro-architecture generation.
INFO: [HLS 200-111] Finished Binding: CPU user time: 0 seconds. CPU system time: 0 seconds. Elapsed time: 1.072 seconds; current allocated memory: 281.988 MB.
INFO: [HLS 200-10] ----------------------------------------------------------------
INFO: [HLS 200-42] -- Implementing module 'mp_detect' 
INFO: [HLS 200-10] ----------------------------------------------------------------
INFO: [SCHED 204-11] Starting scheduling ...
INFO: [SCHED 204-11] Finished scheduling.
INFO: [HLS 200-111] Finished Scheduling: CPU user time: 0 seconds. CPU system time: 0 seconds. Elapsed time: 0.062 seconds; current allocated memory: 282.328 MB.
INFO: [BIND 205-100] Starting micro-architecture generation ...
INFO: [BIND 205-101] Performing variable lifetime analysis.
INFO: [BIND 205-101] Exploring resource sharing.
INFO: [BIND 205-101] Binding ...
INFO: [BIND 205-100] Finished micro-architecture generation.
INFO: [HLS 200-111] Finished Binding: CPU user time: 0 seconds. CPU system time: 0 seconds. Elapsed time: 0.071 seconds; current allocated memory: 282.609 MB.
INFO: [HLS 200-10] ----------------------------------------------------------------
INFO: [HLS 200-10] -- Generating RTL for module 'mp_detect_Pipeline_init_VITIS_LOOP_43_1_VITIS_LOOP_44_2' 
INFO: [HLS 200-10] ----------------------------------------------------------------
INFO: [HLS 200-1030] Apply Unified Pipeline Control on module 'mp_detect_Pipeline_init_VITIS_LOOP_43_1_VITIS_LOOP_44_2' pipeline 'init_VITIS_LOOP_43_1_VITIS_LOOP_44_2' pipeline type 'loop pipeline'
INFO: [RTGEN 206-100] Finished creating RTL model for 'mp_detect_Pipeline_init_VITIS_LOOP_43_1_VITIS_LOOP_44_2'.
INFO: [HLS 200-111] Finished Creating RTL model: CPU user time: 0 seconds. CPU system time: 0 seconds. Elapsed time: 0.164 seconds; current allocated memory: 284.574 MB.
INFO: [HLS 200-10] ----------------------------------------------------------------
INFO: [HLS 200-10] -- Generating RTL for module 'mp_detect_Pipeline_count_data' 
INFO: [HLS 200-10] ----------------------------------------------------------------
INFO: [HLS 200-1030] Apply Unified Pipeline Control on module 'mp_detect_Pipeline_count_data' pipeline 'count_data' pipeline type 'loop pipeline'
INFO: [RTGEN 206-100] Finished creating RTL model for 'mp_detect_Pipeline_count_data'.
INFO: [HLS 200-111] Finished Creating RTL model: CPU user time: 0 seconds. CPU system time: 0 seconds. Elapsed time: 0.314 seconds; current allocated memory: 286.801 MB.
INFO: [HLS 200-10] ----------------------------------------------------------------
INFO: [HLS 200-10] -- Generating RTL for module 'mp_detect_Pipeline_obs_mean' 
INFO: [HLS 200-10] ----------------------------------------------------------------
INFO: [HLS 200-1030] Apply Unified Pipeline Control on module 'mp_detect_Pipeline_obs_mean' pipeline 'obs_mean' pipeline type 'loop pipeline'
INFO: [RTGEN 206-100] Generating core module 'am_addmul_20s_20s_14ns_35_4_1': 1 instance(s).
INFO: [RTGEN 206-100] Generating core module 'mac_mulsub_14s_10s_24s_24_4_1': 1 instance(s).
INFO: [RTGEN 206-100] Generating core module 'mul_10ns_9ns_18_1_1': 3 instance(s).
INFO: [RTGEN 206-100] Generating core module 'mul_10ns_9s_19_1_1': 3 instance(s).
INFO: [RTGEN 206-100] Generating core module 'mul_10s_10s_20_1_1': 2 instance(s).
INFO: [RTGEN 206-100] Generating core module 'mul_14s_10s_24_1_1': 3 instance(s).
INFO: [RTGEN 206-100] Generating core module 'mul_14s_14s_28_1_1': 2 instance(s).
INFO: [RTGEN 206-100] Generating core module 'sparsemux_7_2_14_1_1': 1 instance(s).
INFO: [RTGEN 206-100] Finished creating RTL model for 'mp_detect_Pipeline_obs_mean'.
INFO: [HLS 200-111] Finished Creating RTL model: CPU user time: 0 seconds. CPU system time: 0 seconds. Elapsed time: 0.463 seconds; current allocated memory: 291.484 MB.
INFO: [HLS 200-10] ----------------------------------------------------------------
INFO: [HLS 200-10] -- Generating RTL for module 'mp_detect_Pipeline_obs_ll' 
INFO: [HLS 200-10] ----------------------------------------------------------------
INFO: [HLS 200-1030] Apply Unified Pipeline Control on module 'mp_detect_Pipeline_obs_ll' pipeline 'obs_ll' pipeline type 'loop pipeline'
INFO: [RTGEN 206-104] Estimated max fanout for 'mp_detect_Pipeline_obs_ll' is 5284 from HDL expression: (1'b0 == ap_block_pp0_stage0_11001)
INFO: [RTGEN 206-100] Generating core module 'ama_addmulsub_20s_20s_14ns_30ns_35_4_1': 1 instance(s).
INFO: [RTGEN 206-100] Generating core module 'mac_muladd_14s_10s_24s_25_4_1': 1 instance(s).
INFO: [RTGEN 206-100] Generating core module 'mac_muladd_14s_14s_28s_29_4_1': 4 instance(s).
INFO: [RTGEN 206-100] Generating core module 'mac_mulsub_11s_8ns_21s_21_4_1': 1 instance(s).
INFO: [RTGEN 206-100] Generating core module 'mac_mulsub_14s_10s_24s_24_4_1': 1 instance(s).
INFO: [RTGEN 206-100] Generating core module 'mul_10s_10s_20_1_1': 2 instance(s).
INFO: [RTGEN 206-100] Generating core module 'mul_10s_9ns_19_1_1': 2 instance(s).
INFO: [RTGEN 206-100] Generating core module 'mul_10s_9s_19_1_1': 2 instance(s).
INFO: [RTGEN 206-100] Generating core module 'mul_11s_9s_19_1_1': 1 instance(s).
INFO: [RTGEN 206-100] Generating core module 'mul_14s_10s_24_1_1': 2 instance(s).
INFO: [RTGEN 206-100] Generating core module 'mul_14s_14s_28_1_1': 4 instance(s).
INFO: [RTGEN 206-100] Generating core module 'mul_29s_16ns_44_2_1': 4 instance(s).
INFO: [RTGEN 206-100] Generating core module 'udiv_18s_14ns_18_22_1': 1 instance(s).
INFO: [RTGEN 206-100] Finished creating RTL model for 'mp_detect_Pipeline_obs_ll'.
INFO: [HLS 200-111] Finished Creating RTL model: CPU user time: 1 seconds. CPU system time: 1 seconds. Elapsed time: 1.711 seconds; current allocated memory: 303.180 MB.
INFO: [HLS 200-10] ----------------------------------------------------------------
INFO: [HLS 200-10] -- Generating RTL for module 'mp_detect_Pipeline_clear_sum' 
INFO: [HLS 200-10] ----------------------------------------------------------------
INFO: [RTGEN 206-100] Finished creating RTL model for 'mp_detect_Pipeline_clear_sum'.
INFO: [HLS 200-111] Finished Creating RTL model: CPU user time: 1 seconds. CPU system time: 1 seconds. Elapsed time: 1.818 seconds; current allocated memory: 315.914 MB.
INFO: [HLS 200-10] ----------------------------------------------------------------
INFO: [HLS 200-10] -- Generating RTL for module 'mp_detect_Pipeline_scatter' 
INFO: [HLS 200-10] ----------------------------------------------------------------
INFO: [HLS 200-1030] Apply Unified Pipeline Control on module 'mp_detect_Pipeline_scatter' pipeline 'scatter' pipeline type 'loop pipeline'
INFO: [RTGEN 206-100] Finished creating RTL model for 'mp_detect_Pipeline_scatter'.
INFO: [HLS 200-111] Finished Creating RTL model: CPU user time: 0 seconds. CPU system time: 0 seconds. Elapsed time: 0.251 seconds; current allocated memory: 317.258 MB.
INFO: [HLS 200-10] ----------------------------------------------------------------
INFO: [HLS 200-10] -- Generating RTL for module 'mp_detect_Pipeline_var_msg' 
INFO: [HLS 200-10] ----------------------------------------------------------------
INFO: [HLS 200-1030] Apply Unified Pipeline Control on module 'mp_detect_Pipeline_var_msg' pipeline 'var_msg' pipeline type 'loop pipeline'
INFO: [RTGEN 206-100] Generating core module 'mac_muladd_10ns_8ns_19s_19_4_1': 4 instance(s).
INFO: [RTGEN 206-100] Generating core module 'mul_10ns_10ns_19_1_1': 4 instance(s).
INFO: [RTGEN 206-100] Generating core module 'udiv_22ns_15ns_22_26_1': 4 instance(s).
INFO: [RTGEN 206-100] Finished creating RTL model for 'mp_detect_Pipeline_var_msg'.
INFO: [HLS 200-111] Finished Creating RTL model: CPU user time: 1 seconds. CPU system time: 0 seconds. Elapsed time: 0.741 seconds; current allocated memory: 320.016 MB.
INFO: [HLS 200-10] ----------------------------------------------------------------
INFO: [HLS 200-10] -- Generating RTL for module 'mp_detect_Pipeline_decide' 
INFO: [HLS 200-10] ----------------------------------------------------------------
INFO: [HLS 200-1030] Apply Unified Pipeline Control on module 'mp_detect_Pipeline_decide' pipeline 'decide' pipeline type 'loop pipeline'
INFO: [RTGEN 206-100] Finished creating RTL model for 'mp_detect_Pipeline_decide'.
INFO: [HLS 200-111] Finished Creating RTL model: CPU user time: 0 seconds. CPU system time: 1 seconds. Elapsed time: 1.491 seconds; current allocated memory: 330.539 MB.
INFO: [HLS 200-10] ----------------------------------------------------------------
INFO: [HLS 200-10] -- Generating RTL for module 'mp_detect_Pipeline_keep' 
INFO: [HLS 200-10] ----------------------------------------------------------------
INFO: [HLS 200-1030] Apply Unified Pipeline Control on module 'mp_detect_Pipeline_keep' pipeline 'keep' pipeline type 'loop pipeline'
INFO: [RTGEN 206-100] Finished creating RTL model for 'mp_detect_Pipeline_keep'.
INFO: [HLS 200-111] Finished Creating RTL model: CPU user time: 1 seconds. CPU system time: 0 seconds. Elapsed time: 0.78 seconds; current allocated memory: 336.930 MB.
INFO: [HLS 200-10] ----------------------------------------------------------------
INFO: [HLS 200-10] -- Generating RTL for module 'mp_detect' 
INFO: [HLS 200-10] ----------------------------------------------------------------
INFO: [RTGEN 206-500] Setting interface mode on port 'mp_detect/y' to 'ap_memory'.
INFO: [RTGEN 206-500] Setting interface mode on port 'mp_detect/col' to 'ap_memory'.
INFO: [RTGEN 206-500] Setting interface mode on port 'mp_detect/h' to 'ap_memory'.
INFO: [RTGEN 206-500] Setting interface mode on port 'mp_detect/n0' to 'ap_none'.
INFO: [RTGEN 206-500] Setting interface mode on port 'mp_detect/drop' to 'ap_memory'.
INFO: [RTGEN 206-500] Setting interface mode on port 'mp_detect/is_data' to 'ap_memory'.
INFO: [RTGEN 206-500] Setting interface mode on port 'mp_detect/xhat' to 'ap_memory'.
INFO: [RTGEN 206-500] Setting interface mode on port 'mp_detect/iters' to 'ap_vld'.
INFO: [RTGEN 206-500] Setting interface mode on function 'mp_detect' to 'ap_ctrl_hs'.
INFO: [SYN 201-210] Renamed object name 'mp_detect_cdata_const_ap_uint_const_16_ctap_const_16_ap_ufixed_ap_ufi_3_RAM_AUTO_1R1W' to 'mp_detect_cdata_const_ap_uint_const_16_ctap_const_16_ap_ufixed_ap_ufi_3_RAM_Abkb' due to the length limit 80
INFO: [SYN 201-210] Renamed object name 'mp_detect_cdata_const_ap_uint_const_16_ctap_const_16_ap_ufixed_ap_ufi_2_RAM_AUTO_1R1W' to 'mp_detect_cdata_const_ap_uint_const_16_ctap_const_16_ap_ufixed_ap_ufi_2_RAM_Acud' due to the length limit 80
INFO: [SYN 201-210] Renamed object name 'mp_detect_cdata_const_ap_uint_const_16_ctap_const_16_ap_ufixed_ap_ufi_1_RAM_AUTO_1R1W' to 'mp_detect_cdata_const_ap_uint_const_16_ctap_const_16_ap_ufixed_ap_ufi_1_RAM_AdEe' due to the length limit 80
INFO: [SYN 201-210] Renamed object name 'mp_detect_cdata_const_ap_uint_const_16_ctap_const_16_ap_ufixed_ap_ufi_RAM_AUTO_1R1W' to 'mp_detect_cdata_const_ap_uint_const_16_ctap_const_16_ap_ufixed_ap_ufi_RAM_AUTeOg' due to the length limit 80
INFO: [SYN 201-210] Renamed object name 'mp_detect_cdata_const_ap_uint_const_16_ctap_const_16_ap_ufixed_ap_ufi_11_RAM_AUTO_1R1W' to 'mp_detect_cdata_const_ap_uint_const_16_ctap_const_16_ap_ufixed_ap_ufi_11_RAM_fYi' due to the length limit 80
INFO: [SYN 201-210] Renamed object name 'mp_detect_cdata_const_ap_uint_const_16_ctap_const_16_ap_ufixed_ap_ufi_10_RAM_AUTO_1R1W' to 'mp_detect_cdata_const_ap_uint_const_16_ctap_const_16_ap_ufixed_ap_ufi_10_RAM_g8j' due to the length limit 80
INFO: [SYN 201-210] Renamed object name 'mp_detect_cdata_const_ap_uint_const_16_ctap_const_16_ap_ufixed_ap_ufi_9_RAM_AUTO_1R1W' to 'mp_detect_cdata_const_ap_uint_const_16_ctap_const_16_ap_ufixed_ap_ufi_9_RAM_Ahbi' due to the length limit 80
INFO: [SYN 201-210] Renamed object name 'mp_detect_cdata_const_ap_uint_const_16_ctap_const_16_ap_ufixed_ap_ufi_8_RAM_AUTO_1R1W' to 'mp_detect_cdata_const_ap_uint_const_16_ctap_const_16_ap_ufixed_ap_ufi_8_RAM_Aibs' due to the length limit 80
INFO: [SYN 201-210] Renamed object name 'mp_detect_cdata_const_ap_uint_const_16_ctap_const_16_ap_ufixed_ap_ufi_7_RAM_AUTO_1R1W' to 'mp_detect_cdata_const_ap_uint_const_16_ctap_const_16_ap_ufixed_ap_ufi_7_RAM_AjbC' due to the length limit 80
INFO: [SYN 201-210] Renamed object name 'mp_detect_cdata_const_ap_uint_const_16_ctap_const_16_ap_ufixed_ap_ufi_6_RAM_AUTO_1R1W' to 'mp_detect_cdata_const_ap_uint_const_16_ctap_const_16_ap_ufixed_ap_ufi_6_RAM_AkbM' due to the length limit 80
INFO: [SYN 201-210] Renamed object name 'mp_detect_cdata_const_ap_uint_const_16_ctap_const_16_ap_ufixed_ap_ufi_5_RAM_AUTO_1R1W' to 'mp_detect_cdata_const_ap_uint_const_16_ctap_const_16_ap_ufixed_ap_ufi_5_RAM_AlbW' due to the length limit 80
INFO: [SYN 201-210] Renamed object name 'mp_detect_cdata_const_ap_uint_const_16_ctap_const_16_ap_ufixed_ap_ufi_4_RAM_AUTO_1R1W' to 'mp_detect_cdata_const_ap_uint_const_16_ctap_const_16_ap_ufixed_ap_ufi_4_RAM_Amb6' due to the length limit 80
INFO: [RTGEN 206-100] Generating core module 'mul_10ns_12ns_21_1_1': 1 instance(s).
INFO: [RTGEN 206-100] Finished creating RTL model for 'mp_detect'.
INFO: [RTMG 210-278] Implementing memory 'mp_detect_mp_detect_cdata_const_ap_uint_const_16_ctap_const_16_ap_ufixed_ap_ufi_3_RAM_Abkb' using auto RAMs.
INFO: [RTMG 210-278] Implementing memory 'mp_detect_VX_RAM_AUTO_1R1W' using auto RAMs.
INFO: [RTMG 210-278] Implementing memory 'mp_detect_MURE_RAM_AUTO_1R1W' using auto RAMs.
INFO: [RTMG 210-278] Implementing memory 'mp_detect_mp_detect_cdata_const_ap_uint_const_16_ctap_const_16_ap_ufixed_ap_ufi_7_RAM_AjbC' using auto RAMs.
INFO: [HLS 200-2168] Implementing memory 'mp_detect_EXP_TABLE_ROM_AUTO_1R' using auto ROMs with 4 copies to ensure enough ports to satisfy II or latency constraints.
INFO: [RTMG 210-278] Implementing memory 'mp_detect_dec_RAM_AUTO_1R1W' using auto RAMs.
INFO: [HLS 200-111] Finished Creating RTL model: CPU user time: 0 seconds. CPU system time: 1 seconds. Elapsed time: 2.183 seconds; current allocated memory: 338.520 MB.
INFO: [HLS 200-111] Finished Generating all RTL models: CPU user time: 0 seconds. CPU system time: 0 seconds. Elapsed time: 1.593 seconds; current allocated memory: 343.672 MB.
INFO: [HLS 200-2225] Wrote inferred directives to file C:/Users/hp/HW-AFDM-OTFS/hls/proj/mp_S16_small_flat/sol/syn/inferred_directives.ini
INFO: [HLS 200-111] Finished Updating report files: CPU user time: 2 seconds. CPU system time: 1 seconds. Elapsed time: 3.089 seconds; current allocated memory: 359.141 MB.
INFO: [VHDL 208-304] Generating VHDL RTL for mp_detect.
INFO: [VLOG 209-307] Generating Verilog RTL for mp_detect.
INFO: [HLS 200-790] **** Loop Constraint Status: All loop constraints were NOT satisfied.
INFO: [HLS 200-789] **** Estimated Fmax: 83.90 MHz
INFO: [HLS 200-2161] Finished Command csynth_design Elapsed time: 00:00:56; Allocated memory: 220.477 MB.
INFO: [HLS 200-1510] Running: export_design -flow impl -rtl verilog -format ip_catalog 
INFO: [IMPL 213-8] Exporting RTL as a Vivado IP.

****** Vivado v2025.2 (64-bit)
  **** SW Build 6299465 on Fri Nov 14 19:35:11 GMT 2025
  **** IP Build 6300035 on Fri Nov 14 10:48:45 MST 2025
  **** SharedData Build 6298862 on Thu Nov 13 04:50:51 MST 2025
  **** Start of session at: Tue Sep 29 22:39:11 2026
    ** Copyright 1986-2022 Xilinx, Inc. All Rights Reserved.
    ** Copyright 2022-2025 Advanced Micro Devices, Inc. All Rights Reserved.

source run_ippack.tcl -notrace
INFO: calling package_hls_ip ip_types=vitis sysgen json_file=C:/Users/hp/HW-AFDM-OTFS/hls/proj/mp_S16_small_flat/sol/sol_data.json outdir=C:/Users/hp/HW-AFDM-OTFS/hls/proj/mp_S16_small_flat/sol/impl/ip srcdir=C:/Users/hp/HW-AFDM-OTFS/hls/proj/mp_S16_small_flat/sol ippack_options_dict= ippack_options_dict=
INFO: Copied 1 ipmisc file(s) to C:/Users/hp/HW-AFDM-OTFS/hls/proj/mp_S16_small_flat/sol/impl/ip/misc
INFO: Copied 43 verilog file(s) to C:/Users/hp/HW-AFDM-OTFS/hls/proj/mp_S16_small_flat/sol/impl/ip/hdl/verilog
INFO: Copied 38 vhdl file(s) to C:/Users/hp/HW-AFDM-OTFS/hls/proj/mp_S16_small_flat/sol/impl/ip/hdl/vhdl
ipx::create_core: Time (s): cpu = 00:00:13 ; elapsed = 00:00:08 . Memory (MB): peak = 539.684 ; gain = 216.738
INFO: Import ports from HDL: C:/Users/hp/HW-AFDM-OTFS/hls/proj/mp_S16_small_flat/sol/impl/ip/hdl/vhdl/mp_detect.vhd (mp_detect)
INFO: Add clock interface ap_clk
INFO: Add reset interface ap_rst
INFO: Add ap_ctrl interface ap_ctrl
INFO: Add data interface y_address0
INFO: [IP_Flow 19-234] Refreshing IP repositories
INFO: [IP_Flow 19-1704] No user IP repositories specified
INFO: [IP_Flow 19-2313] Loaded Vivado IP repository 'D:/2025.2/Vivado/data/ip'.
INFO: Add data interface y_q0
INFO: Add data interface col_address0
INFO: Add data interface col_q0
INFO: Add data interface h_address0
INFO: Add data interface h_q0
INFO: Add data interface n0
INFO: Add data interface drop_address0
INFO: Add data interface drop_q0
INFO: Add data interface is_data_address0
INFO: Add data interface is_data_q0
INFO: Add data interface xhat_address0
INFO: Add data interface xhat_d0
INFO: Add data interface iters
INFO: Calling post_process_vitis to specialize IP
INFO: Calling post_process_sysgen to specialize IP
Generating sysgen info xml from json file
INFO: Created IP C:/Users/hp/HW-AFDM-OTFS/hls/proj/mp_S16_small_flat/sol/impl/ip/component.xml
INFO: Created IP archive C:/Users/hp/HW-AFDM-OTFS/hls/proj/mp_S16_small_flat/sol/impl/ip/xilinx_com_hls_mp_detect_1_0.zip
INFO: [Common 17-206] Exiting Vivado at Tue Sep 29 22:39:26 2026...
INFO: [IMPL 213-8] Starting RTL evaluation using Vivado ...

C:\Users\hp\HW-AFDM-OTFS\hls\proj\mp_S16_small_flat\sol\impl\verilog>D:/2025.2/Vivado/bin/vivado  -mode batch -source run_vivado.tcl   || exit $? 

****** Vivado v2025.2 (64-bit)
  **** SW Build 6299465 on Fri Nov 14 19:35:11 GMT 2025
  **** IP Build 6300035 on Fri Nov 14 10:48:45 MST 2025
  **** SharedData Build 6298862 on Thu Nov 13 04:50:51 MST 2025
  **** Start of session at: Tue Sep 29 22:39:29 2026
    ** Copyright 1986-2022 Xilinx, Inc. All Rights Reserved.
    ** Copyright 2022-2025 Advanced Micro Devices, Inc. All Rights Reserved.

source run_vivado.tcl
# source ./settings.tcl
## set top_module mp_detect
## set language verilog
## set family zynq
## set device xc7z020
## set package -clg484
## set speed -1
## set clock ap_clk
## set fsm_ext "off"
## set add_io_buffers false 
# source -notrace ./extraction.tcl
# set vivado_proj_name project
# set vivado_proj_dir .
# set target_device "${device}${package}${speed}"
# set target_clk_period_ns "10.000"
# set target_clk_freq_hz [expr {floor(1000 / $target_clk_period_ns) * 1000000}]
# set other_clks_freq_hz {}
# set ip_vlnv xilinx.com:hls:mp_detect:1.0
# set ip_repo_path ../ip
# set bd_design_name bd_0
# set bd_inst_name hls_inst
# set bd_props {}
# set has_synth true
# set synth_design_args {-directive sdx_optimization_effort_high}
# set synth_dcp ""
# set synth_props {}
# set has_impl 1
# set impl_props {}
# set has_subcore 0
# set report_options [dict create]
# dict set report_options report_level 2
# dict set report_options report_max_paths 10
# dict set report_options stdout_hls_reports 1
# dict set report_options stdout_vivado_reports 0
# dict set report_options hls_project mp_S16_small_flat
# dict set report_options hls_solution sol
# dict set report_options has_synth $has_synth
# dict set report_options has_impl $has_impl
# dict set report_options vivado_reportbasename $top_module
# dict set report_options vivado_reportdir ./report
# dict set report_options hls_impl_dir ..
# dict set report_options hls_reportdir ../report/$language
# dict set report_options target_clk_period $target_clk_period_ns
# dict set report_options target_device $target_device
# dict set report_options language $language
# dict set report_options clock_name $clock
# dict set report_options error_if_impl_timing_fails false
# dict set report_options topmodule "mp_detect"
# dict set report_options funcmodules {mp_detect_mp_detect_Pipeline_init_VITIS_LOOP_43_1_VITIS_LOOP_44_2 mp_detect_mp_detect_Pipeline_count_data mp_detect_mp_detect_Pipeline_obs_mean mp_detect_mp_detect_Pipeline_obs_ll mp_detect_mp_detect_Pipeline_clear_sum mp_detect_mp_detect_Pipeline_scatter mp_detect_mp_detect_Pipeline_var_msg mp_detect_mp_detect_Pipeline_decide mp_detect_mp_detect_Pipeline_keep}
# dict set report_options bindmodules {mp_detect_flow_control_loop_pipe_sequential_init mp_detect_mul_10ns_9s_19_1_1 mp_detect_mul_10ns_9ns_18_1_1 mp_detect_mul_14s_14s_28_1_1 mp_detect_mul_14s_10s_24_1_1 mp_detect_mul_10s_10s_20_1_1 mp_detect_sparsemux_7_2_14_1_1 mp_detect_mac_mulsub_14s_10s_24s_24_4_1 mp_detect_am_addmul_20s_20s_14ns_35_4_1 mp_detect_mul_29s_16ns_44_2_1 mp_detect_udiv_18s_14ns_18_22_1 mp_detect_mul_10s_9s_19_1_1 mp_detect_mul_11s_9s_19_1_1 mp_detect_mul_10s_9ns_19_1_1 mp_detect_ama_addmulsub_20s_20s_14ns_30ns_35_4_1 mp_detect_mac_muladd_14s_10s_24s_25_4_1 mp_detect_mac_mulsub_11s_8ns_21s_21_4_1 mp_detect_mac_muladd_14s_14s_28s_29_4_1 mp_detect_udiv_22ns_15ns_22_26_1 mp_detect_mul_10ns_10ns_19_1_1 mp_detect_mac_muladd_10ns_8ns_19s_19_4_1 mp_detect_mul_10ns_12ns_21_1_1 mp_detect_mp_detect_cdata_const_ap_uint_const_16_ctap_const_16_ap_ufixed_ap_ufi_3_RAM_Abkb mp_detect_VX_RAM_AUTO_1R1W mp_detect_MURE_RAM_AUTO_1R1W mp_detect_mp_detect_cdata_const_ap_uint_const_16_ctap_const_16_ap_ufixed_ap_ufi_7_RAM_AjbC mp_detect_EXP_TABLE_ROM_AUTO_1R mp_detect_dec_RAM_AUTO_1R1W}
# dict set report_options max_module_depth 6
# create_project $vivado_proj_name $vivado_proj_dir -part $target_device -force
create_project: Time (s): cpu = 00:00:12 ; elapsed = 00:00:08 . Memory (MB): peak = 534.125 ; gain = 221.715
# set_property target_language $language [current_project]
# if { ![file exists $ip_repo_path] } {
#   error "Cannot find packaged HLS IP"
# }
# set_property ip_repo_paths [file normalize $ip_repo_path] [current_project]
# update_ip_catalog
INFO: [IP_Flow 19-234] Refreshing IP repositories
INFO: [IP_Flow 19-1700] Loaded user IP repository 'c:/Users/hp/HW-AFDM-OTFS/hls/proj/mp_S16_small_flat/sol/impl/ip'.
INFO: [IP_Flow 19-2313] Loaded Vivado IP repository 'D:/2025.2/Vivado/data/ip'.
# create_bd_design bd_0
Wrote  : <C:\Users\hp\HW-AFDM-OTFS\hls\proj\mp_S16_small_flat\sol\impl\verilog\project.srcs\sources_1\bd\bd_0\bd_0.bd> 
# set cell_inst [create_bd_cell -type ip -vlnv $ip_vlnv $bd_inst_name]
# if { [llength $bd_props] } { 
#   set_property -dict $bd_props $cell_inst 
# }
# make_bd_pins_external $cell_inst
# make_bd_intf_pins_external $cell_inst
# set bd_clk_ports [get_bd_ports -filter {TYPE==clk}]
# if { $target_clk_freq_hz ne "" } { 
#   foreach bd_clk_port $bd_clk_ports {
#     # Remove "_0" suffix from BD ports & interfaces so they match IP ports 
#     set clk_name [regsub {_0$} [get_property name $bd_clk_port] {}]
#     set port_freq_hz $target_clk_freq_hz
#     if { [dict exists $other_clks_freq_hz $clk_name] } {
#         set port_freq_hz [dict get $other_clks_freq_hz $clk_name]
#     }
#     set_property CONFIG.FREQ_HZ $port_freq_hz $bd_clk_port
#   }
# }
# foreach bd_port [get_bd_intf_ports] {
#   set_property name [regsub {_0$} [get_property name $bd_port] {}] $bd_port
# }
# foreach bd_port [get_bd_ports -filter {INTF!=TRUE}] {
#   set_property name [regsub {_0$} [get_property name $bd_port] {}] $bd_port
# }
# set s_axi_addr_width_min 32
WARNING: [BD 5-233] No interface ports matched 'get_bd_intf_ports -filter {MODE == "Slave" && VLNV =~ "xilinx.com:interface:aximm_rtl:*"}'
# foreach bd_port [get_bd_intf_ports -filter {MODE == "Slave" && VLNV =~ "xilinx.com:interface:aximm_rtl:*"}] {
#   set bd_port_addr_width [get_property CONFIG.ADDR_WIDTH $bd_port]
#   if { $bd_port_addr_width < $s_axi_addr_width_min } {
#     puts "INFO: Updating $bd_port CONFIG.ADDR_WIDTH to $s_axi_addr_width_min"
#     set_property CONFIG.ADDR_WIDTH $s_axi_addr_width_min $bd_port
#   }
# }
# set_msg_config -id {[BD 41-1265]} -severity {CRITICAL WARNING} -new_severity {INFO}
# assign_bd_address
INFO: [BD 41-3093] Triggering Legacy Auto Assign Algorithm
Wrote  : <C:\Users\hp\HW-AFDM-OTFS\hls\proj\mp_S16_small_flat\sol\impl\verilog\project.srcs\sources_1\bd\bd_0\bd_0.bd> 
Verilog Output written to : C:/Users/hp/HW-AFDM-OTFS/hls/proj/mp_S16_small_flat/sol/impl/verilog/project.gen/sources_1/bd/bd_0/synth/bd_0.v
Verilog Output written to : C:/Users/hp/HW-AFDM-OTFS/hls/proj/mp_S16_small_flat/sol/impl/verilog/project.gen/sources_1/bd/bd_0/sim/bd_0.v
Verilog Output written to : C:/Users/hp/HW-AFDM-OTFS/hls/proj/mp_S16_small_flat/sol/impl/verilog/project.gen/sources_1/bd/bd_0/hdl/bd_0_wrapper.v
# set toprtl [make_wrapper -files [get_files ${bd_design_name}.bd] -top]
# add_files -norecurse $toprtl
# set top_inst_name [file root [file tail $toprtl]]
# puts "Using BD top: $top_inst_name"
Using BD top: bd_0_wrapper
# set xdc_files [glob -nocomplain ./*.xdc]
# if { [llength $xdc_files] } {
#     add_files -fileset constrs_1 -norecurse $xdc_files
# }
# launch_runs synth_1 -scripts_only
INFO: [BD 41-1662] The design 'bd_0.bd' is already validated. Therefore parameter propagation will not be re-run.
Verilog Output written to : C:/Users/hp/HW-AFDM-OTFS/hls/proj/mp_S16_small_flat/sol/impl/verilog/project.gen/sources_1/bd/bd_0/synth/bd_0.v
Verilog Output written to : C:/Users/hp/HW-AFDM-OTFS/hls/proj/mp_S16_small_flat/sol/impl/verilog/project.gen/sources_1/bd/bd_0/sim/bd_0.v
Verilog Output written to : C:/Users/hp/HW-AFDM-OTFS/hls/proj/mp_S16_small_flat/sol/impl/verilog/project.gen/sources_1/bd/bd_0/hdl/bd_0_wrapper.v
INFO: [BD 41-1029] Generation completed for the IP Integrator block hls_inst .
Exporting to file C:/Users/hp/HW-AFDM-OTFS/hls/proj/mp_S16_small_flat/sol/impl/verilog/project.gen/sources_1/bd/bd_0/hw_handoff/bd_0.hwh
Generated Hardware Definition File C:/Users/hp/HW-AFDM-OTFS/hls/proj/mp_S16_small_flat/sol/impl/verilog/project.gen/sources_1/bd/bd_0/synth/bd_0.hwdef
INFO: [BD 41-3262] Generated VHDL Instantiation Template file c:/Users/hp/HW-AFDM-OTFS/hls/proj/mp_S16_small_flat/sol/impl/verilog/project.gen/sources_1/bd/bd_0/bd_0.vho
INFO: [BD 41-3262] Generated Verilog Instantiation Template file c:/Users/hp/HW-AFDM-OTFS/hls/proj/mp_S16_small_flat/sol/impl/verilog/project.gen/sources_1/bd/bd_0/bd_0.veo
INFO: [BD 41-3262] Generated System Verilog Instantiation Template file c:/Users/hp/HW-AFDM-OTFS/hls/proj/mp_S16_small_flat/sol/impl/verilog/project.gen/sources_1/bd/bd_0/bd_0_sv.sveo
WARNING: [Vivado 12-7122] Auto Incremental Compile:: No reference checkpoint was found in run synth_1. Auto-incremental flow will not be run, the standard flow will be run instead.
# foreach run [get_runs -filter {IS_SYNTHESIS == 1}] {
#   reset_run [get_runs $run]
# }
# set_property XPM_LIBRARIES {XPM_MEMORY XPM_FIFO} [current_project]
# hls_vivado_reports_setup $report_options
TIMESTAMP: HLS-REPORT: initialize report directories: 2026-09-29 22:39:47 +0530
# if { $has_subcore } { report_ip_status }
# if { $has_synth || $has_impl } {
#   # synth properties setting
#   set_property -name {STEPS.SYNTH_DESIGN.ARGS.MORE OPTIONS} -value {-mode out_of_context} -objects [get_runs synth_1]
#   set ip_inst [get_ips -quiet ${bd_design_name}*${bd_inst_name}*]
#   if { ![llength $ip_inst] } {
#       error "Cannot find HLS IP instance: ${bd_design_name}*${bd_inst_name}*"
#   }
#   set synth_run [get_runs -filter {IS_SYNTHESIS == 1} ${ip_inst}*]
#   if { ![llength $synth_run] } {
#       error "Cannot find synth run for HLS IP: ${ip_inst}*"
#   }
# 
#   if { [llength $synth_design_args] } {
#       set_property -name {STEPS.SYNTH_DESIGN.ARGS.MORE OPTIONS} -value $synth_design_args -objects $synth_run
#   }
# 
#   if { [llength $synth_props] } {
#     set_property -dict $synth_props $synth_run
#   }
# 
#   # launch run synth
#   launch_runs synth_1
#   wait_on_run synth_1
#   # synth reports
#   hls_vivado_reports_synth synth_1 $report_options
#   if { $synth_dcp ne "" } {
#     file mkdir [file dirname $synth_dcp]
#     set run_dcp [glob -nocomplain [get_property DIRECTORY $synth_run]/*.dcp]
#     if { [llength $run_dcp] != 1 } { error "Cannot find single dcp file for run $synth_run" }
#     file copy -force $run_dcp $synth_dcp
#   }
# }
WARNING: [Vivado 12-7122] Auto Incremental Compile:: No reference checkpoint was found in run synth_1. Auto-incremental flow will not be run, the standard flow will be run instead.
[Tue Sep 29 22:39:48 2026] Launched bd_0_hls_inst_0_synth_1...
Run output will be captured here: C:/Users/hp/HW-AFDM-OTFS/hls/proj/mp_S16_small_flat/sol/impl/verilog/project.runs/bd_0_hls_inst_0_synth_1/runme.log
[Tue Sep 29 22:39:48 2026] Launched synth_1...
Run output will be captured here: C:/Users/hp/HW-AFDM-OTFS/hls/proj/mp_S16_small_flat/sol/impl/verilog/project.runs/synth_1/runme.log
[Tue Sep 29 22:39:48 2026] Waiting for synth_1 to finish...


*** Running vivado
    with args -log bd_0_wrapper.vds -m64 -product Vivado -mode batch -messageDb vivado.pb -notrace -source bd_0_wrapper.tcl



****** Vivado v2025.2 (64-bit)
  **** SW Build 6299465 on Fri Nov 14 19:35:11 GMT 2025
  **** IP Build 6300035 on Fri Nov 14 10:48:45 MST 2025
  **** SharedData Build 6298862 on Thu Nov 13 04:50:51 MST 2025
  **** Start of session at: Tue Sep 29 22:42:44 2026
    ** Copyright 1986-2022 Xilinx, Inc. All Rights Reserved.
    ** Copyright 2022-2025 Advanced Micro Devices, Inc. All Rights Reserved.

source bd_0_wrapper.tcl -notrace
create_project: Time (s): cpu = 00:00:19 ; elapsed = 00:00:13 . Memory (MB): peak = 534.840 ; gain = 223.301
INFO: [IP_Flow 19-234] Refreshing IP repositories
INFO: [IP_Flow 19-1700] Loaded user IP repository 'c:/Users/hp/HW-AFDM-OTFS/hls/proj/mp_S16_small_flat/sol/impl/ip'.
INFO: [IP_Flow 19-2313] Loaded Vivado IP repository 'D:/2025.2/Vivado/data/ip'.
WARNING: [IP_Flow 19-4995] The host OS only allows 260 characters in a normal path. The IP cache path is more than 80 characters. If you experience issues with IP caching, please consider changing the IP cache to a location with a shorter path. Alternately consider using the OS subst command to map part of the path to a drive letter. 
Current IP cache path is c:/Users/hp/HW-AFDM-OTFS/hls/proj/mp_S16_small_flat/sol/impl/verilog/project.cache/ip 
Command: synth_design -top bd_0_wrapper -part xc7z020clg484-1 -mode out_of_context
Starting synth_design
Attempting to get a license for feature 'Synthesis' and/or device 'xc7z020'
INFO: [Common 17-349] Got license for feature 'Synthesis' and/or device 'xc7z020'
INFO: [Device 21-403] Loading part xc7z020clg484-1
INFO: [Synth 8-7079] Multithreading enabled for synth_design using a maximum of 2 processes.
INFO: [Synth 8-7078] Launching helper process for spawning children vivado processes
INFO: [Synth 8-7075] Helper process launched with PID 4316
---------------------------------------------------------------------------------
Starting RTL Elaboration : Time (s): cpu = 00:00:10 ; elapsed = 00:00:12 . Memory (MB): peak = 1314.105 ; gain = 538.531
---------------------------------------------------------------------------------
INFO: [Synth 8-6157] synthesizing module 'bd_0_wrapper' [c:/Users/hp/HW-AFDM-OTFS/hls/
*** Running vivado
    with args -log bd_0_wrapper.vds -m64 -product Vivado -mode batch -messageDb vivado.pb -notrace -source bd_0_wrapper.tcl



****** Vivado v2025.2 (64-bit)
  **** SW Build 6299465 on Fri Nov 14 19:35:11 GMT 2025
  **** IP Build 6300035 on Fri Nov 14 10:48:45 MST 2025
  **** SharedData Build 6298862 on Thu Nov 13 04:50:51 MST 2025
  **** Start of session at: Tue Sep 29 22:57:18 2026
    ** Copyright 1986-2022 Xilinx, Inc. All Rights Reserved.
    ** Copyright 2022-2025 Advanced Micro Devices, Inc. All Rights Reserved.

source bd_0_wrapper.tcl -notrace
create_project: Time (s): cpu = 00:00:15 ; elapsed = 00:00:10 . Memory (MB): peak = 530.473 ; gain = 218.020
INFO: [IP_Flow 19-234] Refreshing IP repositories
INFO: [IP_Flow 19-1700] Loaded user IP repository 'c:/Users/hp/HW-AFDM-OTFS/hls/proj/mp_S16_small/sol/impl/ip'.
INFO: [IP_Flow 19-2313] Loaded Vivado IP repository 'D:/2025.2/Vivado/data/ip'.
Command: synth_design -top bd_0_wrapper -part xc7z020clg484-1 -mode out_of_context
Starting synth_design
Attempting to get a license for feature 'Synthesis' and/or device 'xc7z020'
INFO: [Common 17-349] Got license for feature 'Synthesis' and/or device 'xc7z020'
INFO: [Device 21-403] Loading part xc7z020clg484-1
INFO: [Synth 8-7079] Multithreading enabled for synth_design using a maximum of 2 processes.
INFO: [Synth 8-7078] Launching helper process for spawning children vivado processes
INFO: [Synth 8-7075] Helper process launched with PID 30996
---------------------------------------------------------------------------------
Starting RTL Elaboration : Time (s): cpu = 00:00:07 ; elapsed = 00:00:07 . Memory (MB): peak = 1314.094 ; gain = 540.477
---------------------------------------------------------------------------------
INFO: [Synth 8-6157] synthesizing module 'bd_0_wrapper' [c:/Users/hp/HW-AFDM-OTFS/hls/proj/mp_S16_small/sol/impl/verilog/project.gen/sources_1/bd/bd_0/hdl/bd_0_wrapper.v:13]
INFO: [Synth 8-6157] synthesizing module 'bd_0' [c:/Users/hp/HW-AFDM-OTFS/hls/proj/mp_S16_small/sol/impl/verilog/project.gen/sources_1/bd/bd_0/synth/bd_0.v:13]
INFO: [Synth 8-6157] synthesizing module 'bd_0_hls_inst_0' [C:/Users/hp/HW-AFDM-OTFS/hls/proj/mp_S16_small/sol/impl/verilog/project.runs/synth_1/.Xil/Vivado-28332-SaY-PC/realtime/bd_0_hls_inst_0_stub.v:6]
INFO: [Synth 8-6155] done synthesizing module 'bd_0_hls_inst_0' (0#1) [C:/Users/hp/HW-AFDM-OTFS/hls/proj/mp_S16_small/sol/impl/verilog/project.runs/synth_1/.Xil/Vivado-28332-SaY-PC/realtime/bd_0_hls_inst_0_stub.v:6]
INFO: [Synth 8-6155] done synthesizing module 'bd_0' (0#1) [c:/Users/hp/HW-AFDM-OTFS/hls/proj/mp_S16_small/sol/impl/verilog/project.gen/sources_1/bd/bd_0/synth/bd_0.v:13]
INFO: [Synth 8-6155] done synthesizing module 'bd_0_wrapper' (0#1) [c:/Users/hp/HW-AFDM-OTFS/hls/proj/mp_S16_small/sol/impl/verilog/project.gen/sources_1/bd/bd_0/hdl/bd_0_wrapper.v:13]
---------------------------------------------------------------------------------
Finished RTL Elaboration : Time (s): cpu = 00:00:09 ; elapsed = 00:00:09 . Memory (MB): peak = 1438.621 ; gain = 665.004
---------------------------------------------------------------------------------
---------------------------------------------------------------------------------
Start Handling Custom Attributes
---------------------------------------------------------------------------------
---------------------------------------------------------------------------------
Finished Handling Custom Attributes : Time (s): cpu = 00:00:09 ; elapsed = 00:00:09 . Memory (MB): peak = 1438.621 ; gain = 665.004
---------------------------------------------------------------------------------
---------------------------------------------------------------------------------
Finished RTL Optimization Phase 1 : Time (s): cpu = 00:00:09 ; elapsed = 00:00:09 . Memory (MB): peak = 1438.621 ; gain = 665.004
---------------------------------------------------------------------------------
Netlist sorting complete. Time (s): cpu = 00:00:00 ; elapsed = 00:00:00.003 . Memory (MB): peak = 1438.621 ; gain = 0.000
INFO: [Project 1-570] Preparing netlist for logic optimization

Processing XDC Constraints
Initializing timing engine
Parsing XDC File [c:/Users/hp/HW-AFDM-OTFS/hls/proj/mp_S16_small/sol/impl/verilog/project.gen/sources_1/bd/bd_0/ip/bd_0_hls_inst_0/bd_0_hls_inst_0/bd_0_hls_inst_0_in_context.xdc] for cell 'bd_0_i/hls_inst'
Finished Parsing XDC File [c:/Users/hp/HW-AFDM-OTFS/hls/proj/mp_S16_small/sol/impl/verilog/project.gen/sources_1/bd/bd_0/ip/bd_0_hls_inst_0/bd_0_hls_inst_0/bd_0_hls_inst_0_in_context.xdc] for cell 'bd_0_i/hls_inst'
Parsing XDC File [C:/Users/hp/HW-AFDM-OTFS/hls/proj/mp_S16_small/sol/impl/verilog/mp_detect.xdc]
Finished Parsing XDC File [C:/Users/hp/HW-AFDM-OTFS/hls/proj/mp_S16_small/sol/impl/verilog/mp_detect.xdc]
Parsing XDC File [C:/Users/hp/HW-AFDM-OTFS/hls/proj/mp_S16_small/sol/impl/verilog/project.runs/synth_1/dont_touch.xdc]
Finished Parsing XDC File [C:/Users/hp/HW-AFDM-OTFS/hls/proj/mp_S16_small/sol/impl/verilog/project.runs/synth_1/dont_touch.xdc]
Completed Processing XDC Constraints

Netlist sorting complete. Time (s): cpu = 00:00:00 ; elapsed = 00:00:00.001 . Memory (MB): peak = 1438.621 ; gain = 0.000
INFO: [Project 1-111] Unisim Transformation Summary:
No Unisim elements were transformed.

Constraint Validation Runtime : Time (s): cpu = 00:00:00 ; elapsed = 00:00:00.021 . Memory (MB): peak = 1438.621 ; gain = 0.000
---------------------------------------------------------------------------------
Finished Constraint Validation : Time (s): cpu = 00:00:19 ; elapsed = 00:00:19 . Memory (MB): peak = 1438.621 ; gain = 665.004
---------------------------------------------------------------------------------
---------------------------------------------------------------------------------
Start Loading Part and Timing Information
---------------------------------------------------------------------------------
Loading part: xc7z020clg484-1
---------------------------------------------------------------------------------
Finished Loading Part and Timing Information : Time (s): cpu = 00:00:19 ; elapsed = 00:00:19 . Memory (MB): peak = 1438.621 ; gain = 665.004
---------------------------------------------------------------------------------
---------------------------------------------------------------------------------
Start Applying 'set_property' XDC Constraints
---------------------------------------------------------------------------------
---------------------------------------------------------------------------------
Finished applying 'set_property' XDC Constraints : Time (s): cpu = 00:00:19 ; elapsed = 00:00:20 . Memory (MB): peak = 1438.621 ; gain = 665.004
---------------------------------------------------------------------------------
---------------------------------------------------------------------------------
Finished RTL Optimization Phase 2 : Time (s): cpu = 00:00:19 ; elapsed = 00:00:20 . Memory (MB): peak = 1438.621 ; gain = 665.004
---------------------------------------------------------------------------------
---------------------------------------------------------------------------------
Start RTL Component Statistics 
---------------------------------------------------------------------------------
Detailed RTL Component Info : 
---------------------------------------------------------------------------------
Finished RTL Component Statistics 
---------------------------------------------------------------------------------
---------------------------------------------------------------------------------
Start Part Resource Summary
---------------------------------------------------------------------------------
Part Resources:
DSPs: 220 (col length:60)
BRAMs: 280 (col length: RAMB18 60 RAMB36 30)
---------------------------------------------------------------------------------
Finished Part Resource Summary
---------------------------------------------------------------------------------
---------------------------------------------------------------------------------
Start Cross Boundary and Area Optimization
---------------------------------------------------------------------------------
---------------------------------------------------------------------------------
Finished Cross Boundary and Area Optimization : Time (s): cpu = 00:00:21 ; elapsed = 00:00:22 . Memory (MB): peak = 1441.922 ; gain = 668.305
---------------------------------------------------------------------------------
---------------------------------------------------------------------------------
Start Applying XDC Timing Constraints
---------------------------------------------------------------------------------
---------------------------------------------------------------------------------
Finished Applying XDC Timing Constraints : Time (s): cpu = 00:00:29 ; elapsed = 00:00:30 . Memory (MB): peak = 1618.160 ; gain = 844.543
---------------------------------------------------------------------------------
---------------------------------------------------------------------------------
Start Timing Optimization
---------------------------------------------------------------------------------
---------------------------------------------------------------------------------
Finished Timing Optimization : Time (s): cpu = 00:00:29 ; elapsed = 00:00:30 . Memory (MB): peak = 1618.234 ; gain = 844.617
---------------------------------------------------------------------------------
---------------------------------------------------------------------------------
Start Technology Mapping
---------------------------------------------------------------------------------
---------------------------------------------------------------------------------
Finished Technology Mapping : Time (s): cpu = 00:00:29 ; elapsed = 00:00:30 . Memory (MB): peak = 1627.797 ; gain = 854.180
---------------------------------------------------------------------------------
---------------------------------------------------------------------------------
Start IO Insertion
---------------------------------------------------------------------------------
---------------------------------------------------------------------------------
Start Flattening Before IO Insertion
---------------------------------------------------------------------------------
---------------------------------------------------------------------------------
Finished Flattening Before IO Insertion
---------------------------------------------------------------------------------
---------------------------------------------------------------------------------
Start Final Netlist Cleanup
---------------------------------------------------------------------------------
---------------------------------------------------------------------------------
Finished Final Netlist Cleanup
---------------------------------------------------------------------------------
---------------------------------------------------------------------------------
Finished IO Insertion : Time (s): cpu = 00:00:35 ; elapsed = 00:00:36 . Memory (MB): peak = 1877.227 ; gain = 1103.609
---------------------------------------------------------------------------------
---------------------------------------------------------------------------------
Start Renaming Generated Instances
---------------------------------------------------------------------------------
---------------------------------------------------------------------------------
Finished Renaming Generated Instances : Time (s): cpu = 00:00:35 ; elapsed = 00:00:36 . Memory (MB): peak = 1877.227 ; gain = 1103.609
---------------------------------------------------------------------------------
---------------------------------------------------------------------------------
Start Rebuilding User Hierarchy
---------------------------------------------------------------------------------
---------------------------------------------------------------------------------
Finished Rebuilding User Hierarchy : Time (s): cpu = 00:00:35 ; elapsed = 00:00:36 . Memory (MB): peak = 1877.227 ; gain = 1103.609
---------------------------------------------------------------------------------
---------------------------------------------------------------------------------
Start Renaming Generated Ports
---------------------------------------------------------------------------------
---------------------------------------------------------------------------------
Finished Renaming Generated Ports : Time (s): cpu = 00:00:35 ; elapsed = 00:00:36 . Memory (MB): peak = 1877.227 ; gain = 1103.609
---------------------------------------------------------------------------------
---------------------------------------------------------------------------------
Start Handling Custom Attributes
---------------------------------------------------------------------------------
---------------------------------------------------------------------------------
Finished Handling Custom Attributes : Time (s): cpu = 00:00:35 ; elapsed = 00:00:36 . Memory (MB): peak = 1877.227 ; gain = 1103.609
---------------------------------------------------------------------------------
---------------------------------------------------------------------------------
Start Renaming Generated Nets
---------------------------------------------------------------------------------
---------------------------------------------------------------------------------
Finished Renaming Generated Nets : Time (s): cpu = 00:00:35 ; elapsed = 00:00:36 . Memory (MB): peak = 1877.227 ; gain = 1103.609
---------------------------------------------------------------------------------
---------------------------------------------------------------------------------
Start Writing Synthesis Report
---------------------------------------------------------------------------------

Report BlackBoxes: 
+------+----------------+----------+
|      |BlackBox name   |Instances |
+------+----------------+----------+
|1     |bd_0_hls_inst_0 |         1|
+------+----------------+----------+

Report Cell Usage: 
+------+--------------+------+
|      |Cell          |Count |
+------+--------------+------+
|1     |bd_0_hls_inst |     1|
+------+--------------+------+
---------------------------------------------------------------------------------
Finished Writing Synthesis Report : Time (s): cpu = 00:00:35 ; elapsed = 00:00:36 . Memory (MB): peak = 1877.227 ; gain = 1103.609
---------------------------------------------------------------------------------
Synthesis finished with 0 errors, 0 critical warnings and 0 warnings.
Synthesis Optimization Runtime : Time (s): cpu = 00:00:24 ; elapsed = 00:00:34 . Memory (MB): peak = 1877.227 ; gain = 1103.609
Synthesis Optimization Complete : Time (s): cpu = 00:00:35 ; elapsed = 00:00:36 . Memory (MB): peak = 1877.227 ; gain = 1103.609
INFO: [Project 1-571] Translating synthesized netlist
Netlist sorting complete. Time (s): cpu = 00:00:00 ; elapsed = 00:00:00.004 . Memory (MB): peak = 1877.227 ; gain = 0.000
INFO: [Project 1-570] Preparing netlist for logic optimization
INFO: [Opt 31-138] Pushed 0 inverter(s) to 0 load pin(s).
Netlist sorting complete. Time (s): cpu = 00:00:00 ; elapsed = 00:00:00.001 . Memory (MB): peak = 1879.273 ; gain = 0.000
INFO: [Project 1-111] Unisim Transformation Summary:
No Unisim elements were transformed.

Synth Design complete | Checksum: 20dc47ac
INFO: [Common 17-83] Releasing license: Synthesis
21 Infos, 0 Warnings, 0 Critical Warnings and 0 Errors encountered.
synth_design completed successfully
synth_design: Time (s): cpu = 00:00:39 ; elapsed = 00:00:44 . Memory (MB): peak = 1879.273 ; gain = 1339.852
INFO: [Common 17-1381] The checkpoint 'C:/Users/hp/HW-AFDM-OTFS/hls/proj/mp_S16_small/sol/impl/verilog/project.runs/synth_1/bd_0_wrapper.dcp' has been generated.
INFO: [Vivado 12-24828] Executing command : report_utilization -file bd_0_wrapper_utilization_synth.rpt -pb bd_0_wrapper_utilization_synth.pb
INFO: [Common 17-206] Exiting Vivado at Tue Sep 29 22:58:17 2026...
[Tue Sep 29 22:58:19 2026] synth_1 finished
wait_on_runs: Time (s): cpu = 00:00:02 ; elapsed = 00:21:09 . Memory (MB): peak = 590.375 ; gain = 0.000
TIMESTAMP: HLS-REPORT: synthesis open_run: 2026-09-29 22:58:19 +0530
INFO: HLS-REPORT: Opening synthesis design database: open_run synth_1
Design is defaulting to impl run constrset: constrs_1
Design is defaulting to synth run part: xc7z020clg484-1
INFO: [Device 21-403] Loading part xc7z020clg484-1
INFO: [Project 1-5699] Read binary netlist with skipMacroContent - 1
INFO: [Project 1-454] Reading design checkpoint 'c:/Users/hp/HW-AFDM-OTFS/hls/proj/mp_S16_small/sol/impl/verilog/project.gen/sources_1/bd/bd_0/ip/bd_0_hls_inst_0/bd_0_hls_inst_0.dcp' for cell 'bd_0_i/hls_inst'
Netlist sorting complete. Time (s): cpu = 00:00:00 ; elapsed = 00:00:00.146 . Memory (MB): peak = 846.215 ; gain = 0.000
INFO: [Netlist 29-17] Analyzing 1245 Unisim elements for replacement
INFO: [Netlist 29-28] Unisim Transformation completed in 0 CPU seconds
INFO: [Project 1-479] Netlist was created with Vivado 2025.2
INFO: [Project 1-570] Preparing netlist for logic optimization
Parsing XDC File [C:/Users/hp/HW-AFDM-OTFS/hls/proj/mp_S16_small/sol/impl/verilog/mp_detect.xdc]
Finished Parsing XDC File [C:/Users/hp/HW-AFDM-OTFS/hls/proj/mp_S16_small/sol/impl/verilog/mp_detect.xdc]
INFO: [Opt 31-138] Pushed 0 inverter(s) to 0 load pin(s).
Netlist sorting complete. Time (s): cpu = 00:00:00 ; elapsed = 00:00:00.005 . Memory (MB): peak = 1010.633 ; gain = 0.000
INFO: [Project 1-111] Unisim Transformation Summary:
  A total of 44 instances were transformed.
  RAM16X1S => RAM32X1S (RAMS32): 42 instances
  RAM256X1S => RAM256X1S (MUXF7(x2), MUXF8, RAMS64E(x4)): 2 instances

open_run: Time (s): cpu = 00:00:08 ; elapsed = 00:00:09 . Memory (MB): peak = 1010.633 ; gain = 420.258
TIMESTAMP: HLS-REPORT: synthesis generate_reports_vivado: 2026-09-29 22:58:28 +0530
INFO: HLS-REPORT: Running report: report_utilization -file ./report/mp_detect_utilization_synth.rpt
INFO: HLS-REPORT: Running report: report_utilization -hierarchical -hierarchical_depth 7 -file ./report/mp_detect_utilization_hierarchical_synth.rpt
INFO: HLS-REPORT: Running report: report_timing_summary -file ./report/mp_detect_timing_synth.rpt
INFO: [Timing 38-35] Done setting XDC timing constraints.
INFO: [Timing 38-91] UpdateTimingParams: Speed grade: -1, Delay Type: min_max.
INFO: [Timing 38-191] Multithreading enabled for timing update using a maximum of 2 CPUs
WARNING: [Timing 38-242] The property HD.CLK_SRC of clock port "ap_clk" is not set. In out-of-context mode, this prevents timing estimation for clock delay/skew
Resolution: Set the HD.CLK_SRC property of the out-of-context port to the location of the clock buffer instance in the top-level design
report_timing_summary: Time (s): cpu = 00:00:15 ; elapsed = 00:00:12 . Memory (MB): peak = 1582.164 ; gain = 571.531
INFO: HLS-REPORT: Running report: report_power -file ./report/mp_detect_power_synth.rpt -xpe ./mp_detect_power.xpe
Command: report_power -file ./report/mp_detect_power_synth.rpt -xpe ./mp_detect_power.xpe
Running Vector-less Activity Propagation...

Finished Running Vector-less Activity Propagation
12 Infos, 2 Warnings, 0 Critical Warnings and 0 Errors encountered.
report_power completed successfully
INFO: HLS-REPORT: Running report: report_timing -max_paths 10 -file ./report/mp_detect_timing_paths_synth.rpt
INFO: [Timing 38-91] UpdateTimingParams: Speed grade: -1, Delay Type: max.
INFO: [Timing 38-191] Multithreading enabled for timing update using a maximum of 2 CPUs
INFO: [Timing 38-78] ReportTimingParams: -max_paths 10 -nworst 1 -delay_type max -sort_by slack.
INFO: HLS-REPORT: Running report: report_design_analysis -file ./report/mp_detect_design_analysis_synth.rpt
INFO: [Implflow 30-839]  
INFO: HLS-REPORT: Running report: ::tclapp::xilinx::designutils::report_failfast -detailed_report synth -file ./report/mp_detect_failfast_synth.rpt
 -I- design metrics completed in 1 seconds
 -I- DONT_TOUCH metric completed in 2 seconds
 -I- MARK_DEBUG metric completed in 1 seconds
 -I- utilization metrics completed in 1 seconds
 -I- control set metrics completed in 0 seconds
 -I- methodology check metrics completed in 1 seconds
 -I- average fanout metrics completed in 3 seconds (0 modules)
 -I- non-FD high fanout nets completed in 2 seconds
 -I- path budgeting metrics completed in 3 seconds
#  +-----------------------------------------------------------------------------------------+
#  | Design Summary                                                                          |
#  | design_1                                                                                |
#  | xc7z020clg484-1                                                                         |
#  +-----------------------------------------------------------+-----------+--------+--------+
#  | Criteria                                                  | Guideline | Actual | Status |
#  +-----------------------------------------------------------+-----------+--------+--------+
#  | LUT                                                       | 70%       | 11.71% | OK     |
#  | FD                                                        | 50%       | 4.82%  | OK     |
#  | LUTRAM+SRL                                                | 25%       | 1.57%  | OK     |
#  | MUXF7                                                     | 15%       | 0.02%  | OK     |
#  | DSP                                                       | 80%       | 26.36% | OK     |
#  | RAMB/FIFO                                                 | 80%       | 11.43% | OK     |
#  | DSP+RAMB+URAM (Avg)                                       | 70%       | 18.89% | OK     |
#  | BUFGCE* + BUFGCTRL                                        | 24        | 0      | OK     |
#  | DONT_TOUCH (cells/nets)                                   | 0         | 0      | OK     |
#  | MARK_DEBUG (nets)                                         | 0         | 0      | OK     |
#  | Control Sets                                              | 998       | 73     | OK     |
#  | Average Fanout for modules > 100k cells                   | 4         | 2.01   | OK     |
#  | Max Average Fanout for modules > 100k cells               | 4         | 0      | OK     |
#  | Non-FD high fanout nets > 10k loads                       | 0         | 0      | OK     |
#  +-----------------------------------------------------------+-----------+--------+--------+
#  | TIMING-6 (No common primary clock between related clocks) | 0         | 0      | OK     |
#  | TIMING-7 (No common node between related clocks)          | 0         | 0      | OK     |
#  | TIMING-8 (No common period between related clocks)        | 0         | 0      | OK     |
#  | TIMING-14 (LUT on the clock tree)                         | 0         | 0      | OK     |
#  | TIMING-35 (No common node in paths with the same clock)   | 0         | 0      | OK     |
#  +-----------------------------------------------------------+-----------+--------+--------+
#  | Number of paths above max LUT budgeting (0.575ns)         | 0         | 0      | OK     |
#  | Number of paths above max Net budgeting (0.403ns)         | 0         | 0      | OK     |
#  +-----------------------------------------------------------+-----------+--------+--------+
 -I- Generated file C:/Users/hp/HW-AFDM-OTFS/hls/proj/mp_S16_small/sol/impl/verilog/report/mp_detect_failfast_synth.rpt
 -I- Number of criteria to review: 0
 -I- This report should be run before placing the design and uses conservative guidelines beyond which runtime and timing closure will likely be more challenging
 -I- report_failfast completed in 14 seconds
TIMESTAMP: HLS-REPORT: synthesis gen_data_dict_vivado: 2026-09-29 22:58:57 +0530
TIMESTAMP: HLS-REPORT: synth extract_util_hier: 2026-09-29 22:58:57 +0530
TIMESTAMP: HLS-REPORT: synth get_cell_hier_data: 2026-09-29 22:58:57 +0530
TIMESTAMP: HLS-REPORT: synth get_timing_paths: 2026-09-29 22:58:57 +0530
TIMESTAMP: HLS-REPORT: synth process timing paths: 2026-09-29 22:58:57 +0530
TIMESTAMP: HLS-REPORT: synth get_all_vv_rpt_files: 2026-09-29 22:58:57 +0530
TIMESTAMP: HLS-REPORT: synthesis write_reports_vivado: 2026-09-29 22:58:57 +0530
HLS EXTRACTION: synth area_totals:  0 53200 106400 220 280 0 0
HLS EXTRACTION: synth area_current: 0 6230 5129 58 32 0 224 0 0 0
HLS EXTRACTION: synth resources_dict: AVAIL_LUT 53200 LUT 6230 AVAIL_FF 106400 FF 5129 AVAIL_DSP 220 DSP 58 AVAIL_BRAM 280 BRAM 32 AVAIL_URAM 0 URAM 0 LATCH 0 SRL 224 AVAIL_CLB 0 CLB 0
INFO: HLS-REPORT: generated C:/Users/hp/HW-AFDM-OTFS/hls/proj/mp_S16_small/sol/impl/verilog/report/vivado_syn.xml
INFO: HLS-REPORT: generated C:/Users/hp/HW-AFDM-OTFS/hls/proj/mp_S16_small/sol/impl/report/verilog/mp_detect_export.rpt


Implementation tool: Xilinx Vivado v.2025.2
Project:             mp_S16_small
Solution:            sol
Device target:       xc7z020-clg484-1
Report date:         Tue Sep 29 22:58:57 +0530 2026

#=== Post-Synthesis Resource usage ===
SLICE:            0
LUT:           6230
FF:            5129
DSP:             58
BRAM:            32
URAM:             0
LATCH:            0
SRL:            224
CLB:              0

#=== Final timing ===
CP required:                     10.000
CP achieved post-synthesis:      9.652
Timing met

TIMESTAMP: HLS-REPORT: synthesis end: 2026-09-29 22:58:58 +0530
# if { $has_impl } {
#   # launch run impl
#   if { [llength $impl_props] } {
#     set_property -dict $impl_props [get_runs impl_1]
#   }
#   launch_runs impl_1
#   wait_on_run impl_1
#   # impl reports
#   hls_vivado_reports_impl impl_1 $report_options
# }
INFO: [Timing 38-480] Writing timing data to binary archive.
Write ShapeDB Complete: Time (s): cpu = 00:00:01 ; elapsed = 00:00:00.070 . Memory (MB): peak = 1762.457 ; gain = 0.000
WARNING: [Common 17-210] 'write_hwdef' is deprecated.
[Tue Sep 29 22:58:59 2026] Launched impl_1...
Run output will be captured here: C:/Users/hp/HW-AFDM-OTFS/hls/proj/mp_S16_small/sol/impl/verilog/project.runs/impl_1/runme.log
[Tue Sep 29 22:58:59 2026] Waiting for impl_1 to finish...


*** Running vivado
    with args -log bd_0_wrapper.vdi -applog -m64 -product Vivado -messageDb vivado.pb -mode batch -source bd_0_wrapper.tcl -notrace



****** Vivado v2025.2 (64-bit)
  **** SW Build 6299465 on Fri Nov 14 19:35:11 GMT 2025
  **** IP Build 6300035 on Fri Nov 14 10:48:45 MST 2025
  **** SharedData Build 6298862 on Thu Nov 13 04:50:51 MST 2025
  **** Start of session at: Tue Sep 29 22:59:06 2026
    ** Copyright 1986-2022 Xilinx, Inc. All Rights Reserved.
    ** Copyright 2022-2025 Advanced Micro Devices, Inc. All Rights Reserved.

source bd_0_wrapper.tcl -notrace
Command: open_checkpoint C:/Users/hp/HW-AFDM-OTFS/hls/proj/mp_S16_small/sol/impl/verilog/project.runs/impl_1/bd_0_wrapper.dcp
INFO: [Device 21-403] Loading part xc7z020clg484-1
Netlist sorting complete. Time (s): cpu = 00:00:00 ; elapsed = 00:00:00.137 . Memory (MB): peak = 794.711 ; gain = 0.000
INFO: [Netlist 29-17] Analyzing 1245 Unisim elements for replacement
INFO: [Netlist 29-28] Unisim Transformation completed in 0 CPU seconds
INFO: [Project 1-479] Netlist was created with Vivado 2025.2
INFO: [Project 1-570] Preparing netlist for logic optimization
Read ShapeDB Complete: Time (s): cpu = 00:00:00 ; elapsed = 00:00:00.041 . Memory (MB): peak = 911.316 ; gain = 4.246
INFO: [Timing 38-478] Restoring timing data from binary archive.
INFO: [Timing 38-479] Binary timing data restore complete.
INFO: [Project 1-856] Restoring constraints from binary archive.
INFO: [Project 1-853] Binary constraint restore complete.
Netlist sorting complete. Time (s): cpu = 00:00:00 ; elapsed = 00:00:00.004 . Memory (MB): peak = 1525.656 ; gain = 0.000
INFO: [Project 1-111] Unisim Transformation Summary:
  A total of 44 instances were transformed.
  RAM16X1S => RAM32X1S (RAMS32): 42 instances
  RAM256X1S => RAM256X1S (MUXF7(x2), MUXF8, RAMS64E(x4)): 2 instances

INFO: [Project 1-604] Checkpoint was created with Vivado v2025.2 (64-bit) build 6299465
open_checkpoint: Time (s): cpu = 00:00:24 ; elapsed = 00:00:20 . Memory (MB): peak = 1525.656 ; gain = 1214.805
INFO: [IP_Flow 19-234] Refreshing IP repositories
INFO: [IP_Flow 19-1700] Loaded user IP repository 'c:/Users/hp/HW-AFDM-OTFS/hls/proj/mp_S16_small/sol/impl/ip'.
INFO: [IP_Flow 19-2313] Loaded Vivado IP repository 'D:/2025.2/Vivado/data/ip'.
Command: opt_design
Attempting to get a license for feature 'Implementation' and/or device 'xc7z020'
INFO: [Common 17-349] Got license for feature 'Implementation' and/or device 'xc7z020'
Running DRC as a precondition to command opt_design

Starting DRC Task
INFO: [DRC 23-27] Running DRC with 2 threads
WARNING: [DRC 23-814] Not all possible (connectivity based) DRCs may have been run because this design is seen as Out of Context.
INFO: [Project 1-461] DRC finished with 0 Errors
INFO: [Project 1-462] Please refer to the DRC report (report_drc) for more information.

Time (s): cpu = 00:00:01 ; elapsed = 00:00:00.441 . Memory (MB): peak = 1554.844 ; gain = 27.238

Starting Cache Timing Information Task
Ending Cache Timing Information Task | Checksum: 155ca4899

Time (s): cpu = 00:00:00 ; elapsed = 00:00:00.020 . Memory (MB): peak = 1554.844 ; gain = 0.000

Starting Logic Optimization Task

Phase 1 Initialization

Phase 1.1 Core Generation And Design Setup
Phase 1.1 Core Generation And Design Setup | Checksum: 155ca4899

Time (s): cpu = 00:00:00 ; elapsed = 00:00:00.011 . Memory (MB): peak = 1995.805 ; gain = 0.000

Phase 1.2 Setup Constraints And Sort Netlist
Phase 1.2 Setup Constraints And Sort Netlist | Checksum: 155ca4899

Time (s): cpu = 00:00:00 ; elapsed = 00:00:00.019 . Memory (MB): peak = 1995.805 ; gain = 0.000
Phase 1 Initialization | Checksum: 155ca4899

Time (s): cpu = 00:00:00 ; elapsed = 00:00:00.020 . Memory (MB): peak = 1995.805 ; gain = 0.000

Phase 2 Timer Update And Timing Data Collection

Phase 2.1 Detect if minReqCache needed
Phase 2.1 Detect if minReqCache needed | Checksum: 155ca4899

Time (s): cpu = 00:00:00 ; elapsed = 00:00:00.052 . Memory (MB): peak = 1995.805 ; gain = 0.000

Phase 2.2 Timer Update
Phase 2.2 Timer Update | Checksum: 155ca4899

Time (s): cpu = 00:00:00 ; elapsed = 00:00:00.069 . Memory (MB): peak = 1995.805 ; gain = 0.000
Phase 2 Timer Update And Timing Data Collection | Checksum: 155ca4899

Time (s): cpu = 00:00:00 ; elapsed = 00:00:00.072 . Memory (MB): peak = 1995.805 ; gain = 0.000

Phase 3 Retarget
INFO: [Opt 31-1851] Number of loadless carry chains removed were: 0
INFO: [Opt 31-1834] Total Chains To Be Transformed Were: 0 AND Number of Transformed insts Created are: 0
INFO: [Opt 31-138] Pushed 0 inverter(s) to 0 load pin(s).
INFO: [Opt 31-49] Retargeted 0 cell(s).
Phase 3 Retarget | Checksum: 1e00ccf6f

Time (s): cpu = 00:00:00 ; elapsed = 00:00:00.393 . Memory (MB): peak = 1995.805 ; gain = 0.000
Retarget | Checksum: 1e00ccf6f
INFO: [Opt 31-389] Phase Retarget created 1 cells and removed 9 cells

Phase 4 Constant propagation
INFO: [Opt 31-138] Pushed 0 inverter(s) to 0 load pin(s).
Phase 4 Constant propagation | Checksum: 1ec7a802a

Time (s): cpu = 00:00:01 ; elapsed = 00:00:00.562 . Memory (MB): peak = 1995.805 ; gain = 0.000
Constant propagation | Checksum: 1ec7a802a
INFO: [Opt 31-389] Phase Constant propagation created 0 cells and removed 0 cells

Phase 5 Sweep
INFO: [Constraints 18-11670] Building netlist checker database with flags, 0x8
Done building netlist checker database: Time (s): cpu = 00:00:00 ; elapsed = 00:00:00.004 . Memory (MB): peak = 1995.805 ; gain = 0.000
INFO: [Constraints 18-11670] Building netlist checker database with flags, 0x8
Done building netlist checker database: Time (s): cpu = 00:00:00 ; elapsed = 00:00:00.004 . Memory (MB): peak = 1995.805 ; gain = 0.000
Phase 5 Sweep | Checksum: 1b53cb04c

Time (s): cpu = 00:00:01 ; elapsed = 00:00:00.775 . Memory (MB): peak = 1995.805 ; gain = 0.000
Sweep | Checksum: 1b53cb04c
INFO: [Opt 31-389] Phase Sweep created 0 cells and removed 0 cells

Phase 6 BUFG optimization
Phase 6 BUFG optimization | Checksum: 1b53cb04c

Time (s): cpu = 00:00:01 ; elapsed = 00:00:00.828 . Memory (MB): peak = 1995.805 ; gain = 0.000
BUFG optimization | Checksum: 1b53cb04c
INFO: [Opt 31-662] Phase BUFG optimization created 0 cells of which 0 are BUFGs and removed 0 cells.

Phase 7 Shift Register Optimization
INFO: [Opt 31-1064] SRL Remap converted 0 SRLs to 0 registers and converted 0 registers of register chains to 0 SRLs
Phase 7 Shift Register Optimization | Checksum: 1b53cb04c

Time (s): cpu = 00:00:01 ; elapsed = 00:00:00.867 . Memory (MB): peak = 1995.805 ; gain = 0.000
Shift Register Optimization | Checksum: 1b53cb04c
INFO: [Opt 31-389] Phase Shift Register Optimization created 0 cells and removed 0 cells

Phase 8 Post Processing Netlist
Phase 8 Post Processing Netlist | Checksum: 1b53cb04c

Time (s): cpu = 00:00:01 ; elapsed = 00:00:00.912 . Memory (MB): peak = 1995.805 ; gain = 0.000
Post Processing Netlist | Checksum: 1b53cb04c
INFO: [Opt 31-389] Phase Post Processing Netlist created 0 cells and removed 0 cells

Phase 9 Finalization

Phase 9.1 Finalizing Design Cores and Updating Shapes
Phase 9.1 Finalizing Design Cores and Updating Shapes | Checksum: 1033f2197

Time (s): cpu = 00:00:02 ; elapsed = 00:00:01 . Memory (MB): peak = 1995.805 ; gain = 0.000

Phase 9.2 Verifying Netlist Connectivity

Starting Connectivity Check Task

Time (s): cpu = 00:00:00 ; elapsed = 00:00:00.021 . Memory (MB): peak = 1995.805 ; gain = 0.000
Phase 9.2 Verifying Netlist Connectivity | Checksum: 1033f2197

Time (s): cpu = 00:00:02 ; elapsed = 00:00:01 . Memory (MB): peak = 1995.805 ; gain = 0.000
Phase 9 Finalization | Checksum: 1033f2197

Time (s): cpu = 00:00:02 ; elapsed = 00:00:01 . Memory (MB): peak = 1995.805 ; gain = 0.000
Opt_design Change Summary
=========================


-------------------------------------------------------------------------------------------------------------------------
|  Phase                        |  #Cells created  |  #Cells Removed  |  #Constrained objects preventing optimizations  |
-------------------------------------------------------------------------------------------------------------------------
|  Retarget                     |               1  |               9  |                                              0  |
|  Constant propagation         |               0  |               0  |                                              0  |
|  Sweep                        |               0  |               0  |                                              0  |
|  BUFG optimization            |               0  |               0  |                                              0  |
|  Shift Register Optimization  |               0  |               0  |                                              0  |
|  Post Processing Netlist      |               0  |               0  |                                              0  |
-------------------------------------------------------------------------------------------------------------------------


Ending Logic Optimization Task | Checksum: 1033f2197

Time (s): cpu = 00:00:02 ; elapsed = 00:00:01 . Memory (MB): peak = 1995.805 ; gain = 0.000

Starting Power Optimization Task
INFO: [Pwropt 34-132] Skipping clock gating for clocks with a period < 2.00 ns.
INFO: [Pwropt 34-9] Applying IDT optimizations ...
INFO: [Pwropt 34-10] Applying ODC optimizations ...
INFO: [Timing 38-35] Done setting XDC timing constraints.
Running Vector-less Activity Propagation...

Finished Running Vector-less Activity Propagation


Starting PowerOpt Patch Enables Task
INFO: [Pwropt 34-162] WRITE_MODE attribute of 0 BRAM(s) out of a total of 20 has been updated to save power. Run report_power_opt to get a complete listing of the BRAMs updated.
INFO: [Pwropt 34-201] Structural ODC has moved 0 WE to EN ports
Number of BRAM Ports augmented: 0 newly gated: 0 Total Ports: 40
Ending PowerOpt Patch Enables Task | Checksum: 1033f2197

Time (s): cpu = 00:00:00 ; elapsed = 00:00:00.085 . Memory (MB): peak = 1995.805 ; gain = 0.000
Ending Power Optimization Task | Checksum: 1033f2197

Time (s): cpu = 00:00:06 ; elapsed = 00:00:04 . Memory (MB): peak = 1995.805 ; gain = 0.000

Starting Final Cleanup Task
Ending Final Cleanup Task | Checksum: 1033f2197

Time (s): cpu = 00:00:00 ; elapsed = 00:00:00.002 . Memory (MB): peak = 1995.805 ; gain = 0.000
Netlist sorting complete. Time (s): cpu = 00:00:00 ; elapsed = 00:00:00.004 . Memory (MB): peak = 1995.805 ; gain = 0.000
INFO: [Common 17-83] Releasing license: Implementation
39 Infos, 1 Warnings, 0 Critical Warnings and 0 Errors encountered.
opt_design completed successfully
opt_design: Time (s): cpu = 00:00:12 ; elapsed = 00:00:10 . Memory (MB): peak = 1995.805 ; gain = 468.199
INFO: [Vivado 12-24828] Executing command : report_drc -file bd_0_wrapper_drc_opted.rpt -pb bd_0_wrapper_drc_opted.pb -rpx bd_0_wrapper_drc_opted.rpx
Command: report_drc -file bd_0_wrapper_drc_opted.rpt -pb bd_0_wrapper_drc_opted.pb -rpx bd_0_wrapper_drc_opted.rpx
INFO: [IP_Flow 19-1839] IP Catalog is up to date.
INFO: [DRC 23-27] Running DRC with 2 threads
WARNING: [DRC 23-814] Not all possible (connectivity based) DRCs may have been run because this design is seen as Out of Context.
INFO: [Vivado_Tcl 2-168] The results of DRC are in file C:/Users/hp/HW-AFDM-OTFS/hls/proj/mp_S16_small/sol/impl/verilog/project.runs/impl_1/bd_0_wrapper_drc_opted.rpt.
report_drc completed successfully
INFO: [Timing 38-35] Done setting XDC timing constraints.
INFO: [Timing 38-480] Writing timing data to binary archive.
Write ShapeDB Complete: Time (s): cpu = 00:00:01 ; elapsed = 00:00:00.177 . Memory (MB): peak = 1995.805 ; gain = 0.000
INFO: [Common 17-1381] The checkpoint 'C:/Users/hp/HW-AFDM-OTFS/hls/proj/mp_S16_small/sol/impl/verilog/project.runs/impl_1/bd_0_wrapper_opt.dcp' has been generated.
write_checkpoint: Time (s): cpu = 00:00:07 ; elapsed = 00:00:05 . Memory (MB): peak = 1995.805 ; gain = 0.000
Command: place_design
Attempting to get a license for feature 'Implementation' and/or device 'xc7z020'
INFO: [Common 17-349] Got license for feature 'Implementation' and/or device 'xc7z020'
INFO: [Common 17-83] Releasing license: Implementation
INFO: [DRC 23-27] Running DRC with 2 threads
WARNING: [DRC 23-814] Not all possible (connectivity based) DRCs may have been run because this design is seen as Out of Context.
INFO: [Vivado_Tcl 4-198] DRC finished with 0 Errors
INFO: [Vivado_Tcl 4-199] Please refer to the DRC report (report_drc) for more information.
Running DRC as a precondition to command place_design
INFO: [DRC 23-27] Running DRC with 2 threads
WARNING: [DRC 23-814] Not all possible (connectivity based) DRCs may have been run because this design is seen as Out of Context.
INFO: [Vivado_Tcl 4-198] DRC finished with 0 Errors
INFO: [Vivado_Tcl 4-199] Please refer to the DRC report (report_drc) for more information.
INFO: [Place 30-611] Multithreading enabled for place_design using a maximum of 2 CPUs

Starting Placer Task

Phase 1 Placer Initialization

Phase 1.1 Placer Initialization Netlist Sorting
Netlist sorting complete. Time (s): cpu = 00:00:00 ; elapsed = 00:00:00.013 . Memory (MB): peak = 1995.805 ; gain = 0.000
Phase 1.1 Placer Initialization Netlist Sorting | Checksum: 864d9790

Time (s): cpu = 00:00:00 ; elapsed = 00:00:00.019 . Memory (MB): peak = 1995.805 ; gain = 0.000
Netlist sorting complete. Time (s): cpu = 00:00:00 ; elapsed = 00:00:00.010 . Memory (MB): peak = 1995.805 ; gain = 0.000

Phase 1.2 IO Placement/ Clock Placement/ Build Placer Device
Phase 1.2 IO Placement/ Clock Placement/ Build Placer Device | Checksum: c1288f42

Time (s): cpu = 00:00:02 ; elapsed = 00:00:02 . Memory (MB): peak = 1995.805 ; gain = 0.000

Phase 1.3 Build Placer Netlist Model
Phase 1.3 Build Placer Netlist Model | Checksum: 12172f307

Time (s): cpu = 00:00:17 ; elapsed = 00:00:11 . Memory (MB): peak = 1995.805 ; gain = 0.000

Phase 1.4 Constrain Clocks/Macros
Phase 1.4 Constrain Clocks/Macros | Checksum: 12172f307

Time (s): cpu = 00:00:17 ; elapsed = 00:00:11 . Memory (MB): peak = 1995.805 ; gain = 0.000
Phase 1 Placer Initialization | Checksum: 12172f307

Time (s): cpu = 00:00:17 ; elapsed = 00:00:11 . Memory (MB): peak = 1995.805 ; gain = 0.000

Phase 2 Global Placement

Phase 2.1 Floorplanning
Phase 2.1 Floorplanning | Checksum: 1050d0bb0

Time (s): cpu = 00:00:26 ; elapsed = 00:00:15 . Memory (MB): peak = 1995.805 ; gain = 0.000

Phase 2.2 Update Timing before SLR Path Opt
Phase 2.2 Update Timing before SLR Path Opt | Checksum: 1411a3f60

Time (s): cpu = 00:00:34 ; elapsed = 00:00:20 . Memory (MB): peak = 1995.805 ; gain = 0.000

Phase 2.3 Post-Processing in Floorplanning
Phase 2.3 Post-Processing in Floorplanning | Checksum: 1187884fb

Time (s): cpu = 00:00:34 ; elapsed = 00:00:20 . Memory (MB): peak = 1995.805 ; gain = 0.000

Phase 2.4 Global Place Phase1
Phase 2.4 Global Place Phase1 | Checksum: 1a40687cb

Time (s): cpu = 00:00:52 ; elapsed = 00:00:30 . Memory (MB): peak = 1995.805 ; gain = 0.000

Phase 2.5 Global Place Phase2

Phase 2.5.1 UpdateTiming Before Physical Synthesis
Phase 2.5.1 UpdateTiming Before Physical Synthesis | Checksum: 1461f9e43

Time (s): cpu = 00:00:55 ; elapsed = 00:00:31 . Memory (MB): peak = 1995.805 ; gain = 0.000

Phase 2.5.2 Physical Synthesis In Placer
INFO: [Physopt 32-1035] Found 0 LUTNM shape to break, 307 LUT instances to create LUTNM shape
INFO: [Physopt 32-1044] Break lutnm for timing: one critical 0, two critical 0, total 0, new lutff created 0
INFO: [Physopt 32-1138] End 1 Pass. Optimized 142 nets or LUTs. Breaked 0 LUT, combined 142 existing LUTs and moved 0 existing LUT
INFO: [Physopt 32-65] No nets found for high-fanout optimization.
INFO: [Physopt 32-232] Optimized 0 net. Created 0 new instance.
INFO: [Physopt 32-775] End 1 Pass. Optimized 0 net or cell. Created 0 new cell, deleted 0 existing cell and moved 0 existing cell
INFO: [Physopt 32-670] No setup violation found.  DSP Register Optimization was not performed.
INFO: [Physopt 32-670] No setup violation found.  Shift Register to Pipeline Optimization was not performed.
INFO: [Physopt 32-670] No setup violation found.  Shift Register Optimization was not performed.
INFO: [Physopt 32-670] No setup violation found.  BRAM Register Optimization was not performed.
INFO: [Physopt 32-670] No setup violation found.  URAM Register Optimization was not performed.
INFO: [Physopt 32-949] No candidate nets found for dynamic/static region interface net replication
INFO: [Physopt 32-775] End 1 Pass. Optimized 0 net or cell. Created 0 new cell, deleted 0 existing cell and moved 0 existing cell
Netlist sorting complete. Time (s): cpu = 00:00:00 ; elapsed = 00:00:00.004 . Memory (MB): peak = 1995.805 ; gain = 0.000

Summary of Physical Synthesis Optimizations
============================================


-----------------------------------------------------------------------------------------------------------------------------------------------------------
|  Optimization                                     |  Added Cells  |  Removed Cells  |  Optimized Cells/Nets  |  Dont Touch  |  Iterations  |  Elapsed   |
-----------------------------------------------------------------------------------------------------------------------------------------------------------
|  LUT Combining                                    |            0  |            142  |                   142  |           0  |           1  |  00:00:00  |
|  Retime                                           |            0  |              0  |                     0  |           0  |           1  |  00:00:00  |
|  Very High Fanout                                 |            0  |              0  |                     0  |           0  |           1  |  00:00:00  |
|  DSP Register                                     |            0  |              0  |                     0  |           0  |           0  |  00:00:00  |
|  Shift Register to Pipeline                       |            0  |              0  |                     0  |           0  |           0  |  00:00:00  |
|  Shift Register                                   |            0  |              0  |                     0  |           0  |           0  |  00:00:00  |
|  BRAM Register                                    |            0  |              0  |                     0  |           0  |           0  |  00:00:00  |
|  URAM Register                                    |            0  |              0  |                     0  |           0  |           0  |  00:00:00  |
|  Dynamic/Static Region Interface Net Replication  |            0  |              0  |                     0  |           0  |           1  |  00:00:00  |
|  Total                                            |            0  |            142  |                   142  |           0  |           4  |  00:00:00  |
-----------------------------------------------------------------------------------------------------------------------------------------------------------


Phase 2.5.2 Physical Synthesis In Placer | Checksum: 149224a5c

Time (s): cpu = 00:00:58 ; elapsed = 00:00:33 . Memory (MB): peak = 1995.805 ; gain = 0.000
Phase 2.5 Global Place Phase2 | Checksum: 1b9accf58

Time (s): cpu = 00:00:58 ; elapsed = 00:00:34 . Memory (MB): peak = 1995.805 ; gain = 0.000
Phase 2 Global Placement | Checksum: 1b9accf58

Time (s): cpu = 00:00:58 ; elapsed = 00:00:34 . Memory (MB): peak = 1995.805 ; gain = 0.000

Phase 3 Detail Placement

Phase 3.1 Commit Multi Column Macros
Phase 3.1 Commit Multi Column Macros | Checksum: 1ce2d27e4

Time (s): cpu = 00:01:01 ; elapsed = 00:00:35 . Memory (MB): peak = 1995.805 ; gain = 0.000

Phase 3.2 Commit Most Macros & LUTRAMs
Phase 3.2 Commit Most Macros & LUTRAMs | Checksum: 217f401d6

Time (s): cpu = 00:01:05 ; elapsed = 00:00:38 . Memory (MB): peak = 1995.805 ; gain = 0.000

Phase 3.3 Area Swap Optimization
Phase 3.3 Area Swap Optimization | Checksum: 23be498f7

Time (s): cpu = 00:01:05 ; elapsed = 00:00:38 . Memory (MB): peak = 1995.805 ; gain = 0.000

Phase 3.4 Pipeline Register Optimization
Phase 3.4 Pipeline Register Optimization | Checksum: 18895fd19

Time (s): cpu = 00:01:05 ; elapsed = 00:00:38 . Memory (MB): peak = 1995.805 ; gain = 0.000

Phase 3.5 Fast Optimization
Phase 3.5 Fast Optimization | Checksum: 229286b68

Time (s): cpu = 00:01:10 ; elapsed = 00:00:40 . Memory (MB): peak = 1995.805 ; gain = 0.000

Phase 3.6 Small Shape Detail Placement
Phase 3.6 Small Shape Detail Placement | Checksum: 14aeb6f61

Time (s): cpu = 00:01:14 ; elapsed = 00:00:44 . Memory (MB): peak = 1995.805 ; gain = 0.000

Phase 3.7 Re-assign LUT pins
Phase 3.7 Re-assign LUT pins | Checksum: b9557195

Time (s): cpu = 00:01:15 ; elapsed = 00:00:45 . Memory (MB): peak = 1995.805 ; gain = 0.000

Phase 3.8 Pipeline Register Optimization
Phase 3.8 Pipeline Register Optimization | Checksum: 1fd5e5a9e

Time (s): cpu = 00:01:15 ; elapsed = 00:00:45 . Memory (MB): peak = 1995.805 ; gain = 0.000

Phase 3.9 Fast Optimization
Phase 3.9 Fast Optimization | Checksum: 14be4615e

Time (s): cpu = 00:01:21 ; elapsed = 00:00:48 . Memory (MB): peak = 1995.805 ; gain = 0.000
Phase 3 Detail Placement | Checksum: 14be4615e

Time (s): cpu = 00:01:21 ; elapsed = 00:00:48 . Memory (MB): peak = 1995.805 ; gain = 0.000

Phase 4 Post Placement Optimization and Clean-Up

Phase 4.1 Post Commit Optimization
INFO: [Timing 38-35] Done setting XDC timing constraints.

Phase 4.1.1 Post Placement Optimization
Post Placement Optimization Initialization | Checksum: 21b3d9d54

Phase 4.1.1.1 BUFG Insertion

Starting Physical Synthesis Task

Phase 1 Physical Synthesis Initialization
INFO: [Physopt 32-721] Multithreading enabled for phys_opt_design using a maximum of 2 CPUs
INFO: [Physopt 32-619] Estimated Timing Summary | WNS=0.027 | TNS=0.000 |
Phase 1 Physical Synthesis Initialization | Checksum: 20793a890

Time (s): cpu = 00:00:01 ; elapsed = 00:00:00.207 . Memory (MB): peak = 1995.805 ; gain = 0.000
INFO: [Place 46-56] BUFG insertion identified 0 candidate nets. Inserted BUFG: 0, Replicated BUFG Driver: 0, Skipped due to Placement/Routing Conflicts: 0, Skipped due to Timing Degradation: 0, Skipped due to netlist editing failed: 0.
Ending Physical Synthesis Task | Checksum: 1e785792f

Time (s): cpu = 00:00:01 ; elapsed = 00:00:00.245 . Memory (MB): peak = 1995.805 ; gain = 0.000
Phase 4.1.1.1 BUFG Insertion | Checksum: 21b3d9d54

Time (s): cpu = 00:01:27 ; elapsed = 00:00:52 . Memory (MB): peak = 1995.805 ; gain = 0.000

Phase 4.1.1.2 Post Placement Timing Optimization
INFO: [Place 30-746] Post Placement Timing Summary WNS=0.259. For the most accurate timing information please run report_timing.
Phase 4.1.1.2 Post Placement Timing Optimization | Checksum: 15958fea5

Time (s): cpu = 00:01:41 ; elapsed = 00:01:04 . Memory (MB): peak = 1995.805 ; gain = 0.000

Time (s): cpu = 00:01:41 ; elapsed = 00:01:04 . Memory (MB): peak = 1995.805 ; gain = 0.000
Phase 4.1 Post Commit Optimization | Checksum: 15958fea5

Time (s): cpu = 00:01:41 ; elapsed = 00:01:04 . Memory (MB): peak = 1995.805 ; gain = 0.000

Phase 4.2 Post Placement Cleanup
Phase 4.2 Post Placement Cleanup | Checksum: 15958fea5

Time (s): cpu = 00:01:41 ; elapsed = 00:01:04 . Memory (MB): peak = 1995.805 ; gain = 0.000

Phase 4.3 Placer Reporting

Phase 4.3.1 Print Estimated Congestion
INFO: [Place 30-612] Post-Placement Estimated Congestion 
 ____________________________________________________
|           | Global Congestion | Short Congestion  |
| Direction | Region Size       | Region Size       |
|___________|___________________|___________________|
|      North|                1x1|                2x2|
|___________|___________________|___________________|
|      South|                1x1|                1x1|
|___________|___________________|___________________|
|       East|                1x1|                4x4|
|___________|___________________|___________________|
|       West|                1x1|                1x1|
|___________|___________________|___________________|

Phase 4.3.1 Print Estimated Congestion | Checksum: 15958fea5

Time (s): cpu = 00:01:41 ; elapsed = 00:01:04 . Memory (MB): peak = 1995.805 ; gain = 0.000
Phase 4.3 Placer Reporting | Checksum: 15958fea5

Time (s): cpu = 00:01:41 ; elapsed = 00:01:04 . Memory (MB): peak = 1995.805 ; gain = 0.000

Phase 4.4 Final Placement Cleanup
Netlist sorting complete. Time (s): cpu = 00:00:00 ; elapsed = 00:00:00.005 . Memory (MB): peak = 1995.805 ; gain = 0.000

Time (s): cpu = 00:01:41 ; elapsed = 00:01:04 . Memory (MB): peak = 1995.805 ; gain = 0.000
Phase 4 Post Placement Optimization and Clean-Up | Checksum: cbd8c661

Time (s): cpu = 00:01:42 ; elapsed = 00:01:04 . Memory (MB): peak = 1995.805 ; gain = 0.000
Ending Placer Task | Checksum: 79ee1b16

Time (s): cpu = 00:01:42 ; elapsed = 00:01:04 . Memory (MB): peak = 1995.805 ; gain = 0.000
74 Infos, 4 Warnings, 0 Critical Warnings and 0 Errors encountered.
place_design completed successfully
place_design: Time (s): cpu = 00:01:45 ; elapsed = 00:01:06 . Memory (MB): peak = 1995.805 ; gain = 0.000
INFO: [Vivado 12-24838] Running report commands "report_control_sets, report_io, report_utilization" in parallel.
Running report generation with 2 threads.
INFO: [Vivado 12-24828] Executing command : report_io -file bd_0_wrapper_io_placed.rpt
report_io: Time (s): cpu = 00:00:00 ; elapsed = 00:00:00.127 . Memory (MB): peak = 1995.805 ; gain = 0.000
INFO: [Vivado 12-24828] Executing command : report_control_sets -verbose -file bd_0_wrapper_control_sets_placed.rpt
report_control_sets: Time (s): cpu = 00:00:00 ; elapsed = 00:00:00.041 . Memory (MB): peak = 1995.805 ; gain = 0.000
INFO: [Vivado 12-24828] Executing command : report_utilization -file bd_0_wrapper_utilization_placed.rpt -pb bd_0_wrapper_utilization_placed.pb
INFO: [Timing 38-480] Writing timing data to binary archive.
Wrote PlaceDB: Time (s): cpu = 00:00:00 ; elapsed = 00:00:00 . Memory (MB): peak = 1995.805 ; gain = 0.000
Wrote PulsedLatchDB: Time (s): cpu = 00:00:00 ; elapsed = 00:00:00 . Memory (MB): peak = 1995.805 ; gain = 0.000
Writing XDEF routing.
Write ShapeDB Complete: Time (s): cpu = 00:00:00 ; elapsed = 00:00:00.074 . Memory (MB): peak = 1995.805 ; gain = 0.000
Writing XDEF routing logical nets.
Writing XDEF routing special nets.
Wrote RouteStorage: Time (s): cpu = 00:00:01 ; elapsed = 00:00:00.138 . Memory (MB): peak = 1995.805 ; gain = 0.000
Wrote PlaceStorage: Time (s): cpu = 00:00:02 ; elapsed = 00:00:00.937 . Memory (MB): peak = 1995.805 ; gain = 0.000
Wrote Netlist Cache: Time (s): cpu = 00:00:00 ; elapsed = 00:00:00.031 . Memory (MB): peak = 1995.805 ; gain = 0.000
Wrote Device Cache: Time (s): cpu = 00:00:00 ; elapsed = 00:00:00.015 . Memory (MB): peak = 1995.805 ; gain = 0.000
Write Physdb Complete: Time (s): cpu = 00:00:03 ; elapsed = 00:00:01 . Memory (MB): peak = 1995.805 ; gain = 0.000
INFO: [Common 17-1381] The checkpoint 'C:/Users/hp/HW-AFDM-OTFS/hls/proj/mp_S16_small/sol/impl/verilog/project.runs/impl_1/bd_0_wrapper_placed.dcp' has been generated.
Command: phys_opt_design
Attempting to get a license for feature 'Implementation' and/or device 'xc7z020'
INFO: [Common 17-349] Got license for feature 'Implementation' and/or device 'xc7z020'

Starting Initial Update Timing Task
WARNING: [Timing 38-242] The property HD.CLK_SRC of clock port "ap_clk" is not set. In out-of-context mode, this prevents timing estimation for clock delay/skew
Resolution: Set the HD.CLK_SRC property of the out-of-context port to the location of the clock buffer instance in the top-level design

Time (s): cpu = 00:00:04 ; elapsed = 00:00:02 . Memory (MB): peak = 1995.805 ; gain = 0.000
INFO: [Vivado_Tcl 4-2279] Estimated Timing Summary | WNS= 0.259 | TNS= 0.000 | 
INFO: [Vivado_Tcl 4-383] Design worst setup slack (WNS) is greater than or equal to 0.000 ns. All physical synthesis setup optimizations will be skipped.
INFO: [Vivado_Tcl 4-232] No setup violation found. The netlist was not modified.
INFO: [Common 17-83] Releasing license: Implementation
85 Infos, 5 Warnings, 0 Critical Warnings and 0 Errors encountered.
phys_opt_design completed successfully
INFO: [Timing 38-480] Writing timing data to binary archive.
Wrote PlaceDB: Time (s): cpu = 00:00:00 ; elapsed = 00:00:00 . Memory (MB): peak = 1995.805 ; gain = 0.000
Wrote PulsedLatchDB: Time (s): cpu = 00:00:00 ; elapsed = 00:00:00 . Memory (MB): peak = 1995.805 ; gain = 0.000
Writing XDEF routing.
Writing XDEF routing logical nets.
Writing XDEF routing special nets.
Wrote RouteStorage: Time (s): cpu = 00:00:01 ; elapsed = 00:00:00.066 . Memory (MB): peak = 1995.805 ; gain = 0.000
Write ShapeDB Complete: Time (s): cpu = 00:00:01 ; elapsed = 00:00:00.088 . Memory (MB): peak = 1995.805 ; gain = 0.000
Wrote PlaceStorage: Time (s): cpu = 00:00:02 ; elapsed = 00:00:00.893 . Memory (MB): peak = 1995.805 ; gain = 0.000
Wrote Netlist Cache: Time (s): cpu = 00:00:00 ; elapsed = 00:00:00.031 . Memory (MB): peak = 1995.805 ; gain = 0.000
Wrote Device Cache: Time (s): cpu = 00:00:00 ; elapsed = 00:00:00.018 . Memory (MB): peak = 1995.805 ; gain = 0.000
Write Physdb Complete: Time (s): cpu = 00:00:03 ; elapsed = 00:00:01 . Memory (MB): peak = 1995.805 ; gain = 0.000
INFO: [Common 17-1381] The checkpoint 'C:/Users/hp/HW-AFDM-OTFS/hls/proj/mp_S16_small/sol/impl/verilog/project.runs/impl_1/bd_0_wrapper_physopt.dcp' has been generated.
Command: route_design
Attempting to get a license for feature 'Implementation' and/or device 'xc7z020'
INFO: [Common 17-349] Got license for feature 'Implementation' and/or device 'xc7z020'


Starting Routing Task
INFO: [Route 35-254] Multithreading enabled for route_design using a maximum of 2 CPUs

Phase 1 Build RT Design
Checksum: PlaceDB: 177c700d ConstDB: 0 ShapeSum: 4c783819 RouteDB: 15f972f0
WARNING: [Route 35-197] Clock port "ap_clk" does not have an associated HD.CLK_SRC. Without this constraint, timing analysis may not be accurate and upstream checks cannot be done to ensure correct clock placement.
WARNING: [Route 35-198] Port "col_q0[2]" does not have an associated HD.PARTPIN_LOCS, which will prevent the partial routing of the signal "col_q0[2]". Without this partial route, timing analysis to/from this port will not be accurate, and no routing information for this port can be exported.
WARNING: [Route 35-198] Port "col_q0[1]" does not have an associated HD.PARTPIN_LOCS, which will prevent the partial routing of the signal "col_q0[1]". Without this partial route, timing analysis to/from this port will not be accurate, and no routing information for this port can be exported.
WARNING: [Route 35-198] Port "col_q0[5]" does not have an associated HD.PARTPIN_LOCS, which will prevent the partial routing of the signal "col_q0[5]". Without this partial route, timing analysis to/from this port will not be accurate, and no routing information for this port can be exported.
WARNING: [Route 35-198] Port "col_q0[4]" does not have an associated HD.PARTPIN_LOCS, which will prevent the partial routing of the signal "col_q0[4]". Without this partial route, timing analysis to/from this port will not be accurate, and no routing information for this port can be exported.
WARNING: [Route 35-198] Port "col_q0[7]" does not have an associated HD.PARTPIN_LOCS, which will prevent the partial routing of the signal "col_q0[7]". Without this partial route, timing analysis to/from this port will not be accurate, and no routing information for this port can be exported.
WARNING: [Route 35-198] Port "col_q0[6]" does not have an associated HD.PARTPIN_LOCS, which will prevent the partial routing of the signal "col_q0[6]". Without this partial route, timing analysis to/from this port will not be accurate, and no routing information for this port can be exported.
WARNING: [Route 35-198] Port "col_q0[0]" does not have an associated HD.PARTPIN_LOCS, which will prevent the partial routing of the signal "col_q0[0]". Without this partial route, timing analysis to/from this port will not be accurate, and no routing information for this port can be exported.
WARNING: [Route 35-198] Port "col_q0[3]" does not have an associated HD.PARTPIN_LOCS, which will prevent the partial routing of the signal "col_q0[3]". Without this partial route, timing analysis to/from this port will not be accurate, and no routing information for this port can be exported.
WARNING: [Route 35-198] Port "ap_rst" does not have an associated HD.PARTPIN_LOCS, which will prevent the partial routing of the signal "ap_rst". Without this partial route, timing analysis to/from this port will not be accurate, and no routing information for this port can be exported.
WARNING: [Route 35-198] Port "is_data_q0[0]" does not have an associated HD.PARTPIN_LOCS, which will prevent the partial routing of the signal "is_data_q0[0]". Without this partial route, timing analysis to/from this port will not be accurate, and no routing information for this port can be exported.
WARNING: [Route 35-198] Port "ap_ctrl_start" does not have an associated HD.PARTPIN_LOCS, which will prevent the partial routing of the signal "ap_ctrl_start". Without this partial route, timing analysis to/from this port will not be accurate, and no routing information for this port can be exported.
WARNING: [Route 35-198] Port "h_q0[19]" does not have an associated HD.PARTPIN_LOCS, which will prevent the partial routing of the signal "h_q0[19]". Without this partial route, timing analysis to/from this port will not be accurate, and no routing information for this port can be exported.
WARNING: [Route 35-198] Port "h_q0[18]" does not have an associated HD.PARTPIN_LOCS, which will prevent the partial routing of the signal "h_q0[18]". Without this partial route, timing analysis to/from this port will not be accurate, and no routing information for this port can be exported.
WARNING: [Route 35-198] Port "h_q0[17]" does not have an associated HD.PARTPIN_LOCS, which will prevent the partial routing of the signal "h_q0[17]". Without this partial route, timing analysis to/from this port will not be accurate, and no routing information for this port can be exported.
WARNING: [Route 35-198] Port "h_q0[16]" does not have an associated HD.PARTPIN_LOCS, which will prevent the partial routing of the signal "h_q0[16]". Without this partial route, timing analysis to/from this port will not be accurate, and no routing information for this port can be exported.
WARNING: [Route 35-198] Port "h_q0[15]" does not have an associated HD.PARTPIN_LOCS, which will prevent the partial routing of the signal "h_q0[15]". Without this partial route, timing analysis to/from this port will not be accurate, and no routing information for this port can be exported.
WARNING: [Route 35-198] Port "h_q0[14]" does not have an associated HD.PARTPIN_LOCS, which will prevent the partial routing of the signal "h_q0[14]". Without this partial route, timing analysis to/from this port will not be accurate, and no routing information for this port can be exported.
WARNING: [Route 35-198] Port "h_q0[13]" does not have an associated HD.PARTPIN_LOCS, which will prevent the partial routing of the signal "h_q0[13]". Without this partial route, timing analysis to/from this port will not be accurate, and no routing information for this port can be exported.
WARNING: [Route 35-198] Port "h_q0[12]" does not have an associated HD.PARTPIN_LOCS, which will prevent the partial routing of the signal "h_q0[12]". Without this partial route, timing analysis to/from this port will not be accurate, and no routing information for this port can be exported.
WARNING: [Route 35-198] Port "h_q0[11]" does not have an associated HD.PARTPIN_LOCS, which will prevent the partial routing of the signal "h_q0[11]". Without this partial route, timing analysis to/from this port will not be accurate, and no routing information for this port can be exported.
WARNING: [Route 35-198] Port "h_q0[10]" does not have an associated HD.PARTPIN_LOCS, which will prevent the partial routing of the signal "h_q0[10]". Without this partial route, timing analysis to/from this port will not be accurate, and no routing information for this port can be exported.
WARNING: [Route 35-198] Port "y_q0[8]" does not have an associated HD.PARTPIN_LOCS, which will prevent the partial routing of the signal "y_q0[8]". Without this partial route, timing analysis to/from this port will not be accurate, and no routing information for this port can be exported.
WARNING: [Route 35-198] Port "y_q0[10]" does not have an associated HD.PARTPIN_LOCS, which will prevent the partial routing of the signal "y_q0[10]". Without this partial route, timing analysis to/from this port will not be accurate, and no routing information for this port can be exported.
WARNING: [Route 35-198] Port "y_q0[1]" does not have an associated HD.PARTPIN_LOCS, which will prevent the partial routing of the signal "y_q0[1]". Without this partial route, timing analysis to/from this port will not be accurate, and no routing information for this port can be exported.
WARNING: [Route 35-198] Port "y_q0[5]" does not have an associated HD.PARTPIN_LOCS, which will prevent the partial routing of the signal "y_q0[5]". Without this partial route, timing analysis to/from this port will not be accurate, and no routing information for this port can be exported.
WARNING: [Route 35-198] Port "y_q0[7]" does not have an associated HD.PARTPIN_LOCS, which will prevent the partial routing of the signal "y_q0[7]". Without this partial route, timing analysis to/from this port will not be accurate, and no routing information for this port can be exported.
WARNING: [Route 35-198] Port "y_q0[9]" does not have an associated HD.PARTPIN_LOCS, which will prevent the partial routing of the signal "y_q0[9]". Without this partial route, timing analysis to/from this port will not be accurate, and no routing information for this port can be exported.
WARNING: [Route 35-198] Port "y_q0[3]" does not have an associated HD.PARTPIN_LOCS, which will prevent the partial routing of the signal "y_q0[3]". Without this partial route, timing analysis to/from this port will not be accurate, and no routing information for this port can be exported.
WARNING: [Route 35-198] Port "y_q0[6]" does not have an associated HD.PARTPIN_LOCS, which will prevent the partial routing of the signal "y_q0[6]". Without this partial route, timing analysis to/from this port will not be accurate, and no routing information for this port can be exported.
WARNING: [Route 35-198] Port "y_q0[11]" does not have an associated HD.PARTPIN_LOCS, which will prevent the partial routing of the signal "y_q0[11]". Without this partial route, timing analysis to/from this port will not be accurate, and no routing information for this port can be exported.
WARNING: [Route 35-198] Port "y_q0[2]" does not have an associated HD.PARTPIN_LOCS, which will prevent the partial routing of the signal "y_q0[2]". Without this partial route, timing analysis to/from this port will not be accurate, and no routing information for this port can be exported.
WARNING: [Route 35-198] Port "y_q0[4]" does not have an associated HD.PARTPIN_LOCS, which will prevent the partial routing of the signal "y_q0[4]". Without this partial route, timing analysis to/from this port will not be accurate, and no routing information for this port can be exported.
WARNING: [Route 35-198] Port "h_q0[9]" does not have an associated HD.PARTPIN_LOCS, which will prevent the partial routing of the signal "h_q0[9]". Without this partial route, timing analysis to/from this port will not be accurate, and no routing information for this port can be exported.
WARNING: [Route 35-198] Port "h_q0[8]" does not have an associated HD.PARTPIN_LOCS, which will prevent the partial routing of the signal "h_q0[8]". Without this partial route, timing analysis to/from this port will not be accurate, and no routing information for this port can be exported.
WARNING: [Route 35-198] Port "h_q0[7]" does not have an associated HD.PARTPIN_LOCS, which will prevent the partial routing of the signal "h_q0[7]". Without this partial route, timing analysis to/from this port will not be accurate, and no routing information for this port can be exported.
WARNING: [Route 35-198] Port "h_q0[6]" does not have an associated HD.PARTPIN_LOCS, which will prevent the partial routing of the signal "h_q0[6]". Without this partial route, timing analysis to/from this port will not be accurate, and no routing information for this port can be exported.
WARNING: [Route 35-198] Port "h_q0[5]" does not have an associated HD.PARTPIN_LOCS, which will prevent the partial routing of the signal "h_q0[5]". Without this partial route, timing analysis to/from this port will not be accurate, and no routing information for this port can be exported.
WARNING: [Route 35-198] Port "h_q0[4]" does not have an associated HD.PARTPIN_LOCS, which will prevent the partial routing of the signal "h_q0[4]". Without this partial route, timing analysis to/from this port will not be accurate, and no routing information for this port can be exported.
WARNING: [Route 35-198] Port "h_q0[3]" does not have an associated HD.PARTPIN_LOCS, which will prevent the partial routing of the signal "h_q0[3]". Without this partial route, timing analysis to/from this port will not be accurate, and no routing information for this port can be exported.
WARNING: [Route 35-198] Port "h_q0[2]" does not have an associated HD.PARTPIN_LOCS, which will prevent the partial routing of the signal "h_q0[2]". Without this partial route, timing analysis to/from this port will not be accurate, and no routing information for this port can be exported.
WARNING: [Route 35-198] Port "h_q0[1]" does not have an associated HD.PARTPIN_LOCS, which will prevent the partial routing of the signal "h_q0[1]". Without this partial route, timing analysis to/from this port will not be accurate, and no routing information for this port can be exported.
WARNING: [Route 35-198] Port "h_q0[0]" does not have an associated HD.PARTPIN_LOCS, which will prevent the partial routing of the signal "h_q0[0]". Without this partial route, timing analysis to/from this port will not be accurate, and no routing information for this port can be exported.
WARNING: [Route 35-198] Port "drop_q0[13]" does not have an associated HD.PARTPIN_LOCS, which will prevent the partial routing of the signal "drop_q0[13]". Without this partial route, timing analysis to/from this port will not be accurate, and no routing information for this port can be exported.
WARNING: [Route 35-198] Port "drop_q0[12]" does not have an associated HD.PARTPIN_LOCS, which will prevent the partial routing of the signal "drop_q0[12]". Without this partial route, timing analysis to/from this port will not be accurate, and no routing information for this port can be exported.
WARNING: [Route 35-198] Port "n0[10]" does not have an associated HD.PARTPIN_LOCS, which will prevent the partial routing of the signal "n0[10]". Without this partial route, timing analysis to/from this port will not be accurate, and no routing information for this port can be exported.
WARNING: [Route 35-198] Port "n0[8]" does not have an associated HD.PARTPIN_LOCS, which will prevent the partial routing of the signal "n0[8]". Without this partial route, timing analysis to/from this port will not be accurate, and no routing information for this port can be exported.
WARNING: [Route 35-198] Port "y_q0[18]" does not have an associated HD.PARTPIN_LOCS, which will prevent the partial routing of the signal "y_q0[18]". Without this partial route, timing analysis to/from this port will not be accurate, and no routing information for this port can be exported.
WARNING: [Route 35-198] Port "y_q0[20]" does not have an associated HD.PARTPIN_LOCS, which will prevent the partial routing of the signal "y_q0[20]". Without this partial route, timing analysis to/from this port will not be accurate, and no routing information for this port can be exported.
WARNING: [Route 35-198] Port "y_q0[0]" does not have an associated HD.PARTPIN_LOCS, which will prevent the partial routing of the signal "y_q0[0]". Without this partial route, timing analysis to/from this port will not be accurate, and no routing information for this port can be exported.
WARNING: [Route 35-198] Port "drop_q0[11]" does not have an associated HD.PARTPIN_LOCS, which will prevent the partial routing of the signal "drop_q0[11]". Without this partial route, timing analysis to/from this port will not be accurate, and no routing information for this port can be exported.
WARNING: [Route 35-198] Port "drop_q0[10]" does not have an associated HD.PARTPIN_LOCS, which will prevent the partial routing of the signal "drop_q0[10]". Without this partial route, timing analysis to/from this port will not be accurate, and no routing information for this port can be exported.
WARNING: [Route 35-198] Port "drop_q0[9]" does not have an associated HD.PARTPIN_LOCS, which will prevent the partial routing of the signal "drop_q0[9]". Without this partial route, timing analysis to/from this port will not be accurate, and no routing information for this port can be exported.
WARNING: [Route 35-198] Port "drop_q0[8]" does not have an associated HD.PARTPIN_LOCS, which will prevent the partial routing of the signal "drop_q0[8]". Without this partial route, timing analysis to/from this port will not be accurate, and no routing information for this port can be exported.
WARNING: [Route 35-198] Port "n0[11]" does not have an associated HD.PARTPIN_LOCS, which will prevent the partial routing of the signal "n0[11]". Without this partial route, timing analysis to/from this port will not be accurate, and no routing information for this port can be exported.
WARNING: [Route 35-198] Port "n0[12]" does not have an associated HD.PARTPIN_LOCS, which will prevent the partial routing of the signal "n0[12]". Without this partial route, timing analysis to/from this port will not be accurate, and no routing information for this port can be exported.
WARNING: [Route 35-198] Port "n0[13]" does not have an associated HD.PARTPIN_LOCS, which will prevent the partial routing of the signal "n0[13]". Without this partial route, timing analysis to/from this port will not be accurate, and no routing information for this port can be exported.
WARNING: [Route 35-198] Port "n0[9]" does not have an associated HD.PARTPIN_LOCS, which will prevent the partial routing of the signal "n0[9]". Without this partial route, timing analysis to/from this port will not be accurate, and no routing information for this port can be exported.
WARNING: [Route 35-198] Port "y_q0[13]" does not have an associated HD.PARTPIN_LOCS, which will prevent the partial routing of the signal "y_q0[13]". Without this partial route, timing analysis to/from this port will not be accurate, and no routing information for this port can be exported.
WARNING: [Route 35-198] Port "y_q0[16]" does not have an associated HD.PARTPIN_LOCS, which will prevent the partial routing of the signal "y_q0[16]". Without this partial route, timing analysis to/from this port will not be accurate, and no routing information for this port can be exported.
WARNING: [Route 35-198] Port "y_q0[17]" does not have an associated HD.PARTPIN_LOCS, which will prevent the partial routing of the signal "y_q0[17]". Without this partial route, timing analysis to/from this port will not be accurate, and no routing information for this port can be exported.
WARNING: [Route 35-198] Port "y_q0[22]" does not have an associated HD.PARTPIN_LOCS, which will prevent the partial routing of the signal "y_q0[22]". Without this partial route, timing analysis to/from this port will not be accurate, and no routing information for this port can be exported.
WARNING: [Route 35-198] Port "y_q0[23]" does not have an associated HD.PARTPIN_LOCS, which will prevent the partial routing of the signal "y_q0[23]". Without this partial route, timing analysis to/from this port will not be accurate, and no routing information for this port can be exported.
WARNING: [Route 35-198] Port "y_q0[19]" does not have an associated HD.PARTPIN_LOCS, which will prevent the partial routing of the signal "y_q0[19]". Without this partial route, timing analysis to/from this port will not be accurate, and no routing information for this port can be exported.
WARNING: [Route 35-198] Port "y_q0[21]" does not have an associated HD.PARTPIN_LOCS, which will prevent the partial routing of the signal "y_q0[21]". Without this partial route, timing analysis to/from this port will not be accurate, and no routing information for this port can be exported.
WARNING: [Route 35-198] Port "drop_q0[7]" does not have an associated HD.PARTPIN_LOCS, which will prevent the partial routing of the signal "drop_q0[7]". Without this partial route, timing analysis to/from this port will not be accurate, and no routing information for this port can be exported.
WARNING: [Route 35-198] Port "drop_q0[6]" does not have an associated HD.PARTPIN_LOCS, which will prevent the partial routing of the signal "drop_q0[6]". Without this partial route, timing analysis to/from this port will not be accurate, and no routing information for this port can be exported.
WARNING: [Route 35-198] Port "drop_q0[5]" does not have an associated HD.PARTPIN_LOCS, which will prevent the partial routing of the signal "drop_q0[5]". Without this partial route, timing analysis to/from this port will not be accurate, and no routing information for this port can be exported.
WARNING: [Route 35-198] Port "drop_q0[4]" does not have an associated HD.PARTPIN_LOCS, which will prevent the partial routing of the signal "drop_q0[4]". Without this partial route, timing analysis to/from this port will not be accurate, and no routing information for this port can be exported.
WARNING: [Route 35-198] Port "y_q0[15]" does not have an associated HD.PARTPIN_LOCS, which will prevent the partial routing of the signal "y_q0[15]". Without this partial route, timing analysis to/from this port will not be accurate, and no routing information for this port can be exported.
WARNING: [Route 35-198] Port "y_q0[12]" does not have an associated HD.PARTPIN_LOCS, which will prevent the partial routing of the signal "y_q0[12]". Without this partial route, timing analysis to/from this port will not be accurate, and no routing information for this port can be exported.
WARNING: [Route 35-198] Port "y_q0[14]" does not have an associated HD.PARTPIN_LOCS, which will prevent the partial routing of the signal "y_q0[14]". Without this partial route, timing analysis to/from this port will not be accurate, and no routing information for this port can be exported.
WARNING: [Route 35-198] Port "drop_q0[3]" does not have an associated HD.PARTPIN_LOCS, which will prevent the partial routing of the signal "drop_q0[3]". Without this partial route, timing analysis to/from this port will not be accurate, and no routing information for this port can be exported.
WARNING: [Route 35-198] Port "drop_q0[2]" does not have an associated HD.PARTPIN_LOCS, which will prevent the partial routing of the signal "drop_q0[2]". Without this partial route, timing analysis to/from this port will not be accurate, and no routing information for this port can be exported.
WARNING: [Route 35-198] Port "drop_q0[1]" does not have an associated HD.PARTPIN_LOCS, which will prevent the partial routing of the signal "drop_q0[1]". Without this partial route, timing analysis to/from this port will not be accurate, and no routing information for this port can be exported.
WARNING: [Route 35-198] Port "drop_q0[0]" does not have an associated HD.PARTPIN_LOCS, which will prevent the partial routing of the signal "drop_q0[0]". Without this partial route, timing analysis to/from this port will not be accurate, and no routing information for this port can be exported.
WARNING: [Route 35-198] Port "n0[2]" does not have an associated HD.PARTPIN_LOCS, which will prevent the partial routing of the signal "n0[2]". Without this partial route, timing analysis to/from this port will not be accurate, and no routing information for this port can be exported.
WARNING: [Route 35-198] Port "n0[3]" does not have an associated HD.PARTPIN_LOCS, which will prevent the partial routing of the signal "n0[3]". Without this partial route, timing analysis to/from this port will not be accurate, and no routing information for this port can be exported.
WARNING: [Route 35-198] Port "n0[4]" does not have an associated HD.PARTPIN_LOCS, which will prevent the partial routing of the signal "n0[4]". Without this partial route, timing analysis to/from this port will not be accurate, and no routing information for this port can be exported.
WARNING: [Route 35-198] Port "n0[5]" does not have an associated HD.PARTPIN_LOCS, which will prevent the partial routing of the signal "n0[5]". Without this partial route, timing analysis to/from this port will not be accurate, and no routing information for this port can be exported.
WARNING: [Route 35-198] Port "n0[0]" does not have an associated HD.PARTPIN_LOCS, which will prevent the partial routing of the signal "n0[0]". Without this partial route, timing analysis to/from this port will not be accurate, and no routing information for this port can be exported.
WARNING: [Route 35-198] Port "n0[1]" does not have an associated HD.PARTPIN_LOCS, which will prevent the partial routing of the signal "n0[1]". Without this partial route, timing analysis to/from this port will not be accurate, and no routing information for this port can be exported.
WARNING: [Route 35-198] Port "n0[6]" does not have an associated HD.PARTPIN_LOCS, which will prevent the partial routing of the signal "n0[6]". Without this partial route, timing analysis to/from this port will not be accurate, and no routing information for this port can be exported.
WARNING: [Route 35-198] Port "n0[7]" does not have an associated HD.PARTPIN_LOCS, which will prevent the partial routing of the signal "n0[7]". Without this partial route, timing analysis to/from this port will not be accurate, and no routing information for this port can be exported.
WARNING: [Constraints 18-8777] Unable to split tiles. All required files are not available.
Post Restoration Checksum: NetGraph: 3d924539 | NumContArr: d71ee7c2 | Constraints: c2a8fa9d | Timing: c2a8fa9d
Phase 1 Build RT Design | Checksum: 29a032235

Time (s): cpu = 00:00:36 ; elapsed = 00:00:30 . Memory (MB): peak = 1995.805 ; gain = 0.000

Phase 2 Router Initialization

Phase 2.1 Fix Topology Constraints
Phase 2.1 Fix Topology Constraints | Checksum: 29a032235

Time (s): cpu = 00:00:36 ; elapsed = 00:00:30 . Memory (MB): peak = 1995.805 ; gain = 0.000

Phase 2.2 Pre Route Cleanup
Phase 2.2 Pre Route Cleanup | Checksum: 29a032235

Time (s): cpu = 00:00:36 ; elapsed = 00:00:30 . Memory (MB): peak = 1995.805 ; gain = 0.000
 Number of Nodes with overlaps = 0

Phase 2.3 Update Timing
Phase 2.3 Update Timing | Checksum: 276c290f3

Time (s): cpu = 00:00:42 ; elapsed = 00:00:33 . Memory (MB): peak = 1995.805 ; gain = 0.000
INFO: [Route 35-416] Intermediate Timing Summary | WNS=0.292  | TNS=0.000  | WHS=0.099  | THS=0.000  |


Phase 2.4 Soft Constraint Pins - Fast Budgeting
Phase 2.4 Soft Constraint Pins - Fast Budgeting | Checksum: 297c85bfc

Time (s): cpu = 00:00:44 ; elapsed = 00:00:35 . Memory (MB): peak = 1995.805 ; gain = 0.000

Router Utilization Summary
  Global Vertical Routing Utilization    = 0 %
  Global Horizontal Routing Utilization  = 0 %
  Routable Net Status*
  *Does not include unroutable nets such as driverless and loadless.
  Run report_route_status for detailed report.
  Number of Failed Nets               = 12184
    (Failed Nets is the sum of unrouted and partially routed nets)
  Number of Unrouted Nets             = 12183
  Number of Partially Routed Nets     = 1
  Number of Node Overlaps             = 0

Phase 2 Router Initialization | Checksum: 297c85bfc

Time (s): cpu = 00:00:45 ; elapsed = 00:00:35 . Memory (MB): peak = 1995.805 ; gain = 0.000

Phase 3 Global Routing
Phase 3 Global Routing | Checksum: 297c85bfc

Time (s): cpu = 00:00:45 ; elapsed = 00:00:35 . Memory (MB): peak = 1995.805 ; gain = 0.000

Phase 4 Initial Routing

Phase 4.1 Initial Net Routing Pass
Phase 4.1 Initial Net Routing Pass | Checksum: 2b5acdf4a

Time (s): cpu = 00:00:48 ; elapsed = 00:00:37 . Memory (MB): peak = 1995.805 ; gain = 0.000
Phase 4 Initial Routing | Checksum: 2b5acdf4a

Time (s): cpu = 00:00:48 ; elapsed = 00:00:37 . Memory (MB): peak = 1995.805 ; gain = 0.000

Phase 5 Rip-up And Reroute

Phase 5.1 Global Iteration 0
 Number of Nodes with overlaps = 612
 Number of Nodes with overlaps = 73
 Number of Nodes with overlaps = 28
 Number of Nodes with overlaps = 11
 Number of Nodes with overlaps = 10
 Number of Nodes with overlaps = 4
 Number of Nodes with overlaps = 1
 Number of Nodes with overlaps = 1
 Number of Nodes with overlaps = 0
INFO: [Route 35-416] Intermediate Timing Summary | WNS=0.269  | TNS=0.000  | WHS=N/A    | THS=N/A    |

Phase 5.1 Global Iteration 0 | Checksum: 1bb3f7e3e

Time (s): cpu = 00:00:56 ; elapsed = 00:00:43 . Memory (MB): peak = 1995.805 ; gain = 0.000
Phase 5 Rip-up And Reroute | Checksum: 1bb3f7e3e

Time (s): cpu = 00:00:56 ; elapsed = 00:00:43 . Memory (MB): peak = 1995.805 ; gain = 0.000

Phase 6 Delay and Skew Optimization

Phase 6.1 Delay CleanUp
Phase 6.1 Delay CleanUp | Checksum: 1bb3f7e3e

Time (s): cpu = 00:00:56 ; elapsed = 00:00:43 . Memory (MB): peak = 1995.805 ; gain = 0.000

Phase 6.2 Clock Skew Optimization
Phase 6.2 Clock Skew Optimization | Checksum: 1bb3f7e3e

Time (s): cpu = 00:00:56 ; elapsed = 00:00:43 . Memory (MB): peak = 1995.805 ; gain = 0.000
Phase 6 Delay and Skew Optimization | Checksum: 1bb3f7e3e

Time (s): cpu = 00:00:56 ; elapsed = 00:00:43 . Memory (MB): peak = 1995.805 ; gain = 0.000

Phase 7 Post Hold Fix

Phase 7.1 Hold Fix Iter
INFO: [Route 35-416] Intermediate Timing Summary | WNS=0.269  | TNS=0.000  | WHS=0.101  | THS=0.000  |

Phase 7.1 Hold Fix Iter | Checksum: 1ed9c2def

Time (s): cpu = 00:00:57 ; elapsed = 00:00:43 . Memory (MB): peak = 1995.805 ; gain = 0.000
Phase 7 Post Hold Fix | Checksum: 1ed9c2def

Time (s): cpu = 00:00:57 ; elapsed = 00:00:43 . Memory (MB): peak = 1995.805 ; gain = 0.000

Phase 8 Route finalize

Router Utilization Summary
  Global Vertical Routing Utilization    = 1.72238 %
  Global Horizontal Routing Utilization  = 2.75659 %
  Routable Net Status*
  *Does not include unroutable nets such as driverless and loadless.
  Run report_route_status for detailed report.
  Number of Failed Nets               = 0
    (Failed Nets is the sum of unrouted and partially routed nets)
  Number of Unrouted Nets             = 0
  Number of Partially Routed Nets     = 0
  Number of Node Overlaps             = 0

Phase 8 Route finalize | Checksum: 1ed9c2def

Time (s): cpu = 00:00:57 ; elapsed = 00:00:43 . Memory (MB): peak = 1995.805 ; gain = 0.000

Phase 9 Verifying routed nets

 Verification completed successfully
Phase 9 Verifying routed nets | Checksum: 1ed9c2def

Time (s): cpu = 00:00:57 ; elapsed = 00:00:43 . Memory (MB): peak = 1995.805 ; gain = 0.000

Phase 10 Depositing Routes
Phase 10 Depositing Routes | Checksum: 239732146

Time (s): cpu = 00:00:59 ; elapsed = 00:00:45 . Memory (MB): peak = 1995.805 ; gain = 0.000

Phase 11 Post Process Routing
Phase 11 Post Process Routing | Checksum: 239732146

Time (s): cpu = 00:00:59 ; elapsed = 00:00:45 . Memory (MB): peak = 1995.805 ; gain = 0.000

Phase 12 Post Router Timing
INFO: [Route 35-57] Estimated Timing Summary | WNS=0.269  | TNS=0.000  | WHS=0.101  | THS=0.000  |

INFO: [Route 35-327] The final timing numbers are based on the router estimated timing analysis. For a complete and accurate timing signoff, please run report_timing_summary.
Phase 12 Post Router Timing | Checksum: 239732146

Time (s): cpu = 00:00:59 ; elapsed = 00:00:45 . Memory (MB): peak = 1995.805 ; gain = 0.000
Total Elapsed time in route_design: 45.006 secs

Phase 13 Post-Route Event Processing
Phase 13 Post-Route Event Processing | Checksum: 121df02f7

Time (s): cpu = 00:00:59 ; elapsed = 00:00:45 . Memory (MB): peak = 1995.805 ; gain = 0.000
INFO: [Route 35-16] Router Completed Successfully
Ending Routing Task | Checksum: 121df02f7

Time (s): cpu = 00:00:59 ; elapsed = 00:00:45 . Memory (MB): peak = 1995.805 ; gain = 0.000

Routing Is Done.
INFO: [Common 17-83] Releasing license: Implementation
96 Infos, 90 Warnings, 0 Critical Warnings and 0 Errors encountered.
route_design completed successfully
route_design: Time (s): cpu = 00:00:59 ; elapsed = 00:00:45 . Memory (MB): peak = 1995.805 ; gain = 0.000
INFO: [Vivado 12-24828] Executing command : report_drc -file bd_0_wrapper_drc_routed.rpt -pb bd_0_wrapper_drc_routed.pb -rpx bd_0_wrapper_drc_routed.rpx
Command: report_drc -file bd_0_wrapper_drc_routed.rpt -pb bd_0_wrapper_drc_routed.pb -rpx bd_0_wrapper_drc_routed.rpx
INFO: [IP_Flow 19-1839] IP Catalog is up to date.
INFO: [DRC 23-27] Running DRC with 2 threads
WARNING: [DRC 23-814] Not all possible (connectivity based) DRCs may have been run because this design is seen as Out of Context.
INFO: [Vivado_Tcl 2-168] The results of DRC are in file C:/Users/hp/HW-AFDM-OTFS/hls/proj/mp_S16_small/sol/impl/verilog/project.runs/impl_1/bd_0_wrapper_drc_routed.rpt.
report_drc completed successfully
report_drc: Time (s): cpu = 00:00:11 ; elapsed = 00:00:06 . Memory (MB): peak = 1995.805 ; gain = 0.000
INFO: [Vivado 12-24828] Executing command : report_methodology -file bd_0_wrapper_methodology_drc_routed.rpt -pb bd_0_wrapper_methodology_drc_routed.pb -rpx bd_0_wrapper_methodology_drc_routed.rpx
Command: report_methodology -file bd_0_wrapper_methodology_drc_routed.rpt -pb bd_0_wrapper_methodology_drc_routed.pb -rpx bd_0_wrapper_methodology_drc_routed.rpx
INFO: [Timing 38-35] Done setting XDC timing constraints.
WARNING: [Timing 38-242] The property HD.CLK_SRC of clock port "ap_clk" is not set. In out-of-context mode, this prevents timing estimation for clock delay/skew
Resolution: Set the HD.CLK_SRC property of the out-of-context port to the location of the clock buffer instance in the top-level design
INFO: [DRC 23-133] Running Methodology with 2 threads
WARNING: [DRC 23-814] Not all possible (connectivity based) DRCs may have been run because this design is seen as Out of Context.
INFO: [Vivado_Tcl 2-1520] The results of Report Methodology are in file C:/Users/hp/HW-AFDM-OTFS/hls/proj/mp_S16_small/sol/impl/verilog/project.runs/impl_1/bd_0_wrapper_methodology_drc_routed.rpt.
report_methodology completed successfully
report_drc: Time (s): cpu = 00:00:13 ; elapsed = 00:00:07 . Memory (MB): peak = 1995.805 ; gain = 0.000
INFO: [Vivado 12-24828] Executing command : report_timing_summary -max_paths 10 -routable_nets -report_unconstrained -file bd_0_wrapper_timing_summary_routed.rpt -pb bd_0_wrapper_timing_summary_routed.pb -rpx bd_0_wrapper_timing_summary_routed.rpx -warn_on_violation 
INFO: [Timing 38-35] Done setting XDC timing constraints.
INFO: [Timing 38-91] UpdateTimingParams: Speed grade: -1, Delay Type: min_max.
INFO: [Timing 38-191] Multithreading enabled for timing update using a maximum of 2 CPUs
INFO: [Vivado 12-24838] Running report commands "report_incremental_reuse, report_route_status" in parallel.
Running report generation with 2 threads.
INFO: [Vivado 12-24828] Executing command : report_incremental_reuse -file bd_0_wrapper_incremental_reuse_routed.rpt
INFO: [Vivado_Tcl 4-1062] Incremental flow is disabled. No incremental reuse Info to report.
INFO: [Vivado 12-24828] Executing command : report_route_status -file bd_0_wrapper_route_status.rpt -pb bd_0_wrapper_route_status.pb
INFO: [Vivado 12-24828] Executing command : report_power -file bd_0_wrapper_power_routed.rpt -pb bd_0_wrapper_power_summary_routed.pb -rpx bd_0_wrapper_power_routed.rpx
Command: report_power -file bd_0_wrapper_power_routed.rpt -pb bd_0_wrapper_power_summary_routed.pb -rpx bd_0_wrapper_power_routed.rpx
Running Vector-less Activity Propagation...

Finished Running Vector-less Activity Propagation
113 Infos, 93 Warnings, 0 Critical Warnings and 0 Errors encountered.
report_power completed successfully
INFO: [Vivado 12-24828] Executing command : report_clock_utilization -file bd_0_wrapper_clock_utilization_routed.rpt
INFO: [Vivado 12-24828] Executing command : report_bus_skew -warn_on_violation -file bd_0_wrapper_bus_skew_routed.rpt -pb bd_0_wrapper_bus_skew_routed.pb -rpx bd_0_wrapper_bus_skew_routed.rpx
INFO: [Timing 38-91] UpdateTimingParams: Speed grade: -1, Delay Type: min_max.
INFO: [Timing 38-191] Multithreading enabled for timing update using a maximum of 2 CPUs
generate_parallel_reports: Time (s): cpu = 00:00:30 ; elapsed = 00:00:19 . Memory (MB): peak = 1995.805 ; gain = 0.000
INFO: [Timing 38-480] Writing timing data to binary archive.
Wrote PlaceDB: Time (s): cpu = 00:00:00 ; elapsed = 00:00:00 . Memory (MB): peak = 1995.805 ; gain = 0.000
Wrote PulsedLatchDB: Time (s): cpu = 00:00:00 ; elapsed = 00:00:00.001 . Memory (MB): peak = 1995.805 ; gain = 0.000
Writing XDEF routing.
Writing XDEF routing logical nets.
Write ShapeDB Complete: Time (s): cpu = 00:00:01 ; elapsed = 00:00:00.080 . Memory (MB): peak = 1995.805 ; gain = 0.000
Writing XDEF routing special nets.
Wrote RouteStorage: Time (s): cpu = 00:00:01 ; elapsed = 00:00:00.233 . Memory (MB): peak = 1995.805 ; gain = 0.000
Wrote PlaceStorage: Time (s): cpu = 00:00:02 ; elapsed = 00:00:00.836 . Memory (MB): peak = 1995.805 ; gain = 0.000
Wrote Netlist Cache: Time (s): cpu = 00:00:00 ; elapsed = 00:00:00.030 . Memory (MB): peak = 1995.805 ; gain = 0.000
Wrote Device Cache: Time (s): cpu = 00:00:00 ; elapsed = 00:00:00.014 . Memory (MB): peak = 1995.805 ; gain = 0.000
Write Physdb Complete: Time (s): cpu = 00:00:03 ; elapsed = 00:00:01 . Memory (MB): peak = 1995.805 ; gain = 0.000
INFO: [Common 17-1381] The checkpoint 'C:/Users/hp/HW-AFDM-OTFS/hls/proj/mp_S16_small/sol/impl/verilog/project.runs/impl_1/bd_0_wrapper_routed.dcp' has been generated.
INFO: [Common 17-206] Exiting Vivado at Tue Sep 29 23:02:07 2026...
[Tue Sep 29 23:02:10 2026] impl_1 finished
wait_on_runs: Time (s): cpu = 00:00:01 ; elapsed = 00:03:11 . Memory (MB): peak = 1762.457 ; gain = 0.000
TIMESTAMP: HLS-REPORT: implementation open_run: 2026-09-29 23:02:10 +0530
INFO: HLS-REPORT: Opening implementation design database: open_run impl_1
Netlist sorting complete. Time (s): cpu = 00:00:00 ; elapsed = 00:00:00.215 . Memory (MB): peak = 1762.457 ; gain = 0.000
INFO: [Netlist 29-17] Analyzing 1245 Unisim elements for replacement
INFO: [Netlist 29-28] Unisim Transformation completed in 0 CPU seconds
INFO: [Project 1-479] Netlist was created with Vivado 2025.2
INFO: [Project 1-570] Preparing netlist for logic optimization
Read ShapeDB Complete: Time (s): cpu = 00:00:00 ; elapsed = 00:00:00.153 . Memory (MB): peak = 1824.910 ; gain = 5.480
INFO: [Timing 38-478] Restoring timing data from binary archive.
INFO: [Timing 38-479] Binary timing data restore complete.
INFO: [Project 1-856] Restoring constraints from binary archive.
INFO: [Project 1-853] Binary constraint restore complete.
INFO: [Designutils 20-5722] Start Reading Physical Databases.
Reading placement.
Read Netlist Cache: Time (s): cpu = 00:00:00 ; elapsed = 00:00:00.023 . Memory (MB): peak = 1977.906 ; gain = 0.000
Reading placer database...
Read Device Cache: Time (s): cpu = 00:00:00 ; elapsed = 00:00:00.020 . Memory (MB): peak = 1977.906 ; gain = 0.000
Read PlaceDB: Time (s): cpu = 00:00:00 ; elapsed = 00:00:00.001 . Memory (MB): peak = 1977.906 ; gain = 0.000
Read placeStorage: Time (s): cpu = 00:00:01 ; elapsed = 00:00:00.518 . Memory (MB): peak = 1977.906 ; gain = 0.000
Read PulsedLatchDB: Time (s): cpu = 00:00:00 ; elapsed = 00:00:00 . Memory (MB): peak = 1977.906 ; gain = 0.000
Reading routing.
Read RouteStorage: Time (s): cpu = 00:00:00 ; elapsed = 00:00:00.206 . Memory (MB): peak = 1978.703 ; gain = 0.797
Read Physdb Files: Time (s): cpu = 00:00:01 ; elapsed = 00:00:00.793 . Memory (MB): peak = 1978.703 ; gain = 0.797
Restored from archive | CPU: 1.000000 secs | Memory: 0.000000 MB |
Finished XDEF File Restore: Time (s): cpu = 00:00:01 ; elapsed = 00:00:00.795 . Memory (MB): peak = 1978.703 ; gain = 0.797
Netlist sorting complete. Time (s): cpu = 00:00:00 ; elapsed = 00:00:00.007 . Memory (MB): peak = 1984.289 ; gain = 0.000
INFO: [Project 1-111] Unisim Transformation Summary:
  A total of 45 instances were transformed.
  RAM16X1S => RAM32X1S (RAMS32): 42 instances
  RAM256X1S => RAM256X1S (MUXF7(x2), MUXF8, RAMS64E(x4)): 2 instances
  SRLC32E => SRL16E: 1 instance 

open_run: Time (s): cpu = 00:00:06 ; elapsed = 00:00:07 . Memory (MB): peak = 1984.289 ; gain = 221.832
TIMESTAMP: HLS-REPORT: implementation generate_reports_vivado: 2026-09-29 23:02:17 +0530
INFO: HLS-REPORT: Running report: report_utilization -file ./report/mp_detect_utilization_routed.rpt
INFO: HLS-REPORT: Running report: report_utilization -hierarchical -hierarchical_depth 7 -file ./report/mp_detect_utilization_hierarchical_routed.rpt
INFO: HLS-REPORT: Running report: report_timing_summary -file ./report/mp_detect_timing_routed.rpt
INFO: [Timing 38-91] UpdateTimingParams: Speed grade: -1, Delay Type: min_max.
INFO: [Timing 38-191] Multithreading enabled for timing update using a maximum of 2 CPUs
WARNING: [Timing 38-242] The property HD.CLK_SRC of clock port "ap_clk" is not set. In out-of-context mode, this prevents timing estimation for clock delay/skew
Resolution: Set the HD.CLK_SRC property of the out-of-context port to the location of the clock buffer instance in the top-level design
report_timing_summary: Time (s): cpu = 00:00:12 ; elapsed = 00:00:07 . Memory (MB): peak = 2015.676 ; gain = 30.602
INFO: HLS-REPORT: Running report: report_power -file ./report/mp_detect_power_routed.rpt -xpe ./mp_detect_power.xpe
Command: report_power -file ./report/mp_detect_power_routed.rpt -xpe ./mp_detect_power.xpe
Running Vector-less Activity Propagation...

Finished Running Vector-less Activity Propagation
13 Infos, 2 Warnings, 0 Critical Warnings and 0 Errors encountered.
report_power completed successfully
report_power: Time (s): cpu = 00:00:09 ; elapsed = 00:00:05 . Memory (MB): peak = 2070.449 ; gain = 54.773
INFO: HLS-REPORT: Running report: report_route_status -file ./report/mp_detect_status_routed.rpt
INFO: HLS-REPORT: Running report: report_timing -max_paths 10 -file ./report/mp_detect_timing_paths_routed.rpt
INFO: [Timing 38-91] UpdateTimingParams: Speed grade: -1, Delay Type: max.
INFO: [Timing 38-191] Multithreading enabled for timing update using a maximum of 2 CPUs
INFO: [Timing 38-78] ReportTimingParams: -max_paths 10 -nworst 1 -delay_type max -sort_by slack.
INFO: HLS-REPORT: Running report: report_design_analysis -file ./report/mp_detect_design_analysis_routed.rpt
INFO: HLS-REPORT: Running report: ::tclapp::xilinx::designutils::report_failfast -detailed_report impl -file ./report/mp_detect_failfast_routed.rpt
 -I- design metrics completed in 1 seconds
 -I- DONT_TOUCH metric completed in 1 seconds
 -I- MARK_DEBUG metric completed in 1 seconds
 -I- utilization metrics completed in 1 seconds
 -I- control set metrics completed in 0 seconds
 -I- methodology check metrics completed in 2 seconds
 -I- average fanout metrics completed in 5 seconds (0 modules)
 -I- non-FD high fanout nets completed in 2 seconds
 -I- path budgeting metrics completed in 1 seconds
#  +-----------------------------------------------------------------------------------------+
#  | Design Summary                                                                          |
#  | impl_1                                                                                  |
#  | xc7z020clg484-1                                                                         |
#  +-----------------------------------------------------------+-----------+--------+--------+
#  | Criteria                                                  | Guideline | Actual | Status |
#  +-----------------------------------------------------------+-----------+--------+--------+
#  | LUT                                                       | 70%       | 11.39% | OK     |
#  | FD                                                        | 50%       | 4.82%  | OK     |
#  | LUTRAM+SRL                                                | 25%       | 1.48%  | OK     |
#  | MUXF7                                                     | 15%       | 0.02%  | OK     |
#  | DSP                                                       | 80%       | 26.36% | OK     |
#  | RAMB/FIFO                                                 | 80%       | 11.43% | OK     |
#  | DSP+RAMB+URAM (Avg)                                       | 70%       | 18.89% | OK     |
#  | BUFGCE* + BUFGCTRL                                        | 24        | 0      | OK     |
#  | DONT_TOUCH (cells/nets)                                   | 0         | 0      | OK     |
#  | MARK_DEBUG (nets)                                         | 0         | 0      | OK     |
#  | Control Sets                                              | 998       | 73     | OK     |
#  | Average Fanout for modules > 100k cells                   | 4         | 2.01   | OK     |
#  | Max Average Fanout for modules > 100k cells               | 4         | 0      | OK     |
#  | Non-FD high fanout nets > 10k loads                       | 0         | 0      | OK     |
#  +-----------------------------------------------------------+-----------+--------+--------+
#  | TIMING-6 (No common primary clock between related clocks) | 0         | 0      | OK     |
#  | TIMING-7 (No common node between related clocks)          | 0         | 0      | OK     |
#  | TIMING-8 (No common period between related clocks)        | 0         | 0      | OK     |
#  | TIMING-14 (LUT on the clock tree)                         | 0         | 0      | OK     |
#  | TIMING-35 (No common node in paths with the same clock)   | 0         | 0      | OK     |
#  +-----------------------------------------------------------+-----------+--------+--------+
#  | Number of paths above max LUT budgeting (0.575ns)         | 0         | 0      | OK     |
#  | Number of paths above max Net budgeting (0.403ns)         | 0         | 0      | OK     |
#  +-----------------------------------------------------------+-----------+--------+--------+
 -I- Generated file C:/Users/hp/HW-AFDM-OTFS/hls/proj/mp_S16_small/sol/impl/verilog/report/mp_detect_failfast_routed.rpt
 -I- Number of criteria to review: 0
 -I- This report should be run before placing the design and uses conservative guidelines beyond which runtime and timing closure will likely be more challenging
 -I- report_failfast completed in 14 seconds
TIMESTAMP: HLS-REPORT: implementation gen_data_dict_vivado: 2026-09-29 23:02:46 +0530
TIMESTAMP: HLS-REPORT: impl extract_util_hier: 2026-09-29 23:02:46 +0530
TIMESTAMP: HLS-REPORT: impl get_cell_hier_data: 2026-09-29 23:02:46 +0530
TIMESTAMP: HLS-REPORT: impl get_timing_paths: 2026-09-29 23:02:46 +0530
TIMESTAMP: HLS-REPORT: impl process timing paths: 2026-09-29 23:02:46 +0530
TIMESTAMP: HLS-REPORT: impl get_all_vv_rpt_files: 2026-09-29 23:02:46 +0530
TIMESTAMP: HLS-REPORT: implementation write_reports_vivado: 2026-09-29 23:02:46 +0530
HLS EXTRACTION: impl area_totals:  13300 53200 106400 220 280 0 0
HLS EXTRACTION: impl area_current: 2228 6062 5129 58 32 0 208 0 0 0
HLS EXTRACTION: impl resources_dict: AVAIL_SLICE 13300 SLICE 2228 AVAIL_LUT 53200 LUT 6062 AVAIL_FF 106400 FF 5129 AVAIL_DSP 220 DSP 58 AVAIL_BRAM 280 BRAM 32 AVAIL_URAM 0 URAM 0 LATCH 0 SRL 208 AVAIL_CLB 0 CLB 0
INFO: HLS-REPORT: generated C:/Users/hp/HW-AFDM-OTFS/hls/proj/mp_S16_small/sol/impl/verilog/report/vivado_impl.xml
INFO: HLS-REPORT: generated C:/Users/hp/HW-AFDM-OTFS/hls/proj/mp_S16_small/sol/impl/report/verilog/mp_detect_export.rpt


Implementation tool: Xilinx Vivado v.2025.2
Project:             mp_S16_small
Solution:            sol
Device target:       xc7z020-clg484-1
Report date:         Tue Sep 29 23:02:46 +0530 2026

#=== Post-Implementation Resource usage ===
SLICE:         2228
LUT:           6062
FF:            5129
DSP:             58
BRAM:            32
URAM:             0
LATCH:            0
SRL:            208
CLB:              0

#=== Final timing ===
CP required:                     10.000
CP achieved post-synthesis:      9.652
CP achieved post-implementation: 9.729
Timing met

TIMESTAMP: HLS-REPORT: implementation end: 2026-09-29 23:02:46 +0530
INFO: HLS-REPORT: impl run complete: worst setup slack (WNS)=0.270552, worst hold slack (WHS)=0.102162, total pulse width slack(TPWS)=0.000000, number of unrouted nets=0
# hls_vivado_reports_finalize $report_options
TIMESTAMP: HLS-REPORT: all reports complete: 2026-09-29 23:02:46 +0530
INFO: [Common 17-206] Exiting Vivado at Tue Sep 29 23:02:46 2026...
INFO: [HLS 200-802] Generated output file mp_S16_small/sol/impl/export.zip
INFO: [HLS 200-2161] Finished Command export_design Elapsed time: 00:26:11; Allocated memory: 6.223 MB.
INFO: [HLS 200-112] Total CPU user time: 12 seconds. Total CPU system time: 6 seconds. Total elapsed time: 1626.47 seconds; peak allocated memory: 375.426 MB.
INFO: [vitis-run 60-791] Total elapsed time: 0h 27m 7s
INFO: [vitis-run 60-1662] Stopping dispatch session having empty uuid.
